<?xml version="1.0" encoding="UTF-8"?>
<gpx version="1.1" creator="The Ride Atlas - therideatlas.com"
     xmlns="http://www.topografix.com/GPX/1/1"
     xmlns:xsi="http://www.w3.org/2001/XMLSchema-instance"
     xsi:schemaLocation="http://www.topografix.com/GPX/1/1 http://www.topografix.com/GPX/1/1/gpx.xsd">
  <metadata>
    <name>complete</name>
    <time>2026-07-14T16:47:09.100Z</time>
    <link href="https://therideatlas.com">
      <text>The Ride Atlas - Cycling Routes &amp; Guides</text>
    </link>
  </metadata>
  <trk>
    <name>complete</name>
    <trkseg>
      <trkpt lat="43.1512220" lon="-4.9180020">
        <ele>919.8</ele>
      </trkpt>
      <trkpt lat="43.1514360" lon="-4.9176850">
        <ele>919.8</ele>
      </trkpt>
      <trkpt lat="43.1516580" lon="-4.9177700">
        <ele>919.8</ele>
      </trkpt>
      <trkpt lat="43.1517700" lon="-4.9178970">
        <ele>919.8</ele>
      </trkpt>
      <trkpt lat="43.1518170" lon="-4.9179180">
        <ele>919.8</ele>
      </trkpt>
      <trkpt lat="43.1519060" lon="-4.9184450">
        <ele>919.0</ele>
      </trkpt>
      <trkpt lat="43.1519050" lon="-4.9185770">
        <ele>918.6</ele>
      </trkpt>
      <trkpt lat="43.1519390" lon="-4.9188890">
        <ele>917.8</ele>
      </trkpt>
      <trkpt lat="43.1519380" lon="-4.9189690">
        <ele>917.6</ele>
      </trkpt>
      <trkpt lat="43.1518990" lon="-4.9190880">
        <ele>917.2</ele>
      </trkpt>
      <trkpt lat="43.1522550" lon="-4.9192490">
        <ele>915.8</ele>
      </trkpt>
      <trkpt lat="43.1524820" lon="-4.9194160">
        <ele>914.9</ele>
      </trkpt>
      <trkpt lat="43.1524840" lon="-4.9199340">
        <ele>913.5</ele>
      </trkpt>
      <trkpt lat="43.1524110" lon="-4.9202610">
        <ele>913.2</ele>
      </trkpt>
      <trkpt lat="43.1524730" lon="-4.9205780">
        <ele>913.1</ele>
      </trkpt>
      <trkpt lat="43.1528270" lon="-4.9205720">
        <ele>913.0</ele>
      </trkpt>
      <trkpt lat="43.1531810" lon="-4.9206200">
        <ele>912.9</ele>
      </trkpt>
      <trkpt lat="43.1533900" lon="-4.9205770">
        <ele>912.8</ele>
      </trkpt>
      <trkpt lat="43.1535480" lon="-4.9205200">
        <ele>912.8</ele>
      </trkpt>
      <trkpt lat="43.1538130" lon="-4.9203680">
        <ele>912.7</ele>
      </trkpt>
      <trkpt lat="43.1542670" lon="-4.9200210">
        <ele>911.8</ele>
      </trkpt>
      <trkpt lat="43.1544800" lon="-4.9199430">
        <ele>911.5</ele>
      </trkpt>
      <trkpt lat="43.1553720" lon="-4.9196110">
        <ele>909.9</ele>
      </trkpt>
      <trkpt lat="43.1554220" lon="-4.9195000">
        <ele>909.8</ele>
      </trkpt>
      <trkpt lat="43.1554990" lon="-4.9192100">
        <ele>909.1</ele>
      </trkpt>
      <trkpt lat="43.1556610" lon="-4.9189940">
        <ele>908.2</ele>
      </trkpt>
      <trkpt lat="43.1558070" lon="-4.9187000">
        <ele>907.3</ele>
      </trkpt>
      <trkpt lat="43.1564720" lon="-4.9176270">
        <ele>903.5</ele>
      </trkpt>
      <trkpt lat="43.1569300" lon="-4.9170990">
        <ele>902.7</ele>
      </trkpt>
      <trkpt lat="43.1570860" lon="-4.9168550">
        <ele>902.5</ele>
      </trkpt>
      <trkpt lat="43.1573650" lon="-4.9165350">
        <ele>902.3</ele>
      </trkpt>
      <trkpt lat="43.1575580" lon="-4.9160680">
        <ele>902.0</ele>
      </trkpt>
      <trkpt lat="43.1577800" lon="-4.9158490">
        <ele>901.8</ele>
      </trkpt>
      <trkpt lat="43.1579550" lon="-4.9158130">
        <ele>901.7</ele>
      </trkpt>
      <trkpt lat="43.1587570" lon="-4.9156490">
        <ele>901.8</ele>
      </trkpt>
      <trkpt lat="43.1591140" lon="-4.9153770">
        <ele>901.8</ele>
      </trkpt>
      <trkpt lat="43.1592410" lon="-4.9150570">
        <ele>901.8</ele>
      </trkpt>
      <trkpt lat="43.1597880" lon="-4.9146400">
        <ele>901.7</ele>
      </trkpt>
      <trkpt lat="43.1602980" lon="-4.9146140">
        <ele>901.6</ele>
      </trkpt>
      <trkpt lat="43.1606880" lon="-4.9147200">
        <ele>901.5</ele>
      </trkpt>
      <trkpt lat="43.1608800" lon="-4.9147070">
        <ele>901.5</ele>
      </trkpt>
      <trkpt lat="43.1611330" lon="-4.9147980">
        <ele>901.4</ele>
      </trkpt>
      <trkpt lat="43.1613890" lon="-4.9149930">
        <ele>900.5</ele>
      </trkpt>
      <trkpt lat="43.1618400" lon="-4.9151240">
        <ele>899.1</ele>
      </trkpt>
      <trkpt lat="43.1618950" lon="-4.9150820">
        <ele>898.9</ele>
      </trkpt>
      <trkpt lat="43.1621030" lon="-4.9148030">
        <ele>898.1</ele>
      </trkpt>
      <trkpt lat="43.1626080" lon="-4.9144640">
        <ele>896.4</ele>
      </trkpt>
      <trkpt lat="43.1628660" lon="-4.9144090">
        <ele>895.3</ele>
      </trkpt>
      <trkpt lat="43.1635350" lon="-4.9139930">
        <ele>891.4</ele>
      </trkpt>
      <trkpt lat="43.1636100" lon="-4.9138770">
        <ele>890.9</ele>
      </trkpt>
      <trkpt lat="43.1637040" lon="-4.9136290">
        <ele>889.8</ele>
      </trkpt>
      <trkpt lat="43.1637570" lon="-4.9135690">
        <ele>889.4</ele>
      </trkpt>
      <trkpt lat="43.1639730" lon="-4.9135780">
        <ele>888.3</ele>
      </trkpt>
      <trkpt lat="43.1640380" lon="-4.9135300">
        <ele>887.9</ele>
      </trkpt>
      <trkpt lat="43.1642140" lon="-4.9132240">
        <ele>886.5</ele>
      </trkpt>
      <trkpt lat="43.1644280" lon="-4.9130120">
        <ele>885.9</ele>
      </trkpt>
      <trkpt lat="43.1645970" lon="-4.9127800">
        <ele>885.3</ele>
      </trkpt>
      <trkpt lat="43.1647460" lon="-4.9124180">
        <ele>884.5</ele>
      </trkpt>
      <trkpt lat="43.1649990" lon="-4.9120540">
        <ele>883.6</ele>
      </trkpt>
      <trkpt lat="43.1652350" lon="-4.9119310">
        <ele>883.0</ele>
      </trkpt>
      <trkpt lat="43.1655530" lon="-4.9114680">
        <ele>882.4</ele>
      </trkpt>
      <trkpt lat="43.1656880" lon="-4.9110380">
        <ele>883.0</ele>
      </trkpt>
      <trkpt lat="43.1658260" lon="-4.9107130">
        <ele>883.5</ele>
      </trkpt>
      <trkpt lat="43.1659270" lon="-4.9103610">
        <ele>884.0</ele>
      </trkpt>
      <trkpt lat="43.1660860" lon="-4.9100470">
        <ele>884.6</ele>
      </trkpt>
      <trkpt lat="43.1661550" lon="-4.9098180">
        <ele>884.9</ele>
      </trkpt>
      <trkpt lat="43.1661770" lon="-4.9094090">
        <ele>885.5</ele>
      </trkpt>
      <trkpt lat="43.1662080" lon="-4.9093020">
        <ele>885.8</ele>
      </trkpt>
      <trkpt lat="43.1663740" lon="-4.9086610">
        <ele>887.7</ele>
      </trkpt>
      <trkpt lat="43.1665190" lon="-4.9084360">
        <ele>888.5</ele>
      </trkpt>
      <trkpt lat="43.1667290" lon="-4.9083160">
        <ele>889.4</ele>
      </trkpt>
      <trkpt lat="43.1671000" lon="-4.9082640">
        <ele>890.8</ele>
      </trkpt>
      <trkpt lat="43.1674340" lon="-4.9082740">
        <ele>892.1</ele>
      </trkpt>
      <trkpt lat="43.1676260" lon="-4.9081620">
        <ele>892.2</ele>
      </trkpt>
      <trkpt lat="43.1677300" lon="-4.9080230">
        <ele>892.0</ele>
      </trkpt>
      <trkpt lat="43.1678760" lon="-4.9078930">
        <ele>891.7</ele>
      </trkpt>
      <trkpt lat="43.1679910" lon="-4.9078750">
        <ele>891.5</ele>
      </trkpt>
      <trkpt lat="43.1683770" lon="-4.9080990">
        <ele>890.8</ele>
      </trkpt>
      <trkpt lat="43.1685690" lon="-4.9081430">
        <ele>890.4</ele>
      </trkpt>
      <trkpt lat="43.1688810" lon="-4.9081220">
        <ele>889.9</ele>
      </trkpt>
      <trkpt lat="43.1693250" lon="-4.9079910">
        <ele>888.0</ele>
      </trkpt>
      <trkpt lat="43.1694760" lon="-4.9080130">
        <ele>886.5</ele>
      </trkpt>
      <trkpt lat="43.1696890" lon="-4.9081670">
        <ele>884.1</ele>
      </trkpt>
      <trkpt lat="43.1702600" lon="-4.9083790">
        <ele>878.3</ele>
      </trkpt>
      <trkpt lat="43.1703390" lon="-4.9083460">
        <ele>877.4</ele>
      </trkpt>
      <trkpt lat="43.1704930" lon="-4.9082200">
        <ele>875.7</ele>
      </trkpt>
      <trkpt lat="43.1705440" lon="-4.9081250">
        <ele>874.8</ele>
      </trkpt>
      <trkpt lat="43.1705730" lon="-4.9078460">
        <ele>872.8</ele>
      </trkpt>
      <trkpt lat="43.1707080" lon="-4.9074430">
        <ele>868.0</ele>
      </trkpt>
      <trkpt lat="43.1707320" lon="-4.9065620">
        <ele>856.4</ele>
      </trkpt>
      <trkpt lat="43.1706800" lon="-4.9061740">
        <ele>851.3</ele>
      </trkpt>
      <trkpt lat="43.1705990" lon="-4.9060160">
        <ele>848.7</ele>
      </trkpt>
      <trkpt lat="43.1704420" lon="-4.9059230">
        <ele>845.7</ele>
      </trkpt>
      <trkpt lat="43.1702810" lon="-4.9057100">
        <ele>841.7</ele>
      </trkpt>
      <trkpt lat="43.1701180" lon="-4.9055910">
        <ele>838.7</ele>
      </trkpt>
      <trkpt lat="43.1699490" lon="-4.9055310">
        <ele>836.8</ele>
      </trkpt>
      <trkpt lat="43.1699340" lon="-4.9053960">
        <ele>835.7</ele>
      </trkpt>
      <trkpt lat="43.1699490" lon="-4.9053250">
        <ele>835.2</ele>
      </trkpt>
      <trkpt lat="43.1700260" lon="-4.9051880">
        <ele>833.8</ele>
      </trkpt>
      <trkpt lat="43.1705160" lon="-4.9045140">
        <ele>826.2</ele>
      </trkpt>
      <trkpt lat="43.1705890" lon="-4.9043510">
        <ele>824.7</ele>
      </trkpt>
      <trkpt lat="43.1706140" lon="-4.9041690">
        <ele>823.3</ele>
      </trkpt>
      <trkpt lat="43.1706580" lon="-4.9041090">
        <ele>822.6</ele>
      </trkpt>
      <trkpt lat="43.1706730" lon="-4.9040320">
        <ele>822.0</ele>
      </trkpt>
      <trkpt lat="43.1705680" lon="-4.9040870">
        <ele>820.7</ele>
      </trkpt>
      <trkpt lat="43.1705030" lon="-4.9042220">
        <ele>819.9</ele>
      </trkpt>
      <trkpt lat="43.1703730" lon="-4.9043840">
        <ele>820.6</ele>
      </trkpt>
      <trkpt lat="43.1702040" lon="-4.9045400">
        <ele>821.5</ele>
      </trkpt>
      <trkpt lat="43.1699990" lon="-4.9046490">
        <ele>822.4</ele>
      </trkpt>
      <trkpt lat="43.1698940" lon="-4.9045970">
        <ele>822.8</ele>
      </trkpt>
      <trkpt lat="43.1697940" lon="-4.9044440">
        <ele>823.5</ele>
      </trkpt>
      <trkpt lat="43.1696890" lon="-4.9042910">
        <ele>824.1</ele>
      </trkpt>
      <trkpt lat="43.1696310" lon="-4.9043060">
        <ele>824.3</ele>
      </trkpt>
      <trkpt lat="43.1695460" lon="-4.9044900">
        <ele>825.0</ele>
      </trkpt>
      <trkpt lat="43.1694310" lon="-4.9046350">
        <ele>825.7</ele>
      </trkpt>
      <trkpt lat="43.1692720" lon="-4.9047250">
        <ele>826.4</ele>
      </trkpt>
      <trkpt lat="43.1690080" lon="-4.9048160">
        <ele>827.9</ele>
      </trkpt>
      <trkpt lat="43.1687930" lon="-4.9048450">
        <ele>830.0</ele>
      </trkpt>
      <trkpt lat="43.1687470" lon="-4.9048280">
        <ele>830.4</ele>
      </trkpt>
      <trkpt lat="43.1686010" lon="-4.9047750">
        <ele>831.9</ele>
      </trkpt>
      <trkpt lat="43.1687670" lon="-4.9043550">
        <ele>835.3</ele>
      </trkpt>
      <trkpt lat="43.1687580" lon="-4.9041440">
        <ele>836.8</ele>
      </trkpt>
      <trkpt lat="43.1687140" lon="-4.9040460">
        <ele>837.6</ele>
      </trkpt>
      <trkpt lat="43.1686500" lon="-4.9039760">
        <ele>838.4</ele>
      </trkpt>
      <trkpt lat="43.1684940" lon="-4.9039500">
        <ele>839.9</ele>
      </trkpt>
      <trkpt lat="43.1682700" lon="-4.9041250">
        <ele>842.4</ele>
      </trkpt>
      <trkpt lat="43.1680830" lon="-4.9041390">
        <ele>844.2</ele>
      </trkpt>
      <trkpt lat="43.1679250" lon="-4.9039480">
        <ele>847.1</ele>
      </trkpt>
      <trkpt lat="43.1681140" lon="-4.9035590">
        <ele>852.2</ele>
      </trkpt>
      <trkpt lat="43.1682500" lon="-4.9033530">
        <ele>855.3</ele>
      </trkpt>
      <trkpt lat="43.1682530" lon="-4.9033000">
        <ele>855.9</ele>
      </trkpt>
      <trkpt lat="43.1682050" lon="-4.9032040">
        <ele>857.1</ele>
      </trkpt>
      <trkpt lat="43.1681910" lon="-4.9031230">
        <ele>858.0</ele>
      </trkpt>
      <trkpt lat="43.1683900" lon="-4.9029540">
        <ele>861.5</ele>
      </trkpt>
      <trkpt lat="43.1684200" lon="-4.9028430">
        <ele>862.8</ele>
      </trkpt>
      <trkpt lat="43.1684140" lon="-4.9026520">
        <ele>864.9</ele>
      </trkpt>
      <trkpt lat="43.1683430" lon="-4.9025880">
        <ele>866.2</ele>
      </trkpt>
      <trkpt lat="43.1681960" lon="-4.9025570">
        <ele>868.4</ele>
      </trkpt>
      <trkpt lat="43.1680770" lon="-4.9026400">
        <ele>870.4</ele>
      </trkpt>
      <trkpt lat="43.1681090" lon="-4.9023570">
        <ele>874.1</ele>
      </trkpt>
      <trkpt lat="43.1682120" lon="-4.9020510">
        <ele>878.7</ele>
      </trkpt>
      <trkpt lat="43.1682190" lon="-4.9017720">
        <ele>882.6</ele>
      </trkpt>
      <trkpt lat="43.1683420" lon="-4.9013850">
        <ele>888.4</ele>
      </trkpt>
      <trkpt lat="43.1685120" lon="-4.9009620">
        <ele>895.1</ele>
      </trkpt>
      <trkpt lat="43.1684560" lon="-4.9006580">
        <ele>899.4</ele>
      </trkpt>
      <trkpt lat="43.1684630" lon="-4.9004790">
        <ele>901.9</ele>
      </trkpt>
      <trkpt lat="43.1684070" lon="-4.9002100">
        <ele>905.8</ele>
      </trkpt>
      <trkpt lat="43.1683890" lon="-4.9000370">
        <ele>909.3</ele>
      </trkpt>
      <trkpt lat="43.1683280" lon="-4.8999920">
        <ele>911.3</ele>
      </trkpt>
      <trkpt lat="43.1683150" lon="-4.8998510">
        <ele>914.2</ele>
      </trkpt>
      <trkpt lat="43.1683260" lon="-4.8996100">
        <ele>919.1</ele>
      </trkpt>
      <trkpt lat="43.1684110" lon="-4.8994720">
        <ele>922.8</ele>
      </trkpt>
      <trkpt lat="43.1684180" lon="-4.8993740">
        <ele>924.9</ele>
      </trkpt>
      <trkpt lat="43.1684650" lon="-4.8992770">
        <ele>927.2</ele>
      </trkpt>
      <trkpt lat="43.1684700" lon="-4.8991330">
        <ele>930.2</ele>
      </trkpt>
      <trkpt lat="43.1684490" lon="-4.8990650">
        <ele>931.7</ele>
      </trkpt>
      <trkpt lat="43.1684820" lon="-4.8989930">
        <ele>933.4</ele>
      </trkpt>
      <trkpt lat="43.1684860" lon="-4.8988220">
        <ele>936.9</ele>
      </trkpt>
      <trkpt lat="43.1684640" lon="-4.8986830">
        <ele>939.9</ele>
      </trkpt>
      <trkpt lat="43.1684600" lon="-4.8983320">
        <ele>947.0</ele>
      </trkpt>
      <trkpt lat="43.1686740" lon="-4.8978800">
        <ele>958.6</ele>
      </trkpt>
      <trkpt lat="43.1686790" lon="-4.8977910">
        <ele>960.9</ele>
      </trkpt>
      <trkpt lat="43.1688030" lon="-4.8976350">
        <ele>966.9</ele>
      </trkpt>
      <trkpt lat="43.1688070" lon="-4.8976020">
        <ele>967.8</ele>
      </trkpt>
      <trkpt lat="43.1688680" lon="-4.8975680">
        <ele>970.1</ele>
      </trkpt>
      <trkpt lat="43.1689130" lon="-4.8975140">
        <ele>972.2</ele>
      </trkpt>
      <trkpt lat="43.1689120" lon="-4.8974800">
        <ele>973.1</ele>
      </trkpt>
      <trkpt lat="43.1690140" lon="-4.8973900">
        <ele>977.5</ele>
      </trkpt>
      <trkpt lat="43.1691820" lon="-4.8973660">
        <ele>983.5</ele>
      </trkpt>
      <trkpt lat="43.1691650" lon="-4.8973270">
        <ele>984.7</ele>
      </trkpt>
      <trkpt lat="43.1692030" lon="-4.8972810">
        <ele>986.5</ele>
      </trkpt>
      <trkpt lat="43.1691630" lon="-4.8972390">
        <ele>988.3</ele>
      </trkpt>
      <trkpt lat="43.1690720" lon="-4.8972590">
        <ele>991.6</ele>
      </trkpt>
      <trkpt lat="43.1690670" lon="-4.8972330">
        <ele>992.3</ele>
      </trkpt>
      <trkpt lat="43.1691070" lon="-4.8972100">
        <ele>993.8</ele>
      </trkpt>
      <trkpt lat="43.1690920" lon="-4.8971720">
        <ele>994.9</ele>
      </trkpt>
      <trkpt lat="43.1690080" lon="-4.8971790">
        <ele>997.9</ele>
      </trkpt>
      <trkpt lat="43.1690010" lon="-4.8971570">
        <ele>998.6</ele>
      </trkpt>
      <trkpt lat="43.1690780" lon="-4.8970680">
        <ele>1002.2</ele>
      </trkpt>
      <trkpt lat="43.1690970" lon="-4.8969560">
        <ele>1005.2</ele>
      </trkpt>
      <trkpt lat="43.1690480" lon="-4.8969280">
        <ele>1007.0</ele>
      </trkpt>
      <trkpt lat="43.1689970" lon="-4.8969590">
        <ele>1009.0</ele>
      </trkpt>
      <trkpt lat="43.1689420" lon="-4.8969440">
        <ele>1011.0</ele>
      </trkpt>
      <trkpt lat="43.1689890" lon="-4.8967600">
        <ele>1016.1</ele>
      </trkpt>
      <trkpt lat="43.1690910" lon="-4.8966510">
        <ele>1020.5</ele>
      </trkpt>
      <trkpt lat="43.1691650" lon="-4.8965060">
        <ele>1020.3</ele>
      </trkpt>
      <trkpt lat="43.1694100" lon="-4.8963820">
        <ele>1019.9</ele>
      </trkpt>
      <trkpt lat="43.1695660" lon="-4.8963820">
        <ele>1019.7</ele>
      </trkpt>
      <trkpt lat="43.1698410" lon="-4.8965050">
        <ele>1019.2</ele>
      </trkpt>
      <trkpt lat="43.1699110" lon="-4.8964790">
        <ele>1019.1</ele>
      </trkpt>
      <trkpt lat="43.1699800" lon="-4.8966330">
        <ele>1018.9</ele>
      </trkpt>
      <trkpt lat="43.1700450" lon="-4.8966110">
        <ele>1018.8</ele>
      </trkpt>
      <trkpt lat="43.1700420" lon="-4.8965580">
        <ele>1018.8</ele>
      </trkpt>
      <trkpt lat="43.1700750" lon="-4.8965510">
        <ele>1018.7</ele>
      </trkpt>
      <trkpt lat="43.1701330" lon="-4.8966280">
        <ele>1018.6</ele>
      </trkpt>
      <trkpt lat="43.1704610" lon="-4.8968210">
        <ele>1018.1</ele>
      </trkpt>
      <trkpt lat="43.1704750" lon="-4.8969570">
        <ele>1017.9</ele>
      </trkpt>
      <trkpt lat="43.1705070" lon="-4.8969880">
        <ele>1017.9</ele>
      </trkpt>
      <trkpt lat="43.1705090" lon="-4.8969390">
        <ele>1017.8</ele>
      </trkpt>
      <trkpt lat="43.1705720" lon="-4.8969360">
        <ele>1018.8</ele>
      </trkpt>
      <trkpt lat="43.1705330" lon="-4.8968070">
        <ele>1020.3</ele>
      </trkpt>
      <trkpt lat="43.1705610" lon="-4.8967260">
        <ele>1021.4</ele>
      </trkpt>
      <trkpt lat="43.1705600" lon="-4.8964480">
        <ele>1024.5</ele>
      </trkpt>
      <trkpt lat="43.1705900" lon="-4.8963430">
        <ele>1025.7</ele>
      </trkpt>
      <trkpt lat="43.1705060" lon="-4.8960550">
        <ele>1029.2</ele>
      </trkpt>
      <trkpt lat="43.1704950" lon="-4.8958100">
        <ele>1032.0</ele>
      </trkpt>
      <trkpt lat="43.1704570" lon="-4.8956690">
        <ele>1033.7</ele>
      </trkpt>
      <trkpt lat="43.1705080" lon="-4.8953920">
        <ele>1036.9</ele>
      </trkpt>
      <trkpt lat="43.1704100" lon="-4.8951130">
        <ele>1040.4</ele>
      </trkpt>
      <trkpt lat="43.1704610" lon="-4.8948590">
        <ele>1043.3</ele>
      </trkpt>
      <trkpt lat="43.1705210" lon="-4.8948070">
        <ele>1044.4</ele>
      </trkpt>
      <trkpt lat="43.1705540" lon="-4.8947250">
        <ele>1045.5</ele>
      </trkpt>
      <trkpt lat="43.1705610" lon="-4.8945850">
        <ele>1046.9</ele>
      </trkpt>
      <trkpt lat="43.1705350" lon="-4.8945360">
        <ele>1047.5</ele>
      </trkpt>
      <trkpt lat="43.1705490" lon="-4.8944640">
        <ele>1048.3</ele>
      </trkpt>
      <trkpt lat="43.1705240" lon="-4.8944490">
        <ele>1048.7</ele>
      </trkpt>
      <trkpt lat="43.1705240" lon="-4.8943900">
        <ele>1049.3</ele>
      </trkpt>
      <trkpt lat="43.1704980" lon="-4.8943880">
        <ele>1049.6</ele>
      </trkpt>
      <trkpt lat="43.1704850" lon="-4.8942130">
        <ele>1051.4</ele>
      </trkpt>
      <trkpt lat="43.1707400" lon="-4.8939600">
        <ele>1055.9</ele>
      </trkpt>
      <trkpt lat="43.1708960" lon="-4.8939560">
        <ele>1058.0</ele>
      </trkpt>
      <trkpt lat="43.1709780" lon="-4.8938960">
        <ele>1059.4</ele>
      </trkpt>
      <trkpt lat="43.1709960" lon="-4.8938030">
        <ele>1060.3</ele>
      </trkpt>
      <trkpt lat="43.1709850" lon="-4.8936480">
        <ele>1061.9</ele>
      </trkpt>
      <trkpt lat="43.1708770" lon="-4.8934540">
        <ele>1064.4</ele>
      </trkpt>
      <trkpt lat="43.1708440" lon="-4.8932460">
        <ele>1066.6</ele>
      </trkpt>
      <trkpt lat="43.1707140" lon="-4.8930640">
        <ele>1069.2</ele>
      </trkpt>
      <trkpt lat="43.1706540" lon="-4.8930460">
        <ele>1070.1</ele>
      </trkpt>
      <trkpt lat="43.1706280" lon="-4.8929380">
        <ele>1071.5</ele>
      </trkpt>
      <trkpt lat="43.1706500" lon="-4.8925490">
        <ele>1077.2</ele>
      </trkpt>
      <trkpt lat="43.1707510" lon="-4.8923320">
        <ele>1081.0</ele>
      </trkpt>
      <trkpt lat="43.1706400" lon="-4.8917190">
        <ele>1090.4</ele>
      </trkpt>
      <trkpt lat="43.1705760" lon="-4.8915350">
        <ele>1093.4</ele>
      </trkpt>
      <trkpt lat="43.1705820" lon="-4.8914360">
        <ele>1094.8</ele>
      </trkpt>
      <trkpt lat="43.1705300" lon="-4.8912640">
        <ele>1097.6</ele>
      </trkpt>
      <trkpt lat="43.1705390" lon="-4.8910540">
        <ele>1100.7</ele>
      </trkpt>
      <trkpt lat="43.1706060" lon="-4.8906750">
        <ele>1106.5</ele>
      </trkpt>
      <trkpt lat="43.1707280" lon="-4.8905890">
        <ele>1109.7</ele>
      </trkpt>
      <trkpt lat="43.1707960" lon="-4.8904940">
        <ele>1112.0</ele>
      </trkpt>
      <trkpt lat="43.1707970" lon="-4.8900870">
        <ele>1119.2</ele>
      </trkpt>
      <trkpt lat="43.1706640" lon="-4.8895440">
        <ele>1129.4</ele>
      </trkpt>
      <trkpt lat="43.1703530" lon="-4.8887970">
        <ele>1144.6</ele>
      </trkpt>
      <trkpt lat="43.1703810" lon="-4.8884700">
        <ele>1150.4</ele>
      </trkpt>
      <trkpt lat="43.1702710" lon="-4.8882510">
        <ele>1156.5</ele>
      </trkpt>
      <trkpt lat="43.1701510" lon="-4.8878620">
        <ele>1166.5</ele>
      </trkpt>
      <trkpt lat="43.1698700" lon="-4.8865580">
        <ele>1198.6</ele>
      </trkpt>
      <trkpt lat="43.1697760" lon="-4.8859520">
        <ele>1212.1</ele>
      </trkpt>
      <trkpt lat="43.1698860" lon="-4.8851450">
        <ele>1226.2</ele>
      </trkpt>
      <trkpt lat="43.1699380" lon="-4.8844760">
        <ele>1237.8</ele>
      </trkpt>
      <trkpt lat="43.1700130" lon="-4.8842900">
        <ele>1241.4</ele>
      </trkpt>
      <trkpt lat="43.1700190" lon="-4.8839710">
        <ele>1246.9</ele>
      </trkpt>
      <trkpt lat="43.1700660" lon="-4.8836920">
        <ele>1252.0</ele>
      </trkpt>
      <trkpt lat="43.1701800" lon="-4.8834150">
        <ele>1259.1</ele>
      </trkpt>
      <trkpt lat="43.1701950" lon="-4.8833770">
        <ele>1260.0</ele>
      </trkpt>
      <trkpt lat="43.1701800" lon="-4.8834150">
        <ele>1261.0</ele>
      </trkpt>
      <trkpt lat="43.1701950" lon="-4.8833770">
        <ele>1261.9</ele>
      </trkpt>
      <trkpt lat="43.1702190" lon="-4.8833190">
        <ele>1263.4</ele>
      </trkpt>
      <trkpt lat="43.1702650" lon="-4.8828970">
        <ele>1273.0</ele>
      </trkpt>
      <trkpt lat="43.1702650" lon="-4.8827990">
        <ele>1275.1</ele>
      </trkpt>
      <trkpt lat="43.1697550" lon="-4.8820790">
        <ele>1297.5</ele>
      </trkpt>
      <trkpt lat="43.1696290" lon="-4.8815500">
        <ele>1310.4</ele>
      </trkpt>
      <trkpt lat="43.1695040" lon="-4.8813360">
        <ele>1317.3</ele>
      </trkpt>
      <trkpt lat="43.1692160" lon="-4.8810020">
        <ele>1330.3</ele>
      </trkpt>
      <trkpt lat="43.1691600" lon="-4.8808300">
        <ele>1335.1</ele>
      </trkpt>
      <trkpt lat="43.1689740" lon="-4.8805840">
        <ele>1344.0</ele>
      </trkpt>
      <trkpt lat="43.1688580" lon="-4.8802440">
        <ele>1353.5</ele>
      </trkpt>
      <trkpt lat="43.1687230" lon="-4.8797990">
        <ele>1365.6</ele>
      </trkpt>
      <trkpt lat="43.1688580" lon="-4.8793620">
        <ele>1373.1</ele>
      </trkpt>
      <trkpt lat="43.1688530" lon="-4.8791810">
        <ele>1375.4</ele>
      </trkpt>
      <trkpt lat="43.1687470" lon="-4.8789580">
        <ele>1378.8</ele>
      </trkpt>
      <trkpt lat="43.1687510" lon="-4.8788790">
        <ele>1379.8</ele>
      </trkpt>
      <trkpt lat="43.1688260" lon="-4.8786750">
        <ele>1382.8</ele>
      </trkpt>
      <trkpt lat="43.1688390" lon="-4.8782150">
        <ele>1388.6</ele>
      </trkpt>
      <trkpt lat="43.1689340" lon="-4.8781490">
        <ele>1390.5</ele>
      </trkpt>
      <trkpt lat="43.1688390" lon="-4.8782150">
        <ele>1392.3</ele>
      </trkpt>
      <trkpt lat="43.1689340" lon="-4.8781490">
        <ele>1394.2</ele>
      </trkpt>
      <trkpt lat="43.1692220" lon="-4.8779490">
        <ele>1399.9</ele>
      </trkpt>
      <trkpt lat="43.1693230" lon="-4.8779680">
        <ele>1401.8</ele>
      </trkpt>
      <trkpt lat="43.1695080" lon="-4.8780030">
        <ele>1405.3</ele>
      </trkpt>
      <trkpt lat="43.1695650" lon="-4.8779750">
        <ele>1406.4</ele>
      </trkpt>
      <trkpt lat="43.1696750" lon="-4.8780130">
        <ele>1408.6</ele>
      </trkpt>
      <trkpt lat="43.1696740" lon="-4.8779720">
        <ele>1409.1</ele>
      </trkpt>
      <trkpt lat="43.1697640" lon="-4.8778900">
        <ele>1411.2</ele>
      </trkpt>
      <trkpt lat="43.1697630" lon="-4.8778480">
        <ele>1411.8</ele>
      </trkpt>
      <trkpt lat="43.1697890" lon="-4.8778530">
        <ele>1412.3</ele>
      </trkpt>
      <trkpt lat="43.1698070" lon="-4.8778990">
        <ele>1413.0</ele>
      </trkpt>
      <trkpt lat="43.1699060" lon="-4.8779220">
        <ele>1414.9</ele>
      </trkpt>
      <trkpt lat="43.1699760" lon="-4.8780300">
        <ele>1416.9</ele>
      </trkpt>
      <trkpt lat="43.1700130" lon="-4.8779600">
        <ele>1418.1</ele>
      </trkpt>
      <trkpt lat="43.1700640" lon="-4.8780630">
        <ele>1419.8</ele>
      </trkpt>
      <trkpt lat="43.1701390" lon="-4.8781230">
        <ele>1421.4</ele>
      </trkpt>
      <trkpt lat="43.1702220" lon="-4.8781230">
        <ele>1423.0</ele>
      </trkpt>
      <trkpt lat="43.1702410" lon="-4.8782060">
        <ele>1424.2</ele>
      </trkpt>
      <trkpt lat="43.1701940" lon="-4.8782990">
        <ele>1425.8</ele>
      </trkpt>
      <trkpt lat="43.1701890" lon="-4.8784110">
        <ele>1427.3</ele>
      </trkpt>
      <trkpt lat="43.1702220" lon="-4.8784900">
        <ele>1428.6</ele>
      </trkpt>
      <trkpt lat="43.1702220" lon="-4.8786200">
        <ele>1430.3</ele>
      </trkpt>
      <trkpt lat="43.1702650" lon="-4.8786520">
        <ele>1431.3</ele>
      </trkpt>
      <trkpt lat="43.1703120" lon="-4.8786100">
        <ele>1432.3</ele>
      </trkpt>
      <trkpt lat="43.1706930" lon="-4.8785300">
        <ele>1444.6</ele>
      </trkpt>
      <trkpt lat="43.1708560" lon="-4.8786150">
        <ele>1450.9</ele>
      </trkpt>
      <trkpt lat="43.1709030" lon="-4.8785880">
        <ele>1452.7</ele>
      </trkpt>
      <trkpt lat="43.1709420" lon="-4.8786280">
        <ele>1454.5</ele>
      </trkpt>
      <trkpt lat="43.1710070" lon="-4.8785840">
        <ele>1457.1</ele>
      </trkpt>
      <trkpt lat="43.1711320" lon="-4.8786800">
        <ele>1462.2</ele>
      </trkpt>
      <trkpt lat="43.1711720" lon="-4.8786440">
        <ele>1463.9</ele>
      </trkpt>
      <trkpt lat="43.1712190" lon="-4.8787000">
        <ele>1466.1</ele>
      </trkpt>
      <trkpt lat="43.1712540" lon="-4.8786710">
        <ele>1467.6</ele>
      </trkpt>
      <trkpt lat="43.1714040" lon="-4.8787100">
        <ele>1473.1</ele>
      </trkpt>
      <trkpt lat="43.1714910" lon="-4.8788320">
        <ele>1477.6</ele>
      </trkpt>
      <trkpt lat="43.1715000" lon="-4.8789010">
        <ele>1479.4</ele>
      </trkpt>
      <trkpt lat="43.1716090" lon="-4.8789230">
        <ele>1483.3</ele>
      </trkpt>
      <trkpt lat="43.1716500" lon="-4.8789780">
        <ele>1485.4</ele>
      </trkpt>
      <trkpt lat="43.1716610" lon="-4.8790540">
        <ele>1487.4</ele>
      </trkpt>
      <trkpt lat="43.1717130" lon="-4.8790670">
        <ele>1489.3</ele>
      </trkpt>
      <trkpt lat="43.1717060" lon="-4.8791420">
        <ele>1491.3</ele>
      </trkpt>
      <trkpt lat="43.1716700" lon="-4.8791800">
        <ele>1492.9</ele>
      </trkpt>
      <trkpt lat="43.1716580" lon="-4.8792420">
        <ele>1494.6</ele>
      </trkpt>
      <trkpt lat="43.1717300" lon="-4.8792140">
        <ele>1497.3</ele>
      </trkpt>
      <trkpt lat="43.1717450" lon="-4.8792580">
        <ele>1498.6</ele>
      </trkpt>
      <trkpt lat="43.1717200" lon="-4.8793930">
        <ele>1500.4</ele>
      </trkpt>
      <trkpt lat="43.1717540" lon="-4.8793930">
        <ele>1501.1</ele>
      </trkpt>
      <trkpt lat="43.1717460" lon="-4.8794390">
        <ele>1501.7</ele>
      </trkpt>
      <trkpt lat="43.1718000" lon="-4.8794680">
        <ele>1502.8</ele>
      </trkpt>
      <trkpt lat="43.1718560" lon="-4.8794220">
        <ele>1504.0</ele>
      </trkpt>
      <trkpt lat="43.1718690" lon="-4.8793510">
        <ele>1505.0</ele>
      </trkpt>
      <trkpt lat="43.1719400" lon="-4.8793240">
        <ele>1506.3</ele>
      </trkpt>
      <trkpt lat="43.1720090" lon="-4.8792310">
        <ele>1508.1</ele>
      </trkpt>
      <trkpt lat="43.1721640" lon="-4.8791490">
        <ele>1511.2</ele>
      </trkpt>
      <trkpt lat="43.1722140" lon="-4.8791760">
        <ele>1512.1</ele>
      </trkpt>
      <trkpt lat="43.1722710" lon="-4.8791420">
        <ele>1513.3</ele>
      </trkpt>
      <trkpt lat="43.1722960" lon="-4.8790870">
        <ele>1514.2</ele>
      </trkpt>
      <trkpt lat="43.1723420" lon="-4.8791050">
        <ele>1515.0</ele>
      </trkpt>
      <trkpt lat="43.1723900" lon="-4.8790610">
        <ele>1516.1</ele>
      </trkpt>
      <trkpt lat="43.1724450" lon="-4.8790540">
        <ele>1517.1</ele>
      </trkpt>
      <trkpt lat="43.1723900" lon="-4.8790610">
        <ele>1518.1</ele>
      </trkpt>
      <trkpt lat="43.1723420" lon="-4.8791050">
        <ele>1519.2</ele>
      </trkpt>
      <trkpt lat="43.1722960" lon="-4.8790870">
        <ele>1520.1</ele>
      </trkpt>
      <trkpt lat="43.1722710" lon="-4.8791420">
        <ele>1521.0</ele>
      </trkpt>
      <trkpt lat="43.1722140" lon="-4.8791760">
        <ele>1522.1</ele>
      </trkpt>
      <trkpt lat="43.1721640" lon="-4.8791490">
        <ele>1523.1</ele>
      </trkpt>
      <trkpt lat="43.1720090" lon="-4.8792310">
        <ele>1526.2</ele>
      </trkpt>
      <trkpt lat="43.1719400" lon="-4.8793240">
        <ele>1527.9</ele>
      </trkpt>
      <trkpt lat="43.1718690" lon="-4.8793510">
        <ele>1529.3</ele>
      </trkpt>
      <trkpt lat="43.1718560" lon="-4.8794220">
        <ele>1530.3</ele>
      </trkpt>
      <trkpt lat="43.1718000" lon="-4.8794680">
        <ele>1531.5</ele>
      </trkpt>
      <trkpt lat="43.1717460" lon="-4.8794390">
        <ele>1532.4</ele>
      </trkpt>
      <trkpt lat="43.1718000" lon="-4.8794680">
        <ele>1533.2</ele>
      </trkpt>
      <trkpt lat="43.1718560" lon="-4.8794220">
        <ele>1534.2</ele>
      </trkpt>
      <trkpt lat="43.1718690" lon="-4.8793510">
        <ele>1534.9</ele>
      </trkpt>
      <trkpt lat="43.1719400" lon="-4.8793240">
        <ele>1536.0</ele>
      </trkpt>
      <trkpt lat="43.1720090" lon="-4.8792310">
        <ele>1537.4</ele>
      </trkpt>
      <trkpt lat="43.1721640" lon="-4.8791490">
        <ele>1539.8</ele>
      </trkpt>
      <trkpt lat="43.1722140" lon="-4.8791760">
        <ele>1540.6</ele>
      </trkpt>
      <trkpt lat="43.1722710" lon="-4.8791420">
        <ele>1541.5</ele>
      </trkpt>
      <trkpt lat="43.1722960" lon="-4.8790870">
        <ele>1542.2</ele>
      </trkpt>
      <trkpt lat="43.1723420" lon="-4.8791050">
        <ele>1542.9</ele>
      </trkpt>
      <trkpt lat="43.1723900" lon="-4.8790610">
        <ele>1543.8</ele>
      </trkpt>
      <trkpt lat="43.1724450" lon="-4.8790540">
        <ele>1544.6</ele>
      </trkpt>
      <trkpt lat="43.1724460" lon="-4.8791590">
        <ele>1545.7</ele>
      </trkpt>
      <trkpt lat="43.1723760" lon="-4.8792100">
        <ele>1546.8</ele>
      </trkpt>
      <trkpt lat="43.1723350" lon="-4.8792930">
        <ele>1547.9</ele>
      </trkpt>
      <trkpt lat="43.1723520" lon="-4.8794190">
        <ele>1549.3</ele>
      </trkpt>
      <trkpt lat="43.1724220" lon="-4.8795270">
        <ele>1550.8</ele>
      </trkpt>
      <trkpt lat="43.1724780" lon="-4.8795610">
        <ele>1551.7</ele>
      </trkpt>
      <trkpt lat="43.1725250" lon="-4.8796420">
        <ele>1552.8</ele>
      </trkpt>
      <trkpt lat="43.1725400" lon="-4.8797650">
        <ele>1554.1</ele>
      </trkpt>
      <trkpt lat="43.1725800" lon="-4.8797810">
        <ele>1554.7</ele>
      </trkpt>
      <trkpt lat="43.1725610" lon="-4.8799000">
        <ele>1556.0</ele>
      </trkpt>
      <trkpt lat="43.1725100" lon="-4.8800200">
        <ele>1557.5</ele>
      </trkpt>
      <trkpt lat="43.1724950" lon="-4.8801870">
        <ele>1560.0</ele>
      </trkpt>
      <trkpt lat="43.1724570" lon="-4.8802710">
        <ele>1561.6</ele>
      </trkpt>
      <trkpt lat="43.1725560" lon="-4.8803000">
        <ele>1563.8</ele>
      </trkpt>
      <trkpt lat="43.1726350" lon="-4.8802800">
        <ele>1565.6</ele>
      </trkpt>
      <trkpt lat="43.1726400" lon="-4.8803590">
        <ele>1566.9</ele>
      </trkpt>
      <trkpt lat="43.1726780" lon="-4.8803110">
        <ele>1568.0</ele>
      </trkpt>
      <trkpt lat="43.1726590" lon="-4.8804520">
        <ele>1570.3</ele>
      </trkpt>
      <trkpt lat="43.1727530" lon="-4.8804680">
        <ele>1572.4</ele>
      </trkpt>
      <trkpt lat="43.1728410" lon="-4.8801160">
        <ele>1578.4</ele>
      </trkpt>
      <trkpt lat="43.1728710" lon="-4.8799940">
        <ele>1580.5</ele>
      </trkpt>
      <trkpt lat="43.1729820" lon="-4.8796880">
        <ele>1586.0</ele>
      </trkpt>
      <trkpt lat="43.1730320" lon="-4.8796080">
        <ele>1587.7</ele>
      </trkpt>
      <trkpt lat="43.1731690" lon="-4.8791760">
        <ele>1595.3</ele>
      </trkpt>
      <trkpt lat="43.1732200" lon="-4.8791230">
        <ele>1596.7</ele>
      </trkpt>
      <trkpt lat="43.1733160" lon="-4.8788770">
        <ele>1602.1</ele>
      </trkpt>
      <trkpt lat="43.1733270" lon="-4.8786940">
        <ele>1605.9</ele>
      </trkpt>
      <trkpt lat="43.1733050" lon="-4.8784250">
        <ele>1611.4</ele>
      </trkpt>
      <trkpt lat="43.1732210" lon="-4.8782520">
        <ele>1615.6</ele>
      </trkpt>
      <trkpt lat="43.1732370" lon="-4.8781590">
        <ele>1617.6</ele>
      </trkpt>
      <trkpt lat="43.1731970" lon="-4.8779870">
        <ele>1621.3</ele>
      </trkpt>
      <trkpt lat="43.1732150" lon="-4.8778360">
        <ele>1624.4</ele>
      </trkpt>
      <trkpt lat="43.1731820" lon="-4.8776690">
        <ele>1627.9</ele>
      </trkpt>
      <trkpt lat="43.1732150" lon="-4.8776010">
        <ele>1629.6</ele>
      </trkpt>
      <trkpt lat="43.1732510" lon="-4.8776250">
        <ele>1630.7</ele>
      </trkpt>
      <trkpt lat="43.1733300" lon="-4.8774840">
        <ele>1634.4</ele>
      </trkpt>
      <trkpt lat="43.1735170" lon="-4.8773320">
        <ele>1640.5</ele>
      </trkpt>
      <trkpt lat="43.1735640" lon="-4.8772020">
        <ele>1643.4</ele>
      </trkpt>
      <trkpt lat="43.1735990" lon="-4.8769990">
        <ele>1647.7</ele>
      </trkpt>
      <trkpt lat="43.1736730" lon="-4.8768030">
        <ele>1652.8</ele>
      </trkpt>
      <trkpt lat="43.1737010" lon="-4.8766440">
        <ele>1656.6</ele>
      </trkpt>
      <trkpt lat="43.1737000" lon="-4.8763780">
        <ele>1662.8</ele>
      </trkpt>
      <trkpt lat="43.1736730" lon="-4.8761750">
        <ele>1667.6</ele>
      </trkpt>
      <trkpt lat="43.1736180" lon="-4.8759730">
        <ele>1672.6</ele>
      </trkpt>
      <trkpt lat="43.1734340" lon="-4.8756330">
        <ele>1682.4</ele>
      </trkpt>
      <trkpt lat="43.1733190" lon="-4.8751500">
        <ele>1694.2</ele>
      </trkpt>
      <trkpt lat="43.1731050" lon="-4.8747690">
        <ele>1705.4</ele>
      </trkpt>
      <trkpt lat="43.1730410" lon="-4.8747040">
        <ele>1709.1</ele>
      </trkpt>
      <trkpt lat="43.1729800" lon="-4.8745720">
        <ele>1714.2</ele>
      </trkpt>
      <trkpt lat="43.1728590" lon="-4.8744040">
        <ele>1722.1</ele>
      </trkpt>
      <trkpt lat="43.1728000" lon="-4.8741530">
        <ele>1730.8</ele>
      </trkpt>
      <trkpt lat="43.1727440" lon="-4.8740210">
        <ele>1735.9</ele>
      </trkpt>
      <trkpt lat="43.1726320" lon="-4.8738530">
        <ele>1743.4</ele>
      </trkpt>
      <trkpt lat="43.1725420" lon="-4.8737930">
        <ele>1748.0</ele>
      </trkpt>
      <trkpt lat="43.1724870" lon="-4.8738250">
        <ele>1750.7</ele>
      </trkpt>
      <trkpt lat="43.1724370" lon="-4.8737550">
        <ele>1753.9</ele>
      </trkpt>
      <trkpt lat="43.1724500" lon="-4.8736980">
        <ele>1755.9</ele>
      </trkpt>
      <trkpt lat="43.1723990" lon="-4.8736490">
        <ele>1758.8</ele>
      </trkpt>
      <trkpt lat="43.1724030" lon="-4.8736050">
        <ele>1760.2</ele>
      </trkpt>
      <trkpt lat="43.1723540" lon="-4.8735900">
        <ele>1762.5</ele>
      </trkpt>
      <trkpt lat="43.1723390" lon="-4.8735510">
        <ele>1764.0</ele>
      </trkpt>
      <trkpt lat="43.1722690" lon="-4.8735050">
        <ele>1767.5</ele>
      </trkpt>
      <trkpt lat="43.1722750" lon="-4.8734280">
        <ele>1770.1</ele>
      </trkpt>
      <trkpt lat="43.1722470" lon="-4.8733760">
        <ele>1772.2</ele>
      </trkpt>
      <trkpt lat="43.1722470" lon="-4.8733190">
        <ele>1774.1</ele>
      </trkpt>
      <trkpt lat="43.1722650" lon="-4.8732570">
        <ele>1776.3</ele>
      </trkpt>
      <trkpt lat="43.1723390" lon="-4.8732500">
        <ele>1779.7</ele>
      </trkpt>
      <trkpt lat="43.1723460" lon="-4.8731650">
        <ele>1782.5</ele>
      </trkpt>
      <trkpt lat="43.1721750" lon="-4.8728990">
        <ele>1790.8</ele>
      </trkpt>
      <trkpt lat="43.1720460" lon="-4.8728420">
        <ele>1794.0</ele>
      </trkpt>
      <trkpt lat="43.1720040" lon="-4.8727470">
        <ele>1795.9</ele>
      </trkpt>
      <trkpt lat="43.1717910" lon="-4.8725180">
        <ele>1802.2</ele>
      </trkpt>
      <trkpt lat="43.1717720" lon="-4.8724560">
        <ele>1803.4</ele>
      </trkpt>
      <trkpt lat="43.1714620" lon="-4.8722600">
        <ele>1811.4</ele>
      </trkpt>
      <trkpt lat="43.1714170" lon="-4.8721830">
        <ele>1813.1</ele>
      </trkpt>
      <trkpt lat="43.1713420" lon="-4.8721100">
        <ele>1815.2</ele>
      </trkpt>
      <trkpt lat="43.1712500" lon="-4.8720200">
        <ele>1817.9</ele>
      </trkpt>
      <trkpt lat="43.1709800" lon="-4.8719710">
        <ele>1824.3</ele>
      </trkpt>
      <trkpt lat="43.1709240" lon="-4.8719610">
        <ele>1825.6</ele>
      </trkpt>
      <trkpt lat="43.1708610" lon="-4.8718090">
        <ele>1828.6</ele>
      </trkpt>
      <trkpt lat="43.1708490" lon="-4.8717460">
        <ele>1829.4</ele>
      </trkpt>
      <trkpt lat="43.1708610" lon="-4.8718090">
        <ele>1829.9</ele>
      </trkpt>
      <trkpt lat="43.1709240" lon="-4.8719610">
        <ele>1831.0</ele>
      </trkpt>
      <trkpt lat="43.1709800" lon="-4.8719710">
        <ele>1831.5</ele>
      </trkpt>
      <trkpt lat="43.1709240" lon="-4.8719610">
        <ele>1832.0</ele>
      </trkpt>
      <trkpt lat="43.1708610" lon="-4.8718090">
        <ele>1833.2</ele>
      </trkpt>
      <trkpt lat="43.1708490" lon="-4.8717460">
        <ele>1833.6</ele>
      </trkpt>
      <trkpt lat="43.1707820" lon="-4.8713860">
        <ele>1836.0</ele>
      </trkpt>
      <trkpt lat="43.1707820" lon="-4.8711240">
        <ele>1837.7</ele>
      </trkpt>
      <trkpt lat="43.1708400" lon="-4.8710510">
        <ele>1838.4</ele>
      </trkpt>
      <trkpt lat="43.1709310" lon="-4.8708450">
        <ele>1840.0</ele>
      </trkpt>
      <trkpt lat="43.1709330" lon="-4.8705900">
        <ele>1841.6</ele>
      </trkpt>
      <trkpt lat="43.1708870" lon="-4.8703560">
        <ele>1843.2</ele>
      </trkpt>
      <trkpt lat="43.1709050" lon="-4.8700910">
        <ele>1844.9</ele>
      </trkpt>
      <trkpt lat="43.1708770" lon="-4.8699340">
        <ele>1846.4</ele>
      </trkpt>
      <trkpt lat="43.1707310" lon="-4.8695900">
        <ele>1850.9</ele>
      </trkpt>
      <trkpt lat="43.1707910" lon="-4.8688660">
        <ele>1859.1</ele>
      </trkpt>
      <trkpt lat="43.1708310" lon="-4.8687710">
        <ele>1860.3</ele>
      </trkpt>
      <trkpt lat="43.1708310" lon="-4.8686650">
        <ele>1861.5</ele>
      </trkpt>
      <trkpt lat="43.1708960" lon="-4.8685640">
        <ele>1863.0</ele>
      </trkpt>
      <trkpt lat="43.1708890" lon="-4.8684020">
        <ele>1864.9</ele>
      </trkpt>
      <trkpt lat="43.1709030" lon="-4.8683870">
        <ele>1865.1</ele>
      </trkpt>
      <trkpt lat="43.1709660" lon="-4.8683220">
        <ele>1866.4</ele>
      </trkpt>
      <trkpt lat="43.1709770" lon="-4.8682780">
        <ele>1866.9</ele>
      </trkpt>
      <trkpt lat="43.1709790" lon="-4.8682670">
        <ele>1867.0</ele>
      </trkpt>
      <trkpt lat="43.1709840" lon="-4.8682470">
        <ele>1867.2</ele>
      </trkpt>
      <trkpt lat="43.1709790" lon="-4.8682670">
        <ele>1867.5</ele>
      </trkpt>
      <trkpt lat="43.1709770" lon="-4.8682780">
        <ele>1867.6</ele>
      </trkpt>
      <trkpt lat="43.1709660" lon="-4.8683220">
        <ele>1868.1</ele>
      </trkpt>
      <trkpt lat="43.1709030" lon="-4.8683870">
        <ele>1869.3</ele>
      </trkpt>
      <trkpt lat="43.1709660" lon="-4.8683220">
        <ele>1870.6</ele>
      </trkpt>
      <trkpt lat="43.1709770" lon="-4.8682780">
        <ele>1871.1</ele>
      </trkpt>
      <trkpt lat="43.1709790" lon="-4.8682670">
        <ele>1871.2</ele>
      </trkpt>
      <trkpt lat="43.1709770" lon="-4.8682780">
        <ele>1871.3</ele>
      </trkpt>
      <trkpt lat="43.1709790" lon="-4.8682670">
        <ele>1871.5</ele>
      </trkpt>
      <trkpt lat="43.1709840" lon="-4.8682470">
        <ele>1871.7</ele>
      </trkpt>
      <trkpt lat="43.1710050" lon="-4.8681600">
        <ele>1872.7</ele>
      </trkpt>
      <trkpt lat="43.1711010" lon="-4.8681060">
        <ele>1875.9</ele>
      </trkpt>
      <trkpt lat="43.1711800" lon="-4.8681680">
        <ele>1879.0</ele>
      </trkpt>
      <trkpt lat="43.1712590" lon="-4.8681130">
        <ele>1882.0</ele>
      </trkpt>
      <trkpt lat="43.1714040" lon="-4.8681930">
        <ele>1887.4</ele>
      </trkpt>
      <trkpt lat="43.1715010" lon="-4.8681600">
        <ele>1890.8</ele>
      </trkpt>
      <trkpt lat="43.1715970" lon="-4.8680850">
        <ele>1894.6</ele>
      </trkpt>
      <trkpt lat="43.1716210" lon="-4.8680460">
        <ele>1895.9</ele>
      </trkpt>
      <trkpt lat="43.1717160" lon="-4.8678920">
        <ele>1900.9</ele>
      </trkpt>
      <trkpt lat="43.1717400" lon="-4.8677840">
        <ele>1903.7</ele>
      </trkpt>
      <trkpt lat="43.1719000" lon="-4.8676900">
        <ele>1909.7</ele>
      </trkpt>
      <trkpt lat="43.1717400" lon="-4.8677840">
        <ele>1915.6</ele>
      </trkpt>
      <trkpt lat="43.1717160" lon="-4.8678920">
        <ele>1918.4</ele>
      </trkpt>
      <trkpt lat="43.1716210" lon="-4.8680460">
        <ele>1923.5</ele>
      </trkpt>
      <trkpt lat="43.1717160" lon="-4.8678920">
        <ele>1928.5</ele>
      </trkpt>
      <trkpt lat="43.1717400" lon="-4.8677840">
        <ele>1931.3</ele>
      </trkpt>
      <trkpt lat="43.1719000" lon="-4.8676900">
        <ele>1937.2</ele>
      </trkpt>
      <trkpt lat="43.1719430" lon="-4.8676650">
        <ele>1938.8</ele>
      </trkpt>
      <trkpt lat="43.1722140" lon="-4.8675650">
        <ele>1948.2</ele>
      </trkpt>
      <trkpt lat="43.1722780" lon="-4.8674740">
        <ele>1951.3</ele>
      </trkpt>
      <trkpt lat="43.1724150" lon="-4.8674610">
        <ele>1955.9</ele>
      </trkpt>
      <trkpt lat="43.1725900" lon="-4.8675390">
        <ele>1962.0</ele>
      </trkpt>
      <trkpt lat="43.1727040" lon="-4.8675410">
        <ele>1965.8</ele>
      </trkpt>
      <trkpt lat="43.1728660" lon="-4.8677550">
        <ele>1973.4</ele>
      </trkpt>
      <trkpt lat="43.1729120" lon="-4.8678940">
        <ele>1977.1</ele>
      </trkpt>
      <trkpt lat="43.1729280" lon="-4.8679410">
        <ele>1978.4</ele>
      </trkpt>
      <trkpt lat="43.1729490" lon="-4.8680030">
        <ele>1980.0</ele>
      </trkpt>
      <trkpt lat="43.1729600" lon="-4.8680150">
        <ele>1980.5</ele>
      </trkpt>
      <trkpt lat="43.1730300" lon="-4.8680890">
        <ele>1983.5</ele>
      </trkpt>
      <trkpt lat="43.1731590" lon="-4.8681490">
        <ele>1988.0</ele>
      </trkpt>
      <trkpt lat="43.1732920" lon="-4.8684580">
        <ele>1994.5</ele>
      </trkpt>
      <trkpt lat="43.1733090" lon="-4.8685620">
        <ele>1994.1</ele>
      </trkpt>
      <trkpt lat="43.1733250" lon="-4.8688530">
        <ele>1993.1</ele>
      </trkpt>
      <trkpt lat="43.1733090" lon="-4.8685620">
        <ele>1992.0</ele>
      </trkpt>
      <trkpt lat="43.1732920" lon="-4.8684580">
        <ele>1991.7</ele>
      </trkpt>
      <trkpt lat="43.1731590" lon="-4.8681490">
        <ele>1990.4</ele>
      </trkpt>
      <trkpt lat="43.1730300" lon="-4.8680890">
        <ele>1989.7</ele>
      </trkpt>
      <trkpt lat="43.1729600" lon="-4.8680150">
        <ele>1989.3</ele>
      </trkpt>
      <trkpt lat="43.1729490" lon="-4.8680030">
        <ele>1989.2</ele>
      </trkpt>
      <trkpt lat="43.1729280" lon="-4.8679410">
        <ele>1989.0</ele>
      </trkpt>
      <trkpt lat="43.1729490" lon="-4.8680030">
        <ele>1988.7</ele>
      </trkpt>
      <trkpt lat="43.1729600" lon="-4.8680150">
        <ele>1988.6</ele>
      </trkpt>
      <trkpt lat="43.1729490" lon="-4.8680030">
        <ele>1988.6</ele>
      </trkpt>
      <trkpt lat="43.1729280" lon="-4.8679410">
        <ele>1988.3</ele>
      </trkpt>
      <trkpt lat="43.1729120" lon="-4.8678940">
        <ele>1988.1</ele>
      </trkpt>
      <trkpt lat="43.1728660" lon="-4.8677550">
        <ele>1987.6</ele>
      </trkpt>
      <trkpt lat="43.1727040" lon="-4.8675410">
        <ele>1986.5</ele>
      </trkpt>
      <trkpt lat="43.1725900" lon="-4.8675390">
        <ele>1986.1</ele>
      </trkpt>
      <trkpt lat="43.1724150" lon="-4.8674610">
        <ele>1988.3</ele>
      </trkpt>
      <trkpt lat="43.1722780" lon="-4.8674740">
        <ele>1989.9</ele>
      </trkpt>
      <trkpt lat="43.1724150" lon="-4.8674610">
        <ele>1991.6</ele>
      </trkpt>
      <trkpt lat="43.1725900" lon="-4.8675390">
        <ele>1993.8</ele>
      </trkpt>
      <trkpt lat="43.1727040" lon="-4.8675410">
        <ele>1995.2</ele>
      </trkpt>
      <trkpt lat="43.1728660" lon="-4.8677550">
        <ele>1997.9</ele>
      </trkpt>
      <trkpt lat="43.1729120" lon="-4.8678940">
        <ele>1999.2</ele>
      </trkpt>
      <trkpt lat="43.1729280" lon="-4.8679410">
        <ele>1999.7</ele>
      </trkpt>
      <trkpt lat="43.1729490" lon="-4.8680030">
        <ele>2000.3</ele>
      </trkpt>
      <trkpt lat="43.1729280" lon="-4.8679410">
        <ele>2000.9</ele>
      </trkpt>
      <trkpt lat="43.1729120" lon="-4.8678940">
        <ele>2001.3</ele>
      </trkpt>
      <trkpt lat="43.1729280" lon="-4.8679410">
        <ele>2001.8</ele>
      </trkpt>
      <trkpt lat="43.1729490" lon="-4.8680030">
        <ele>2002.4</ele>
      </trkpt>
      <trkpt lat="43.1729600" lon="-4.8680150">
        <ele>2002.6</ele>
      </trkpt>
      <trkpt lat="43.1730300" lon="-4.8680890">
        <ele>2003.6</ele>
      </trkpt>
      <trkpt lat="43.1731590" lon="-4.8681490">
        <ele>2005.3</ele>
      </trkpt>
      <trkpt lat="43.1732920" lon="-4.8684580">
        <ele>2007.6</ele>
      </trkpt>
      <trkpt lat="43.1733090" lon="-4.8685620">
        <ele>2007.6</ele>
      </trkpt>
      <trkpt lat="43.1733250" lon="-4.8688530">
        <ele>2007.6</ele>
      </trkpt>
      <trkpt lat="43.1734100" lon="-4.8690260">
        <ele>2007.6</ele>
      </trkpt>
      <trkpt lat="43.1733200" lon="-4.8690660">
        <ele>2007.6</ele>
      </trkpt>
      <trkpt lat="43.1730550" lon="-4.8690760">
        <ele>2007.6</ele>
      </trkpt>
      <trkpt lat="43.1730370" lon="-4.8691810">
        <ele>2007.6</ele>
      </trkpt>
      <trkpt lat="43.1732040" lon="-4.8693260">
        <ele>2041.7</ele>
      </trkpt>
      <trkpt lat="43.1732540" lon="-4.8693720">
        <ele>2041.7</ele>
      </trkpt>
      <trkpt lat="43.1733300" lon="-4.8693900">
        <ele>2041.7</ele>
      </trkpt>
      <trkpt lat="43.1735970" lon="-4.8693620">
        <ele>2041.7</ele>
      </trkpt>
      <trkpt lat="43.1736980" lon="-4.8692900">
        <ele>2041.7</ele>
      </trkpt>
      <trkpt lat="43.1737070" lon="-4.8692000">
        <ele>2041.7</ele>
      </trkpt>
      <trkpt lat="43.1738280" lon="-4.8690970">
        <ele>2041.7</ele>
      </trkpt>
      <trkpt lat="43.1738500" lon="-4.8690110">
        <ele>2041.7</ele>
      </trkpt>
      <trkpt lat="43.1738450" lon="-4.8688950">
        <ele>2041.7</ele>
      </trkpt>
      <trkpt lat="43.1737530" lon="-4.8687870">
        <ele>2041.8</ele>
      </trkpt>
      <trkpt lat="43.1737680" lon="-4.8686480">
        <ele>2042.0</ele>
      </trkpt>
      <trkpt lat="43.1738090" lon="-4.8685220">
        <ele>2042.2</ele>
      </trkpt>
      <trkpt lat="43.1737830" lon="-4.8683280">
        <ele>2042.4</ele>
      </trkpt>
      <trkpt lat="43.1737860" lon="-4.8681740">
        <ele>2042.6</ele>
      </trkpt>
      <trkpt lat="43.1737190" lon="-4.8679620">
        <ele>2042.9</ele>
      </trkpt>
      <trkpt lat="43.1737810" lon="-4.8677510">
        <ele>2043.2</ele>
      </trkpt>
      <trkpt lat="43.1738500" lon="-4.8676400">
        <ele>2043.4</ele>
      </trkpt>
      <trkpt lat="43.1738640" lon="-4.8674910">
        <ele>2043.5</ele>
      </trkpt>
      <trkpt lat="43.1738350" lon="-4.8673750">
        <ele>2043.7</ele>
      </trkpt>
      <trkpt lat="43.1738670" lon="-4.8673050">
        <ele>2043.8</ele>
      </trkpt>
      <trkpt lat="43.1738870" lon="-4.8671270">
        <ele>2044.0</ele>
      </trkpt>
      <trkpt lat="43.1738550" lon="-4.8670450">
        <ele>2044.1</ele>
      </trkpt>
      <trkpt lat="43.1738560" lon="-4.8669460">
        <ele>2044.3</ele>
      </trkpt>
      <trkpt lat="43.1736790" lon="-4.8667380">
        <ele>2044.6</ele>
      </trkpt>
      <trkpt lat="43.1736190" lon="-4.8665070">
        <ele>2047.0</ele>
      </trkpt>
      <trkpt lat="43.1735160" lon="-4.8663760">
        <ele>2049.2</ele>
      </trkpt>
      <trkpt lat="43.1732840" lon="-4.8661620">
        <ele>2053.6</ele>
      </trkpt>
      <trkpt lat="43.1732610" lon="-4.8660990">
        <ele>2054.4</ele>
      </trkpt>
      <trkpt lat="43.1731340" lon="-4.8659530">
        <ele>2057.0</ele>
      </trkpt>
      <trkpt lat="43.1730810" lon="-4.8658930">
        <ele>2058.0</ele>
      </trkpt>
      <trkpt lat="43.1729130" lon="-4.8657960">
        <ele>2060.9</ele>
      </trkpt>
      <trkpt lat="43.1727660" lon="-4.8655650">
        <ele>2064.4</ele>
      </trkpt>
      <trkpt lat="43.1726400" lon="-4.8655110">
        <ele>2066.5</ele>
      </trkpt>
      <trkpt lat="43.1724620" lon="-4.8652210">
        <ele>2070.8</ele>
      </trkpt>
      <trkpt lat="43.1722600" lon="-4.8650150">
        <ele>2075.8</ele>
      </trkpt>
      <trkpt lat="43.1721980" lon="-4.8648970">
        <ele>2078.4</ele>
      </trkpt>
      <trkpt lat="43.1721530" lon="-4.8649010">
        <ele>2079.5</ele>
      </trkpt>
      <trkpt lat="43.1721140" lon="-4.8648630">
        <ele>2080.7</ele>
      </trkpt>
      <trkpt lat="43.1719300" lon="-4.8647710">
        <ele>2085.4</ele>
      </trkpt>
      <trkpt lat="43.1718000" lon="-4.8647420">
        <ele>2088.7</ele>
      </trkpt>
      <trkpt lat="43.1717310" lon="-4.8646040">
        <ele>2091.7</ele>
      </trkpt>
      <trkpt lat="43.1715670" lon="-4.8644430">
        <ele>2096.6</ele>
      </trkpt>
      <trkpt lat="43.1715140" lon="-4.8643520">
        <ele>2098.7</ele>
      </trkpt>
      <trkpt lat="43.1714580" lon="-4.8643490">
        <ele>2100.0</ele>
      </trkpt>
      <trkpt lat="43.1713970" lon="-4.8643890">
        <ele>2101.7</ele>
      </trkpt>
      <trkpt lat="43.1713400" lon="-4.8643630">
        <ele>2103.2</ele>
      </trkpt>
      <trkpt lat="43.1711340" lon="-4.8644210">
        <ele>2108.3</ele>
      </trkpt>
      <trkpt lat="43.1709520" lon="-4.8643370">
        <ele>2113.0</ele>
      </trkpt>
      <trkpt lat="43.1709080" lon="-4.8643500">
        <ele>2114.1</ele>
      </trkpt>
      <trkpt lat="43.1708530" lon="-4.8642380">
        <ele>2116.5</ele>
      </trkpt>
      <trkpt lat="43.1707650" lon="-4.8641610">
        <ele>2118.2</ele>
      </trkpt>
      <trkpt lat="43.1705770" lon="-4.8641490">
        <ele>2121.0</ele>
      </trkpt>
      <trkpt lat="43.1706560" lon="-4.8640310">
        <ele>2122.7</ele>
      </trkpt>
      <trkpt lat="43.1706090" lon="-4.8640080">
        <ele>2123.4</ele>
      </trkpt>
      <trkpt lat="43.1705090" lon="-4.8638670">
        <ele>2125.5</ele>
      </trkpt>
      <trkpt lat="43.1703890" lon="-4.8637960">
        <ele>2127.4</ele>
      </trkpt>
      <trkpt lat="43.1703000" lon="-4.8637960">
        <ele>2128.7</ele>
      </trkpt>
      <trkpt lat="43.1702810" lon="-4.8637400">
        <ele>2129.4</ele>
      </trkpt>
      <trkpt lat="43.1701360" lon="-4.8637600">
        <ele>2131.5</ele>
      </trkpt>
      <trkpt lat="43.1700270" lon="-4.8638550">
        <ele>2133.4</ele>
      </trkpt>
      <trkpt lat="43.1698710" lon="-4.8638980">
        <ele>2135.8</ele>
      </trkpt>
      <trkpt lat="43.1698040" lon="-4.8640010">
        <ele>2137.2</ele>
      </trkpt>
      <trkpt lat="43.1697130" lon="-4.8640720">
        <ele>2138.8</ele>
      </trkpt>
      <trkpt lat="43.1695050" lon="-4.8640500">
        <ele>2141.8</ele>
      </trkpt>
      <trkpt lat="43.1692680" lon="-4.8641020">
        <ele>2144.3</ele>
      </trkpt>
      <trkpt lat="43.1690490" lon="-4.8640200">
        <ele>2146.0</ele>
      </trkpt>
      <trkpt lat="43.1688010" lon="-4.8637090">
        <ele>2148.5</ele>
      </trkpt>
      <trkpt lat="43.1687480" lon="-4.8636940">
        <ele>2148.9</ele>
      </trkpt>
      <trkpt lat="43.1686650" lon="-4.8636150">
        <ele>2149.6</ele>
      </trkpt>
      <trkpt lat="43.1684780" lon="-4.8635400">
        <ele>2151.1</ele>
      </trkpt>
      <trkpt lat="43.1685140" lon="-4.8632810">
        <ele>2152.5</ele>
      </trkpt>
      <trkpt lat="43.1685150" lon="-4.8630460">
        <ele>2153.7</ele>
      </trkpt>
      <trkpt lat="43.1684760" lon="-4.8630350">
        <ele>2154.0</ele>
      </trkpt>
      <trkpt lat="43.1683640" lon="-4.8630770">
        <ele>2154.9</ele>
      </trkpt>
      <trkpt lat="43.1683410" lon="-4.8629590">
        <ele>2155.5</ele>
      </trkpt>
      <trkpt lat="43.1682410" lon="-4.8628370">
        <ele>2156.5</ele>
      </trkpt>
      <trkpt lat="43.1681910" lon="-4.8627530">
        <ele>2156.6</ele>
      </trkpt>
      <trkpt lat="43.1682240" lon="-4.8624880">
        <ele>2156.6</ele>
      </trkpt>
      <trkpt lat="43.1681410" lon="-4.8624470">
        <ele>2156.6</ele>
      </trkpt>
      <trkpt lat="43.1680000" lon="-4.8622890">
        <ele>2156.7</ele>
      </trkpt>
      <trkpt lat="43.1680170" lon="-4.8621120">
        <ele>2156.7</ele>
      </trkpt>
      <trkpt lat="43.1679290" lon="-4.8620720">
        <ele>2156.7</ele>
      </trkpt>
      <trkpt lat="43.1677670" lon="-4.8620640">
        <ele>2156.7</ele>
      </trkpt>
      <trkpt lat="43.1676150" lon="-4.8621770">
        <ele>2156.8</ele>
      </trkpt>
      <trkpt lat="43.1675440" lon="-4.8621630">
        <ele>2156.8</ele>
      </trkpt>
      <trkpt lat="43.1674950" lon="-4.8621060">
        <ele>2156.8</ele>
      </trkpt>
      <trkpt lat="43.1674870" lon="-4.8620160">
        <ele>2156.8</ele>
      </trkpt>
      <trkpt lat="43.1674340" lon="-4.8619640">
        <ele>2156.8</ele>
      </trkpt>
      <trkpt lat="43.1673970" lon="-4.8618370">
        <ele>2156.9</ele>
      </trkpt>
      <trkpt lat="43.1673350" lon="-4.8617930">
        <ele>2156.9</ele>
      </trkpt>
      <trkpt lat="43.1672160" lon="-4.8617960">
        <ele>2156.9</ele>
      </trkpt>
      <trkpt lat="43.1670670" lon="-4.8615190">
        <ele>2157.0</ele>
      </trkpt>
      <trkpt lat="43.1670720" lon="-4.8613360">
        <ele>2157.1</ele>
      </trkpt>
      <trkpt lat="43.1670420" lon="-4.8611700">
        <ele>2157.2</ele>
      </trkpt>
      <trkpt lat="43.1671020" lon="-4.8610700">
        <ele>2157.2</ele>
      </trkpt>
      <trkpt lat="43.1670900" lon="-4.8607140">
        <ele>2157.4</ele>
      </trkpt>
      <trkpt lat="43.1671260" lon="-4.8605060">
        <ele>2157.5</ele>
      </trkpt>
      <trkpt lat="43.1671100" lon="-4.8604020">
        <ele>2157.5</ele>
      </trkpt>
      <trkpt lat="43.1671300" lon="-4.8602790">
        <ele>2157.6</ele>
      </trkpt>
      <trkpt lat="43.1669090" lon="-4.8599120">
        <ele>2157.8</ele>
      </trkpt>
      <trkpt lat="43.1668020" lon="-4.8595050">
        <ele>2158.0</ele>
      </trkpt>
      <trkpt lat="43.1668020" lon="-4.8594160">
        <ele>2158.0</ele>
      </trkpt>
      <trkpt lat="43.1668450" lon="-4.8593470">
        <ele>2158.0</ele>
      </trkpt>
      <trkpt lat="43.1668800" lon="-4.8591360">
        <ele>2158.0</ele>
      </trkpt>
      <trkpt lat="43.1668710" lon="-4.8590770">
        <ele>2158.0</ele>
      </trkpt>
      <trkpt lat="43.1669110" lon="-4.8589480">
        <ele>2158.0</ele>
      </trkpt>
      <trkpt lat="43.1669390" lon="-4.8589380">
        <ele>2158.0</ele>
      </trkpt>
      <trkpt lat="43.1670250" lon="-4.8586920">
        <ele>2158.1</ele>
      </trkpt>
      <trkpt lat="43.1672020" lon="-4.8586060">
        <ele>2158.1</ele>
      </trkpt>
      <trkpt lat="43.1672390" lon="-4.8585560">
        <ele>2158.1</ele>
      </trkpt>
      <trkpt lat="43.1673110" lon="-4.8583490">
        <ele>2158.1</ele>
      </trkpt>
      <trkpt lat="43.1673620" lon="-4.8580780">
        <ele>2158.1</ele>
      </trkpt>
      <trkpt lat="43.1674160" lon="-4.8580040">
        <ele>2158.1</ele>
      </trkpt>
      <trkpt lat="43.1674540" lon="-4.8578960">
        <ele>2158.2</ele>
      </trkpt>
      <trkpt lat="43.1677130" lon="-4.8576030">
        <ele>2158.2</ele>
      </trkpt>
      <trkpt lat="43.1678540" lon="-4.8572500">
        <ele>2157.2</ele>
      </trkpt>
      <trkpt lat="43.1680060" lon="-4.8566350">
        <ele>2154.7</ele>
      </trkpt>
      <trkpt lat="43.1680060" lon="-4.8564150">
        <ele>2153.8</ele>
      </trkpt>
      <trkpt lat="43.1679680" lon="-4.8560440">
        <ele>2152.4</ele>
      </trkpt>
      <trkpt lat="43.1680310" lon="-4.8556790">
        <ele>2150.9</ele>
      </trkpt>
      <trkpt lat="43.1681230" lon="-4.8554290">
        <ele>2149.8</ele>
      </trkpt>
      <trkpt lat="43.1681610" lon="-4.8551110">
        <ele>2148.6</ele>
      </trkpt>
      <trkpt lat="43.1681390" lon="-4.8550040">
        <ele>2149.4</ele>
      </trkpt>
      <trkpt lat="43.1682080" lon="-4.8546520">
        <ele>2152.1</ele>
      </trkpt>
      <trkpt lat="43.1683220" lon="-4.8541390">
        <ele>2156.1</ele>
      </trkpt>
      <trkpt lat="43.1686100" lon="-4.8535890">
        <ele>2161.1</ele>
      </trkpt>
      <trkpt lat="43.1687450" lon="-4.8527170">
        <ele>2167.9</ele>
      </trkpt>
      <trkpt lat="43.1685380" lon="-4.8522620">
        <ele>2172.6</ele>
      </trkpt>
      <trkpt lat="43.1684820" lon="-4.8520040">
        <ele>2174.9</ele>
      </trkpt>
      <trkpt lat="43.1683940" lon="-4.8512870">
        <ele>2181.2</ele>
      </trkpt>
      <trkpt lat="43.1676880" lon="-4.8499250">
        <ele>2202.4</ele>
      </trkpt>
      <trkpt lat="43.1676800" lon="-4.8496290">
        <ele>2207.3</ele>
      </trkpt>
      <trkpt lat="43.1676300" lon="-4.8495080">
        <ele>2209.6</ele>
      </trkpt>
      <trkpt lat="43.1675250" lon="-4.8493640">
        <ele>2212.9</ele>
      </trkpt>
      <trkpt lat="43.1671740" lon="-4.8485790">
        <ele>2228.1</ele>
      </trkpt>
      <trkpt lat="43.1670190" lon="-4.8480020">
        <ele>2237.5</ele>
      </trkpt>
      <trkpt lat="43.1669250" lon="-4.8474710">
        <ele>2245.8</ele>
      </trkpt>
      <trkpt lat="43.1668670" lon="-4.8472580">
        <ele>2249.3</ele>
      </trkpt>
      <trkpt lat="43.1668470" lon="-4.8470460">
        <ele>2252.6</ele>
      </trkpt>
      <trkpt lat="43.1666870" lon="-4.8468190">
        <ele>2257.4</ele>
      </trkpt>
      <trkpt lat="43.1663400" lon="-4.8464820">
        <ele>2266.3</ele>
      </trkpt>
      <trkpt lat="43.1662670" lon="-4.8463650">
        <ele>2266.0</ele>
      </trkpt>
      <trkpt lat="43.1662240" lon="-4.8461840">
        <ele>2265.3</ele>
      </trkpt>
      <trkpt lat="43.1662440" lon="-4.8459950">
        <ele>2264.6</ele>
      </trkpt>
      <trkpt lat="43.1662180" lon="-4.8458600">
        <ele>2264.1</ele>
      </trkpt>
      <trkpt lat="43.1661150" lon="-4.8455550">
        <ele>2262.9</ele>
      </trkpt>
      <trkpt lat="43.1660930" lon="-4.8454900">
        <ele>2262.6</ele>
      </trkpt>
      <trkpt lat="43.1660240" lon="-4.8446960">
        <ele>2259.7</ele>
      </trkpt>
      <trkpt lat="43.1659780" lon="-4.8443930">
        <ele>2258.6</ele>
      </trkpt>
      <trkpt lat="43.1660110" lon="-4.8441860">
        <ele>2257.8</ele>
      </trkpt>
      <trkpt lat="43.1660240" lon="-4.8438880">
        <ele>2259.7</ele>
      </trkpt>
      <trkpt lat="43.1661360" lon="-4.8433920">
        <ele>2265.0</ele>
      </trkpt>
      <trkpt lat="43.1661360" lon="-4.8431760">
        <ele>2267.2</ele>
      </trkpt>
      <trkpt lat="43.1660960" lon="-4.8430000">
        <ele>2269.1</ele>
      </trkpt>
      <trkpt lat="43.1663130" lon="-4.8422100">
        <ele>2277.7</ele>
      </trkpt>
      <trkpt lat="43.1664350" lon="-4.8419080">
        <ele>2281.2</ele>
      </trkpt>
      <trkpt lat="43.1664570" lon="-4.8413840">
        <ele>2288.5</ele>
      </trkpt>
      <trkpt lat="43.1665500" lon="-4.8409070">
        <ele>2296.0</ele>
      </trkpt>
      <trkpt lat="43.1665430" lon="-4.8408570">
        <ele>2296.8</ele>
      </trkpt>
      <trkpt lat="43.1666300" lon="-4.8408110">
        <ele>2298.8</ele>
      </trkpt>
      <trkpt lat="43.1665900" lon="-4.8406270">
        <ele>2301.7</ele>
      </trkpt>
      <trkpt lat="43.1666070" lon="-4.8405080">
        <ele>2303.5</ele>
      </trkpt>
      <trkpt lat="43.1665820" lon="-4.8404100">
        <ele>2305.1</ele>
      </trkpt>
      <trkpt lat="43.1666020" lon="-4.8403680">
        <ele>2305.9</ele>
      </trkpt>
      <trkpt lat="43.1665780" lon="-4.8402510">
        <ele>2307.8</ele>
      </trkpt>
      <trkpt lat="43.1666300" lon="-4.8401830">
        <ele>2309.3</ele>
      </trkpt>
      <trkpt lat="43.1666170" lon="-4.8401070">
        <ele>2310.4</ele>
      </trkpt>
      <trkpt lat="43.1666550" lon="-4.8401160">
        <ele>2311.3</ele>
      </trkpt>
      <trkpt lat="43.1666520" lon="-4.8399760">
        <ele>2313.4</ele>
      </trkpt>
      <trkpt lat="43.1667570" lon="-4.8398770">
        <ele>2316.1</ele>
      </trkpt>
      <trkpt lat="43.1669360" lon="-4.8397720">
        <ele>2320.1</ele>
      </trkpt>
      <trkpt lat="43.1670480" lon="-4.8397630">
        <ele>2318.8</ele>
      </trkpt>
      <trkpt lat="43.1671670" lon="-4.8397060">
        <ele>2317.1</ele>
      </trkpt>
      <trkpt lat="43.1674330" lon="-4.8393850">
        <ele>2312.2</ele>
      </trkpt>
      <trkpt lat="43.1675260" lon="-4.8393050">
        <ele>2310.8</ele>
      </trkpt>
      <trkpt lat="43.1675930" lon="-4.8393770">
        <ele>2309.6</ele>
      </trkpt>
      <trkpt lat="43.1677690" lon="-4.8392250">
        <ele>2306.8</ele>
      </trkpt>
      <trkpt lat="43.1678560" lon="-4.8391060">
        <ele>2305.1</ele>
      </trkpt>
      <trkpt lat="43.1679360" lon="-4.8388740">
        <ele>2302.6</ele>
      </trkpt>
      <trkpt lat="43.1679360" lon="-4.8387360">
        <ele>2301.2</ele>
      </trkpt>
      <trkpt lat="43.1680950" lon="-4.8384960">
        <ele>2298.0</ele>
      </trkpt>
      <trkpt lat="43.1682150" lon="-4.8382240">
        <ele>2295.1</ele>
      </trkpt>
      <trkpt lat="43.1683390" lon="-4.8380540">
        <ele>2293.4</ele>
      </trkpt>
      <trkpt lat="43.1684520" lon="-4.8380540">
        <ele>2292.3</ele>
      </trkpt>
      <trkpt lat="43.1686690" lon="-4.8379970">
        <ele>2290.2</ele>
      </trkpt>
      <trkpt lat="43.1690820" lon="-4.8378410">
        <ele>2286.0</ele>
      </trkpt>
      <trkpt lat="43.1691540" lon="-4.8375870">
        <ele>2284.1</ele>
      </trkpt>
      <trkpt lat="43.1697020" lon="-4.8372330">
        <ele>2278.3</ele>
      </trkpt>
      <trkpt lat="43.1700730" lon="-4.8372330">
        <ele>2275.6</ele>
      </trkpt>
      <trkpt lat="43.1703420" lon="-4.8374450">
        <ele>2273.4</ele>
      </trkpt>
      <trkpt lat="43.1705790" lon="-4.8375300">
        <ele>2271.7</ele>
      </trkpt>
      <trkpt lat="43.1707960" lon="-4.8377990">
        <ele>2269.6</ele>
      </trkpt>
      <trkpt lat="43.1711680" lon="-4.8380820">
        <ele>2266.6</ele>
      </trkpt>
      <trkpt lat="43.1713840" lon="-4.8381670">
        <ele>2266.1</ele>
      </trkpt>
      <trkpt lat="43.1715760" lon="-4.8383040">
        <ele>2267.4</ele>
      </trkpt>
      <trkpt lat="43.1716330" lon="-4.8383880">
        <ele>2267.8</ele>
      </trkpt>
      <trkpt lat="43.1718220" lon="-4.8383360">
        <ele>2268.9</ele>
      </trkpt>
      <trkpt lat="43.1719950" lon="-4.8383650">
        <ele>2269.9</ele>
      </trkpt>
      <trkpt lat="43.1721300" lon="-4.8385140">
        <ele>2270.9</ele>
      </trkpt>
      <trkpt lat="43.1722410" lon="-4.8386990">
        <ele>2271.9</ele>
      </trkpt>
      <trkpt lat="43.1722480" lon="-4.8388610">
        <ele>2272.5</ele>
      </trkpt>
      <trkpt lat="43.1723280" lon="-4.8389230">
        <ele>2273.1</ele>
      </trkpt>
      <trkpt lat="43.1726380" lon="-4.8388640">
        <ele>2274.8</ele>
      </trkpt>
      <trkpt lat="43.1726880" lon="-4.8388870">
        <ele>2275.1</ele>
      </trkpt>
      <trkpt lat="43.1727090" lon="-4.8389750">
        <ele>2275.5</ele>
      </trkpt>
      <trkpt lat="43.1727840" lon="-4.8389750">
        <ele>2276.2</ele>
      </trkpt>
      <trkpt lat="43.1732100" lon="-4.8386890">
        <ele>2286.5</ele>
      </trkpt>
      <trkpt lat="43.1733190" lon="-4.8386890">
        <ele>2288.8</ele>
      </trkpt>
      <trkpt lat="43.1734340" lon="-4.8387930">
        <ele>2291.8</ele>
      </trkpt>
      <trkpt lat="43.1735340" lon="-4.8387610">
        <ele>2294.0</ele>
      </trkpt>
      <trkpt lat="43.1736710" lon="-4.8385550">
        <ele>2298.4</ele>
      </trkpt>
      <trkpt lat="43.1738420" lon="-4.8384690">
        <ele>2302.3</ele>
      </trkpt>
      <trkpt lat="43.1739860" lon="-4.8381360">
        <ele>2308.4</ele>
      </trkpt>
      <trkpt lat="43.1742830" lon="-4.8378160">
        <ele>2315.9</ele>
      </trkpt>
      <trkpt lat="43.1745160" lon="-4.8374270">
        <ele>2321.5</ele>
      </trkpt>
      <trkpt lat="43.1745340" lon="-4.8373970">
        <ele>2321.9</ele>
      </trkpt>
      <trkpt lat="43.1746330" lon="-4.8373230">
        <ele>2323.6</ele>
      </trkpt>
      <trkpt lat="43.1747500" lon="-4.8370390">
        <ele>2327.2</ele>
      </trkpt>
      <trkpt lat="43.1748760" lon="-4.8369780">
        <ele>2329.2</ele>
      </trkpt>
      <trkpt lat="43.1751360" lon="-4.8374100">
        <ele>2335.4</ele>
      </trkpt>
      <trkpt lat="43.1753070" lon="-4.8373130">
        <ele>2338.2</ele>
      </trkpt>
      <trkpt lat="43.1755150" lon="-4.8371050">
        <ele>2341.8</ele>
      </trkpt>
      <trkpt lat="43.1757910" lon="-4.8372220">
        <ele>2341.3</ele>
      </trkpt>
      <trkpt lat="43.1759520" lon="-4.8376600">
        <ele>2340.8</ele>
      </trkpt>
      <trkpt lat="43.1763600" lon="-4.8373840">
        <ele>2340.2</ele>
      </trkpt>
      <trkpt lat="43.1764580" lon="-4.8373770">
        <ele>2340.0</ele>
      </trkpt>
      <trkpt lat="43.1765460" lon="-4.8373210">
        <ele>2339.9</ele>
      </trkpt>
      <trkpt lat="43.1766480" lon="-4.8371760">
        <ele>2339.7</ele>
      </trkpt>
      <trkpt lat="43.1766400" lon="-4.8367820">
        <ele>2339.2</ele>
      </trkpt>
      <trkpt lat="43.1765850" lon="-4.8365860">
        <ele>2337.4</ele>
      </trkpt>
      <trkpt lat="43.1763580" lon="-4.8364330">
        <ele>2333.3</ele>
      </trkpt>
      <trkpt lat="43.1763160" lon="-4.8362910">
        <ele>2331.5</ele>
      </trkpt>
      <trkpt lat="43.1764210" lon="-4.8359990">
        <ele>2327.7</ele>
      </trkpt>
      <trkpt lat="43.1764660" lon="-4.8357050">
        <ele>2324.2</ele>
      </trkpt>
      <trkpt lat="43.1764810" lon="-4.8354360">
        <ele>2321.0</ele>
      </trkpt>
      <trkpt lat="43.1764550" lon="-4.8352470">
        <ele>2318.7</ele>
      </trkpt>
      <trkpt lat="43.1762980" lon="-4.8348890">
        <ele>2313.8</ele>
      </trkpt>
      <trkpt lat="43.1762420" lon="-4.8348130">
        <ele>2312.6</ele>
      </trkpt>
      <trkpt lat="43.1762060" lon="-4.8346800">
        <ele>2310.9</ele>
      </trkpt>
      <trkpt lat="43.1761920" lon="-4.8346450">
        <ele>2310.4</ele>
      </trkpt>
      <trkpt lat="43.1762450" lon="-4.8343670">
        <ele>2307.8</ele>
      </trkpt>
      <trkpt lat="43.1761950" lon="-4.8342330">
        <ele>2306.4</ele>
      </trkpt>
      <trkpt lat="43.1762860" lon="-4.8343200">
        <ele>2305.0</ele>
      </trkpt>
      <trkpt lat="43.1763470" lon="-4.8343090">
        <ele>2304.3</ele>
      </trkpt>
      <trkpt lat="43.1763890" lon="-4.8343500">
        <ele>2303.6</ele>
      </trkpt>
      <trkpt lat="43.1763900" lon="-4.8343510">
        <ele>2303.6</ele>
      </trkpt>
      <trkpt lat="43.1763890" lon="-4.8343500">
        <ele>2303.6</ele>
      </trkpt>
      <trkpt lat="43.1763900" lon="-4.8343510">
        <ele>2303.6</ele>
      </trkpt>
      <trkpt lat="43.1764900" lon="-4.8344480">
        <ele>2302.1</ele>
      </trkpt>
      <trkpt lat="43.1765650" lon="-4.8343820">
        <ele>2300.9</ele>
      </trkpt>
      <trkpt lat="43.1767700" lon="-4.8339950">
        <ele>2296.6</ele>
      </trkpt>
      <trkpt lat="43.1768090" lon="-4.8339750">
        <ele>2296.1</ele>
      </trkpt>
      <trkpt lat="43.1769520" lon="-4.8337750">
        <ele>2293.6</ele>
      </trkpt>
      <trkpt lat="43.1770610" lon="-4.8337530">
        <ele>2292.2</ele>
      </trkpt>
      <trkpt lat="43.1771040" lon="-4.8337030">
        <ele>2291.5</ele>
      </trkpt>
      <trkpt lat="43.1771770" lon="-4.8337080">
        <ele>2290.6</ele>
      </trkpt>
      <trkpt lat="43.1773130" lon="-4.8336340">
        <ele>2288.8</ele>
      </trkpt>
      <trkpt lat="43.1775350" lon="-4.8332700">
        <ele>2285.3</ele>
      </trkpt>
      <trkpt lat="43.1777090" lon="-4.8332270">
        <ele>2283.7</ele>
      </trkpt>
      <trkpt lat="43.1779180" lon="-4.8332630">
        <ele>2281.7</ele>
      </trkpt>
      <trkpt lat="43.1779720" lon="-4.8330120">
        <ele>2279.9</ele>
      </trkpt>
      <trkpt lat="43.1779650" lon="-4.8328190">
        <ele>2278.6</ele>
      </trkpt>
      <trkpt lat="43.1780670" lon="-4.8322160">
        <ele>2274.4</ele>
      </trkpt>
      <trkpt lat="43.1780500" lon="-4.8318460">
        <ele>2271.8</ele>
      </trkpt>
      <trkpt lat="43.1779480" lon="-4.8312460">
        <ele>2267.9</ele>
      </trkpt>
      <trkpt lat="43.1779600" lon="-4.8308200">
        <ele>2265.3</ele>
      </trkpt>
      <trkpt lat="43.1779380" lon="-4.8304840">
        <ele>2263.2</ele>
      </trkpt>
      <trkpt lat="43.1778240" lon="-4.8298300">
        <ele>2259.0</ele>
      </trkpt>
      <trkpt lat="43.1779210" lon="-4.8294780">
        <ele>2256.7</ele>
      </trkpt>
      <trkpt lat="43.1780280" lon="-4.8292740">
        <ele>2255.7</ele>
      </trkpt>
      <trkpt lat="43.1782360" lon="-4.8284340">
        <ele>2255.0</ele>
      </trkpt>
      <trkpt lat="43.1782270" lon="-4.8282980">
        <ele>2254.9</ele>
      </trkpt>
      <trkpt lat="43.1781470" lon="-4.8280790">
        <ele>2254.7</ele>
      </trkpt>
      <trkpt lat="43.1779390" lon="-4.8277310">
        <ele>2254.4</ele>
      </trkpt>
      <trkpt lat="43.1778420" lon="-4.8274940">
        <ele>2254.2</ele>
      </trkpt>
      <trkpt lat="43.1777590" lon="-4.8273900">
        <ele>2254.1</ele>
      </trkpt>
      <trkpt lat="43.1777170" lon="-4.8272860">
        <ele>2254.0</ele>
      </trkpt>
      <trkpt lat="43.1776320" lon="-4.8271950">
        <ele>2253.9</ele>
      </trkpt>
      <trkpt lat="43.1774050" lon="-4.8268080">
        <ele>2252.6</ele>
      </trkpt>
      <trkpt lat="43.1771400" lon="-4.8265690">
        <ele>2251.4</ele>
      </trkpt>
      <trkpt lat="43.1770980" lon="-4.8264480">
        <ele>2251.1</ele>
      </trkpt>
      <trkpt lat="43.1771860" lon="-4.8260570">
        <ele>2250.0</ele>
      </trkpt>
      <trkpt lat="43.1771910" lon="-4.8259510">
        <ele>2249.8</ele>
      </trkpt>
      <trkpt lat="43.1771410" lon="-4.8257150">
        <ele>2249.1</ele>
      </trkpt>
      <trkpt lat="43.1771540" lon="-4.8255430">
        <ele>2248.7</ele>
      </trkpt>
      <trkpt lat="43.1771180" lon="-4.8250660">
        <ele>2246.6</ele>
      </trkpt>
      <trkpt lat="43.1770430" lon="-4.8248860">
        <ele>2242.4</ele>
      </trkpt>
      <trkpt lat="43.1770570" lon="-4.8246870">
        <ele>2238.4</ele>
      </trkpt>
      <trkpt lat="43.1770100" lon="-4.8245440">
        <ele>2235.3</ele>
      </trkpt>
      <trkpt lat="43.1769210" lon="-4.8243620">
        <ele>2230.9</ele>
      </trkpt>
      <trkpt lat="43.1766380" lon="-4.8239130">
        <ele>2219.0</ele>
      </trkpt>
      <trkpt lat="43.1765970" lon="-4.8239330">
        <ele>2217.8</ele>
      </trkpt>
      <trkpt lat="43.1765060" lon="-4.8236170">
        <ele>2211.0</ele>
      </trkpt>
      <trkpt lat="43.1763790" lon="-4.8230070">
        <ele>2198.3</ele>
      </trkpt>
      <trkpt lat="43.1763500" lon="-4.8229850">
        <ele>2197.3</ele>
      </trkpt>
      <trkpt lat="43.1762410" lon="-4.8232420">
        <ele>2191.1</ele>
      </trkpt>
      <trkpt lat="43.1760390" lon="-4.8234350">
        <ele>2184.1</ele>
      </trkpt>
      <trkpt lat="43.1760470" lon="-4.8230310">
        <ele>2175.6</ele>
      </trkpt>
      <trkpt lat="43.1760350" lon="-4.8226570">
        <ele>2167.8</ele>
      </trkpt>
      <trkpt lat="43.1759570" lon="-4.8225650">
        <ele>2164.9</ele>
      </trkpt>
      <trkpt lat="43.1758970" lon="-4.8225620">
        <ele>2163.1</ele>
      </trkpt>
      <trkpt lat="43.1758720" lon="-4.8227290">
        <ele>2159.6</ele>
      </trkpt>
      <trkpt lat="43.1757670" lon="-4.8228640">
        <ele>2155.5</ele>
      </trkpt>
      <trkpt lat="43.1756160" lon="-4.8229130">
        <ele>2151.0</ele>
      </trkpt>
      <trkpt lat="43.1754760" lon="-4.8229850">
        <ele>2146.7</ele>
      </trkpt>
      <trkpt lat="43.1751450" lon="-4.8228480">
        <ele>2135.7</ele>
      </trkpt>
      <trkpt lat="43.1750320" lon="-4.8227780">
        <ele>2131.8</ele>
      </trkpt>
      <trkpt lat="43.1749140" lon="-4.8226610">
        <ele>2127.1</ele>
      </trkpt>
      <trkpt lat="43.1747790" lon="-4.8226570">
        <ele>2122.8</ele>
      </trkpt>
      <trkpt lat="43.1746870" lon="-4.8227280">
        <ele>2119.4</ele>
      </trkpt>
      <trkpt lat="43.1747160" lon="-4.8225010">
        <ele>2114.1</ele>
      </trkpt>
      <trkpt lat="43.1747020" lon="-4.8224900">
        <ele>2113.6</ele>
      </trkpt>
      <trkpt lat="43.1745090" lon="-4.8226090">
        <ele>2106.8</ele>
      </trkpt>
      <trkpt lat="43.1743840" lon="-4.8226680">
        <ele>2102.6</ele>
      </trkpt>
      <trkpt lat="43.1743770" lon="-4.8223970">
        <ele>2096.3</ele>
      </trkpt>
      <trkpt lat="43.1743970" lon="-4.8223020">
        <ele>2094.0</ele>
      </trkpt>
      <trkpt lat="43.1743820" lon="-4.8222880">
        <ele>2093.4</ele>
      </trkpt>
      <trkpt lat="43.1742090" lon="-4.8224080">
        <ele>2087.9</ele>
      </trkpt>
      <trkpt lat="43.1741190" lon="-4.8225770">
        <ele>2084.8</ele>
      </trkpt>
      <trkpt lat="43.1740970" lon="-4.8225700">
        <ele>2084.3</ele>
      </trkpt>
      <trkpt lat="43.1740540" lon="-4.8221910">
        <ele>2078.5</ele>
      </trkpt>
      <trkpt lat="43.1739930" lon="-4.8218840">
        <ele>2073.6</ele>
      </trkpt>
      <trkpt lat="43.1738910" lon="-4.8217090">
        <ele>2070.2</ele>
      </trkpt>
      <trkpt lat="43.1738920" lon="-4.8216330">
        <ele>2069.1</ele>
      </trkpt>
      <trkpt lat="43.1737080" lon="-4.8213300">
        <ele>2063.1</ele>
      </trkpt>
      <trkpt lat="43.1734710" lon="-4.8207440">
        <ele>2052.9</ele>
      </trkpt>
      <trkpt lat="43.1732140" lon="-4.8202430">
        <ele>2044.7</ele>
      </trkpt>
      <trkpt lat="43.1731860" lon="-4.8201200">
        <ele>2043.0</ele>
      </trkpt>
      <trkpt lat="43.1730960" lon="-4.8199290">
        <ele>2040.0</ele>
      </trkpt>
      <trkpt lat="43.1730750" lon="-4.8197280">
        <ele>2037.4</ele>
      </trkpt>
      <trkpt lat="43.1730090" lon="-4.8195140">
        <ele>2034.3</ele>
      </trkpt>
      <trkpt lat="43.1728460" lon="-4.8192480">
        <ele>2029.8</ele>
      </trkpt>
      <trkpt lat="43.1727300" lon="-4.8189820">
        <ele>2025.7</ele>
      </trkpt>
      <trkpt lat="43.1726380" lon="-4.8186880">
        <ele>2021.5</ele>
      </trkpt>
      <trkpt lat="43.1726280" lon="-4.8183590">
        <ele>2017.5</ele>
      </trkpt>
      <trkpt lat="43.1725690" lon="-4.8182470">
        <ele>2015.8</ele>
      </trkpt>
      <trkpt lat="43.1725390" lon="-4.8179080">
        <ele>2011.8</ele>
      </trkpt>
      <trkpt lat="43.1724810" lon="-4.8177660">
        <ele>2009.9</ele>
      </trkpt>
      <trkpt lat="43.1724370" lon="-4.8175430">
        <ele>2007.1</ele>
      </trkpt>
      <trkpt lat="43.1723720" lon="-4.8174400">
        <ele>2005.5</ele>
      </trkpt>
      <trkpt lat="43.1718540" lon="-4.8171550">
        <ele>1996.5</ele>
      </trkpt>
      <trkpt lat="43.1714640" lon="-4.8168740">
        <ele>1989.3</ele>
      </trkpt>
      <trkpt lat="43.1713030" lon="-4.8168150">
        <ele>1986.5</ele>
      </trkpt>
      <trkpt lat="43.1710350" lon="-4.8164830">
        <ele>1980.3</ele>
      </trkpt>
      <trkpt lat="43.1709420" lon="-4.8162920">
        <ele>1977.5</ele>
      </trkpt>
      <trkpt lat="43.1708200" lon="-4.8161120">
        <ele>1974.5</ele>
      </trkpt>
      <trkpt lat="43.1707570" lon="-4.8160710">
        <ele>1973.3</ele>
      </trkpt>
      <trkpt lat="43.1707210" lon="-4.8159220">
        <ele>1971.3</ele>
      </trkpt>
      <trkpt lat="43.1706280" lon="-4.8157950">
        <ele>1969.1</ele>
      </trkpt>
      <trkpt lat="43.1704400" lon="-4.8157220">
        <ele>1965.8</ele>
      </trkpt>
      <trkpt lat="43.1703210" lon="-4.8156160">
        <ele>1963.4</ele>
      </trkpt>
      <trkpt lat="43.1702350" lon="-4.8155730">
        <ele>1961.8</ele>
      </trkpt>
      <trkpt lat="43.1700370" lon="-4.8155520">
        <ele>1958.8</ele>
      </trkpt>
      <trkpt lat="43.1696580" lon="-4.8154410">
        <ele>1953.8</ele>
      </trkpt>
      <trkpt lat="43.1691770" lon="-4.8153850">
        <ele>1947.5</ele>
      </trkpt>
      <trkpt lat="43.1691170" lon="-4.8153300">
        <ele>1946.6</ele>
      </trkpt>
      <trkpt lat="43.1690100" lon="-4.8150130">
        <ele>1943.3</ele>
      </trkpt>
      <trkpt lat="43.1686570" lon="-4.8144670">
        <ele>1936.4</ele>
      </trkpt>
      <trkpt lat="43.1685670" lon="-4.8143590">
        <ele>1935.5</ele>
      </trkpt>
      <trkpt lat="43.1684620" lon="-4.8142840">
        <ele>1934.6</ele>
      </trkpt>
      <trkpt lat="43.1682200" lon="-4.8139730">
        <ele>1932.1</ele>
      </trkpt>
      <trkpt lat="43.1681250" lon="-4.8137890">
        <ele>1930.9</ele>
      </trkpt>
      <trkpt lat="43.1679850" lon="-4.8136020">
        <ele>1929.4</ele>
      </trkpt>
      <trkpt lat="43.1678030" lon="-4.8134050">
        <ele>1927.6</ele>
      </trkpt>
      <trkpt lat="43.1677190" lon="-4.8133720">
        <ele>1927.0</ele>
      </trkpt>
      <trkpt lat="43.1674710" lon="-4.8133710">
        <ele>1925.1</ele>
      </trkpt>
      <trkpt lat="43.1673040" lon="-4.8132640">
        <ele>1923.7</ele>
      </trkpt>
      <trkpt lat="43.1667300" lon="-4.8130310">
        <ele>1918.3</ele>
      </trkpt>
      <trkpt lat="43.1664380" lon="-4.8130180">
        <ele>1915.6</ele>
      </trkpt>
      <trkpt lat="43.1662690" lon="-4.8129330">
        <ele>1913.9</ele>
      </trkpt>
      <trkpt lat="43.1660390" lon="-4.8127620">
        <ele>1911.5</ele>
      </trkpt>
      <trkpt lat="43.1658320" lon="-4.8126860">
        <ele>1909.5</ele>
      </trkpt>
      <trkpt lat="43.1656980" lon="-4.8126840">
        <ele>1908.3</ele>
      </trkpt>
      <trkpt lat="43.1655360" lon="-4.8126760">
        <ele>1906.8</ele>
      </trkpt>
      <trkpt lat="43.1652170" lon="-4.8124540">
        <ele>1906.2</ele>
      </trkpt>
      <trkpt lat="43.1650480" lon="-4.8121990">
        <ele>1906.1</ele>
      </trkpt>
      <trkpt lat="43.1648740" lon="-4.8118700">
        <ele>1906.0</ele>
      </trkpt>
      <trkpt lat="43.1647130" lon="-4.8114160">
        <ele>1905.9</ele>
      </trkpt>
      <trkpt lat="43.1643450" lon="-4.8106130">
        <ele>1905.8</ele>
      </trkpt>
      <trkpt lat="43.1642080" lon="-4.8104330">
        <ele>1905.9</ele>
      </trkpt>
      <trkpt lat="43.1640600" lon="-4.8100240">
        <ele>1906.0</ele>
      </trkpt>
      <trkpt lat="43.1640190" lon="-4.8099650">
        <ele>1906.0</ele>
      </trkpt>
      <trkpt lat="43.1639210" lon="-4.8099020">
        <ele>1906.1</ele>
      </trkpt>
      <trkpt lat="43.1637170" lon="-4.8098340">
        <ele>1906.1</ele>
      </trkpt>
      <trkpt lat="43.1634890" lon="-4.8096730">
        <ele>1906.3</ele>
      </trkpt>
      <trkpt lat="43.1632830" lon="-4.8094470">
        <ele>1906.4</ele>
      </trkpt>
      <trkpt lat="43.1631170" lon="-4.8092010">
        <ele>1906.5</ele>
      </trkpt>
      <trkpt lat="43.1629390" lon="-4.8090540">
        <ele>1907.0</ele>
      </trkpt>
      <trkpt lat="43.1627180" lon="-4.8089930">
        <ele>1907.6</ele>
      </trkpt>
      <trkpt lat="43.1623060" lon="-4.8087970">
        <ele>1908.9</ele>
      </trkpt>
      <trkpt lat="43.1621040" lon="-4.8086530">
        <ele>1909.5</ele>
      </trkpt>
      <trkpt lat="43.1614040" lon="-4.8079610">
        <ele>1912.5</ele>
      </trkpt>
      <trkpt lat="43.1610600" lon="-4.8077000">
        <ele>1915.1</ele>
      </trkpt>
      <trkpt lat="43.1607980" lon="-4.8074390">
        <ele>1917.3</ele>
      </trkpt>
      <trkpt lat="43.1605390" lon="-4.8065810">
        <ele>1921.8</ele>
      </trkpt>
      <trkpt lat="43.1605820" lon="-4.8064800">
        <ele>1922.3</ele>
      </trkpt>
      <trkpt lat="43.1606300" lon="-4.8060300">
        <ele>1921.6</ele>
      </trkpt>
      <trkpt lat="43.1606930" lon="-4.8059310">
        <ele>1920.4</ele>
      </trkpt>
      <trkpt lat="43.1607820" lon="-4.8059070">
        <ele>1919.2</ele>
      </trkpt>
      <trkpt lat="43.1606930" lon="-4.8059310">
        <ele>1918.0</ele>
      </trkpt>
      <trkpt lat="43.1607820" lon="-4.8059070">
        <ele>1916.8</ele>
      </trkpt>
      <trkpt lat="43.1609510" lon="-4.8058290">
        <ele>1914.4</ele>
      </trkpt>
      <trkpt lat="43.1611390" lon="-4.8056760">
        <ele>1911.6</ele>
      </trkpt>
      <trkpt lat="43.1616340" lon="-4.8050260">
        <ele>1902.5</ele>
      </trkpt>
      <trkpt lat="43.1618720" lon="-4.8047740">
        <ele>1898.5</ele>
      </trkpt>
      <trkpt lat="43.1620750" lon="-4.8046210">
        <ele>1895.3</ele>
      </trkpt>
      <trkpt lat="43.1624820" lon="-4.8044180">
        <ele>1889.4</ele>
      </trkpt>
      <trkpt lat="43.1629910" lon="-4.8039810">
        <ele>1881.2</ele>
      </trkpt>
      <trkpt lat="43.1632000" lon="-4.8037640">
        <ele>1877.6</ele>
      </trkpt>
      <trkpt lat="43.1635830" lon="-4.8032630">
        <ele>1871.4</ele>
      </trkpt>
      <trkpt lat="43.1639070" lon="-4.8030700">
        <ele>1867.7</ele>
      </trkpt>
      <trkpt lat="43.1639560" lon="-4.8028150">
        <ele>1865.7</ele>
      </trkpt>
      <trkpt lat="43.1640040" lon="-4.8026840">
        <ele>1864.6</ele>
      </trkpt>
      <trkpt lat="43.1640710" lon="-4.8025530">
        <ele>1863.4</ele>
      </trkpt>
      <trkpt lat="43.1642800" lon="-4.8022890">
        <ele>1860.4</ele>
      </trkpt>
      <trkpt lat="43.1647160" lon="-4.8018450">
        <ele>1854.5</ele>
      </trkpt>
      <trkpt lat="43.1649780" lon="-4.8016390">
        <ele>1851.1</ele>
      </trkpt>
      <trkpt lat="43.1651700" lon="-4.8012870">
        <ele>1847.5</ele>
      </trkpt>
      <trkpt lat="43.1654270" lon="-4.8011480">
        <ele>1844.3</ele>
      </trkpt>
      <trkpt lat="43.1654800" lon="-4.8010940">
        <ele>1843.6</ele>
      </trkpt>
      <trkpt lat="43.1654010" lon="-4.8001020">
        <ele>1835.1</ele>
      </trkpt>
      <trkpt lat="43.1653770" lon="-4.7999900">
        <ele>1833.9</ele>
      </trkpt>
      <trkpt lat="43.1654190" lon="-4.7999140">
        <ele>1832.8</ele>
      </trkpt>
      <trkpt lat="43.1654800" lon="-4.7998710">
        <ele>1831.8</ele>
      </trkpt>
      <trkpt lat="43.1655000" lon="-4.7997740">
        <ele>1830.7</ele>
      </trkpt>
      <trkpt lat="43.1656830" lon="-4.7995990">
        <ele>1827.4</ele>
      </trkpt>
      <trkpt lat="43.1657820" lon="-4.7993460">
        <ele>1824.3</ele>
      </trkpt>
      <trkpt lat="43.1659000" lon="-4.7991790">
        <ele>1821.8</ele>
      </trkpt>
      <trkpt lat="43.1662580" lon="-4.7988380">
        <ele>1815.3</ele>
      </trkpt>
      <trkpt lat="43.1664580" lon="-4.7984870">
        <ele>1810.5</ele>
      </trkpt>
      <trkpt lat="43.1665180" lon="-4.7984480">
        <ele>1809.5</ele>
      </trkpt>
      <trkpt lat="43.1666560" lon="-4.7982650">
        <ele>1805.7</ele>
      </trkpt>
      <trkpt lat="43.1667890" lon="-4.7980390">
        <ele>1801.2</ele>
      </trkpt>
      <trkpt lat="43.1668170" lon="-4.7979440">
        <ele>1799.6</ele>
      </trkpt>
      <trkpt lat="43.1669170" lon="-4.7974510">
        <ele>1791.8</ele>
      </trkpt>
      <trkpt lat="43.1669060" lon="-4.7973700">
        <ele>1790.5</ele>
      </trkpt>
      <trkpt lat="43.1669460" lon="-4.7973180">
        <ele>1789.3</ele>
      </trkpt>
      <trkpt lat="43.1669340" lon="-4.7972600">
        <ele>1788.4</ele>
      </trkpt>
      <trkpt lat="43.1670300" lon="-4.7968180">
        <ele>1781.3</ele>
      </trkpt>
      <trkpt lat="43.1670570" lon="-4.7966060">
        <ele>1778.0</ele>
      </trkpt>
      <trkpt lat="43.1670470" lon="-4.7962310">
        <ele>1772.3</ele>
      </trkpt>
      <trkpt lat="43.1671850" lon="-4.7955470">
        <ele>1762.2</ele>
      </trkpt>
      <trkpt lat="43.1671790" lon="-4.7952480">
        <ele>1758.0</ele>
      </trkpt>
      <trkpt lat="43.1671950" lon="-4.7951690">
        <ele>1756.8</ele>
      </trkpt>
      <trkpt lat="43.1671530" lon="-4.7947640">
        <ele>1751.1</ele>
      </trkpt>
      <trkpt lat="43.1671520" lon="-4.7944180">
        <ele>1746.2</ele>
      </trkpt>
      <trkpt lat="43.1672460" lon="-4.7941610">
        <ele>1742.1</ele>
      </trkpt>
      <trkpt lat="43.1673390" lon="-4.7936550">
        <ele>1735.0</ele>
      </trkpt>
      <trkpt lat="43.1673710" lon="-4.7933660">
        <ele>1731.3</ele>
      </trkpt>
      <trkpt lat="43.1674300" lon="-4.7931680">
        <ele>1728.6</ele>
      </trkpt>
      <trkpt lat="43.1674610" lon="-4.7927790">
        <ele>1723.7</ele>
      </trkpt>
      <trkpt lat="43.1674820" lon="-4.7927120">
        <ele>1722.8</ele>
      </trkpt>
      <trkpt lat="43.1676570" lon="-4.7925180">
        <ele>1718.9</ele>
      </trkpt>
      <trkpt lat="43.1677740" lon="-4.7921850">
        <ele>1714.3</ele>
      </trkpt>
      <trkpt lat="43.1679700" lon="-4.7919410">
        <ele>1709.7</ele>
      </trkpt>
      <trkpt lat="43.1680400" lon="-4.7917490">
        <ele>1707.0</ele>
      </trkpt>
      <trkpt lat="43.1680660" lon="-4.7915380">
        <ele>1704.5</ele>
      </trkpt>
      <trkpt lat="43.1680530" lon="-4.7912850">
        <ele>1701.6</ele>
      </trkpt>
      <trkpt lat="43.1680810" lon="-4.7908780">
        <ele>1696.9</ele>
      </trkpt>
      <trkpt lat="43.1680550" lon="-4.7906160">
        <ele>1694.0</ele>
      </trkpt>
      <trkpt lat="43.1681530" lon="-4.7901800">
        <ele>1688.8</ele>
      </trkpt>
      <trkpt lat="43.1682180" lon="-4.7897220">
        <ele>1683.5</ele>
      </trkpt>
      <trkpt lat="43.1682190" lon="-4.7893550">
        <ele>1679.3</ele>
      </trkpt>
      <trkpt lat="43.1681940" lon="-4.7892370">
        <ele>1677.9</ele>
      </trkpt>
      <trkpt lat="43.1680300" lon="-4.7889130">
        <ele>1674.8</ele>
      </trkpt>
      <trkpt lat="43.1679460" lon="-4.7885860">
        <ele>1672.1</ele>
      </trkpt>
      <trkpt lat="43.1678000" lon="-4.7882220">
        <ele>1668.9</ele>
      </trkpt>
      <trkpt lat="43.1677650" lon="-4.7880510">
        <ele>1667.5</ele>
      </trkpt>
      <trkpt lat="43.1677590" lon="-4.7878910">
        <ele>1666.2</ele>
      </trkpt>
      <trkpt lat="43.1678180" lon="-4.7875380">
        <ele>1663.4</ele>
      </trkpt>
      <trkpt lat="43.1678350" lon="-4.7874410">
        <ele>1662.6</ele>
      </trkpt>
      <trkpt lat="43.1680820" lon="-4.7870700">
        <ele>1658.7</ele>
      </trkpt>
      <trkpt lat="43.1681910" lon="-4.7868650">
        <ele>1656.7</ele>
      </trkpt>
      <trkpt lat="43.1683170" lon="-4.7865770">
        <ele>1653.9</ele>
      </trkpt>
      <trkpt lat="43.1683500" lon="-4.7864570">
        <ele>1652.9</ele>
      </trkpt>
      <trkpt lat="43.1683540" lon="-4.7863400">
        <ele>1651.9</ele>
      </trkpt>
      <trkpt lat="43.1683300" lon="-4.7862400">
        <ele>1651.1</ele>
      </trkpt>
      <trkpt lat="43.1681900" lon="-4.7859570">
        <ele>1648.3</ele>
      </trkpt>
      <trkpt lat="43.1685640" lon="-4.7857690">
        <ele>1643.8</ele>
      </trkpt>
      <trkpt lat="43.1686370" lon="-4.7856870">
        <ele>1642.8</ele>
      </trkpt>
      <trkpt lat="43.1694270" lon="-4.7843930">
        <ele>1627.8</ele>
      </trkpt>
      <trkpt lat="43.1702820" lon="-4.7831480">
        <ele>1610.4</ele>
      </trkpt>
      <trkpt lat="43.1705050" lon="-4.7827380">
        <ele>1603.6</ele>
      </trkpt>
      <trkpt lat="43.1706330" lon="-4.7824190">
        <ele>1598.7</ele>
      </trkpt>
      <trkpt lat="43.1709140" lon="-4.7814110">
        <ele>1584.2</ele>
      </trkpt>
      <trkpt lat="43.1711640" lon="-4.7803900">
        <ele>1571.1</ele>
      </trkpt>
      <trkpt lat="43.1716870" lon="-4.7784460">
        <ele>1547.9</ele>
      </trkpt>
      <trkpt lat="43.1718170" lon="-4.7780080">
        <ele>1543.7</ele>
      </trkpt>
      <trkpt lat="43.1720700" lon="-4.7773660">
        <ele>1537.1</ele>
      </trkpt>
      <trkpt lat="43.1723420" lon="-4.7763830">
        <ele>1527.6</ele>
      </trkpt>
      <trkpt lat="43.1728090" lon="-4.7749140">
        <ele>1512.7</ele>
      </trkpt>
      <trkpt lat="43.1731660" lon="-4.7739160">
        <ele>1503.6</ele>
      </trkpt>
      <trkpt lat="43.1734240" lon="-4.7732860">
        <ele>1498.3</ele>
      </trkpt>
      <trkpt lat="43.1736880" lon="-4.7727440">
        <ele>1493.5</ele>
      </trkpt>
      <trkpt lat="43.1740260" lon="-4.7721860">
        <ele>1488.9</ele>
      </trkpt>
      <trkpt lat="43.1743040" lon="-4.7716550">
        <ele>1486.3</ele>
      </trkpt>
      <trkpt lat="43.1746960" lon="-4.7710940">
        <ele>1483.1</ele>
      </trkpt>
      <trkpt lat="43.1748950" lon="-4.7708400">
        <ele>1481.6</ele>
      </trkpt>
      <trkpt lat="43.1751940" lon="-4.7705240">
        <ele>1479.5</ele>
      </trkpt>
      <trkpt lat="43.1752830" lon="-4.7704000">
        <ele>1478.7</ele>
      </trkpt>
      <trkpt lat="43.1753650" lon="-4.7702000">
        <ele>1477.7</ele>
      </trkpt>
      <trkpt lat="43.1754810" lon="-4.7700240">
        <ele>1476.7</ele>
      </trkpt>
      <trkpt lat="43.1757520" lon="-4.7697210">
        <ele>1474.6</ele>
      </trkpt>
      <trkpt lat="43.1762760" lon="-4.7692020">
        <ele>1470.8</ele>
      </trkpt>
      <trkpt lat="43.1773230" lon="-4.7679520">
        <ele>1459.2</ele>
      </trkpt>
      <trkpt lat="43.1778500" lon="-4.7674520">
        <ele>1453.4</ele>
      </trkpt>
      <trkpt lat="43.1780700" lon="-4.7673490">
        <ele>1451.5</ele>
      </trkpt>
      <trkpt lat="43.1782510" lon="-4.7671740">
        <ele>1449.7</ele>
      </trkpt>
      <trkpt lat="43.1787270" lon="-4.7664540">
        <ele>1443.9</ele>
      </trkpt>
      <trkpt lat="43.1791860" lon="-4.7659680">
        <ele>1439.1</ele>
      </trkpt>
      <trkpt lat="43.1794200" lon="-4.7657850">
        <ele>1437.3</ele>
      </trkpt>
      <trkpt lat="43.1798320" lon="-4.7655300">
        <ele>1434.8</ele>
      </trkpt>
      <trkpt lat="43.1803330" lon="-4.7652650">
        <ele>1431.7</ele>
      </trkpt>
      <trkpt lat="43.1811250" lon="-4.7647820">
        <ele>1425.8</ele>
      </trkpt>
      <trkpt lat="43.1812610" lon="-4.7647350">
        <ele>1424.4</ele>
      </trkpt>
      <trkpt lat="43.1815680" lon="-4.7647780">
        <ele>1421.3</ele>
      </trkpt>
      <trkpt lat="43.1817030" lon="-4.7647530">
        <ele>1419.9</ele>
      </trkpt>
      <trkpt lat="43.1821170" lon="-4.7646440">
        <ele>1415.7</ele>
      </trkpt>
      <trkpt lat="43.1824040" lon="-4.7645280">
        <ele>1412.7</ele>
      </trkpt>
      <trkpt lat="43.1828800" lon="-4.7644120">
        <ele>1407.0</ele>
      </trkpt>
      <trkpt lat="43.1830330" lon="-4.7643380">
        <ele>1404.7</ele>
      </trkpt>
      <trkpt lat="43.1834460" lon="-4.7643450">
        <ele>1399.0</ele>
      </trkpt>
      <trkpt lat="43.1836750" lon="-4.7643010">
        <ele>1395.7</ele>
      </trkpt>
      <trkpt lat="43.1851160" lon="-4.7638490">
        <ele>1375.3</ele>
      </trkpt>
      <trkpt lat="43.1862170" lon="-4.7634410">
        <ele>1359.8</ele>
      </trkpt>
      <trkpt lat="43.1873500" lon="-4.7632910">
        <ele>1346.1</ele>
      </trkpt>
      <trkpt lat="43.1874980" lon="-4.7631970">
        <ele>1344.1</ele>
      </trkpt>
      <trkpt lat="43.1877210" lon="-4.7629280">
        <ele>1340.5</ele>
      </trkpt>
      <trkpt lat="43.1877730" lon="-4.7628660">
        <ele>1339.7</ele>
      </trkpt>
      <trkpt lat="43.1880420" lon="-4.7626990">
        <ele>1336.5</ele>
      </trkpt>
      <trkpt lat="43.1884280" lon="-4.7625200">
        <ele>1332.3</ele>
      </trkpt>
      <trkpt lat="43.1882740" lon="-4.7628540">
        <ele>1329.3</ele>
      </trkpt>
      <trkpt lat="43.1884280" lon="-4.7625200">
        <ele>1326.4</ele>
      </trkpt>
      <trkpt lat="43.1886600" lon="-4.7624790">
        <ele>1324.0</ele>
      </trkpt>
      <trkpt lat="43.1888650" lon="-4.7625010">
        <ele>1321.8</ele>
      </trkpt>
      <trkpt lat="43.1891530" lon="-4.7626310">
        <ele>1318.4</ele>
      </trkpt>
      <trkpt lat="43.1892600" lon="-4.7626410">
        <ele>1317.0</ele>
      </trkpt>
      <trkpt lat="43.1893780" lon="-4.7625740">
        <ele>1315.4</ele>
      </trkpt>
      <trkpt lat="43.1894820" lon="-4.7624430">
        <ele>1313.6</ele>
      </trkpt>
      <trkpt lat="43.1895490" lon="-4.7622450">
        <ele>1311.6</ele>
      </trkpt>
      <trkpt lat="43.1895620" lon="-4.7620980">
        <ele>1310.2</ele>
      </trkpt>
      <trkpt lat="43.1896030" lon="-4.7619630">
        <ele>1308.8</ele>
      </trkpt>
      <trkpt lat="43.1896970" lon="-4.7618470">
        <ele>1307.2</ele>
      </trkpt>
      <trkpt lat="43.1897980" lon="-4.7618100">
        <ele>1305.9</ele>
      </trkpt>
      <trkpt lat="43.1898760" lon="-4.7618150">
        <ele>1304.9</ele>
      </trkpt>
      <trkpt lat="43.1899620" lon="-4.7618730">
        <ele>1303.7</ele>
      </trkpt>
      <trkpt lat="43.1900440" lon="-4.7619800">
        <ele>1302.2</ele>
      </trkpt>
      <trkpt lat="43.1901050" lon="-4.7621290">
        <ele>1300.6</ele>
      </trkpt>
      <trkpt lat="43.1901360" lon="-4.7623130">
        <ele>1298.9</ele>
      </trkpt>
      <trkpt lat="43.1901640" lon="-4.7623710">
        <ele>1298.2</ele>
      </trkpt>
      <trkpt lat="43.1902650" lon="-4.7624240">
        <ele>1296.8</ele>
      </trkpt>
      <trkpt lat="43.1903130" lon="-4.7624220">
        <ele>1296.2</ele>
      </trkpt>
      <trkpt lat="43.1905870" lon="-4.7622540">
        <ele>1292.2</ele>
      </trkpt>
      <trkpt lat="43.1907190" lon="-4.7622360">
        <ele>1290.5</ele>
      </trkpt>
      <trkpt lat="43.1908440" lon="-4.7622740">
        <ele>1288.8</ele>
      </trkpt>
      <trkpt lat="43.1912100" lon="-4.7625010">
        <ele>1283.5</ele>
      </trkpt>
      <trkpt lat="43.1914700" lon="-4.7624970">
        <ele>1280.0</ele>
      </trkpt>
      <trkpt lat="43.1915450" lon="-4.7623950">
        <ele>1278.6</ele>
      </trkpt>
      <trkpt lat="43.1916040" lon="-4.7622550">
        <ele>1277.1</ele>
      </trkpt>
      <trkpt lat="43.1916850" lon="-4.7622160">
        <ele>1276.0</ele>
      </trkpt>
      <trkpt lat="43.1918460" lon="-4.7622180">
        <ele>1273.8</ele>
      </trkpt>
      <trkpt lat="43.1926080" lon="-4.7623710">
        <ele>1265.2</ele>
      </trkpt>
      <trkpt lat="43.1928870" lon="-4.7623520">
        <ele>1262.1</ele>
      </trkpt>
      <trkpt lat="43.1935080" lon="-4.7623780">
        <ele>1255.2</ele>
      </trkpt>
      <trkpt lat="43.1936670" lon="-4.7623400">
        <ele>1253.4</ele>
      </trkpt>
      <trkpt lat="43.1941440" lon="-4.7621390">
        <ele>1247.6</ele>
      </trkpt>
      <trkpt lat="43.1942980" lon="-4.7621750">
        <ele>1245.8</ele>
      </trkpt>
      <trkpt lat="43.1945150" lon="-4.7624220">
        <ele>1242.6</ele>
      </trkpt>
      <trkpt lat="43.1946630" lon="-4.7625160">
        <ele>1240.7</ele>
      </trkpt>
      <trkpt lat="43.1949130" lon="-4.7626290">
        <ele>1237.7</ele>
      </trkpt>
      <trkpt lat="43.1953200" lon="-4.7626890">
        <ele>1233.0</ele>
      </trkpt>
      <trkpt lat="43.1959100" lon="-4.7623900">
        <ele>1224.5</ele>
      </trkpt>
      <trkpt lat="43.1960760" lon="-4.7623760">
        <ele>1222.2</ele>
      </trkpt>
      <trkpt lat="43.1965210" lon="-4.7626340">
        <ele>1215.6</ele>
      </trkpt>
      <trkpt lat="43.1967330" lon="-4.7629000">
        <ele>1211.7</ele>
      </trkpt>
      <trkpt lat="43.1968510" lon="-4.7632160">
        <ele>1208.2</ele>
      </trkpt>
      <trkpt lat="43.1969440" lon="-4.7632910">
        <ele>1206.7</ele>
      </trkpt>
      <trkpt lat="43.1970180" lon="-4.7632770">
        <ele>1205.7</ele>
      </trkpt>
      <trkpt lat="43.1971510" lon="-4.7631590">
        <ele>1203.6</ele>
      </trkpt>
      <trkpt lat="43.1972070" lon="-4.7632020">
        <ele>1202.8</ele>
      </trkpt>
      <trkpt lat="43.1972240" lon="-4.7632920">
        <ele>1201.9</ele>
      </trkpt>
      <trkpt lat="43.1971580" lon="-4.7635210">
        <ele>1199.5</ele>
      </trkpt>
      <trkpt lat="43.1971850" lon="-4.7636510">
        <ele>1198.2</ele>
      </trkpt>
      <trkpt lat="43.1972550" lon="-4.7636980">
        <ele>1197.2</ele>
      </trkpt>
      <trkpt lat="43.1973490" lon="-4.7636870">
        <ele>1195.9</ele>
      </trkpt>
      <trkpt lat="43.1975240" lon="-4.7635960">
        <ele>1193.5</ele>
      </trkpt>
      <trkpt lat="43.1977480" lon="-4.7636060">
        <ele>1190.5</ele>
      </trkpt>
      <trkpt lat="43.1979020" lon="-4.7636710">
        <ele>1188.4</ele>
      </trkpt>
      <trkpt lat="43.1983070" lon="-4.7640050">
        <ele>1181.5</ele>
      </trkpt>
      <trkpt lat="43.1983820" lon="-4.7640110">
        <ele>1180.3</ele>
      </trkpt>
      <trkpt lat="43.1985460" lon="-4.7639390">
        <ele>1177.5</ele>
      </trkpt>
      <trkpt lat="43.1987200" lon="-4.7639630">
        <ele>1174.6</ele>
      </trkpt>
      <trkpt lat="43.1989450" lon="-4.7641230">
        <ele>1170.4</ele>
      </trkpt>
      <trkpt lat="43.1990040" lon="-4.7642220">
        <ele>1168.9</ele>
      </trkpt>
      <trkpt lat="43.1990670" lon="-4.7642800">
        <ele>1167.6</ele>
      </trkpt>
      <trkpt lat="43.1993530" lon="-4.7642670">
        <ele>1162.9</ele>
      </trkpt>
      <trkpt lat="43.1995960" lon="-4.7640820">
        <ele>1158.3</ele>
      </trkpt>
      <trkpt lat="43.1997540" lon="-4.7640380">
        <ele>1155.6</ele>
      </trkpt>
      <trkpt lat="43.2000130" lon="-4.7640410">
        <ele>1150.4</ele>
      </trkpt>
      <trkpt lat="43.2003120" lon="-4.7641520">
        <ele>1143.9</ele>
      </trkpt>
      <trkpt lat="43.2004310" lon="-4.7641590">
        <ele>1141.4</ele>
      </trkpt>
      <trkpt lat="43.2007410" lon="-4.7640160">
        <ele>1134.5</ele>
      </trkpt>
      <trkpt lat="43.2010000" lon="-4.7641060">
        <ele>1128.9</ele>
      </trkpt>
      <trkpt lat="43.2012330" lon="-4.7644950">
        <ele>1121.2</ele>
      </trkpt>
      <trkpt lat="43.2014290" lon="-4.7649870">
        <ele>1113.6</ele>
      </trkpt>
      <trkpt lat="43.2015680" lon="-4.7652730">
        <ele>1109.6</ele>
      </trkpt>
      <trkpt lat="43.2016920" lon="-4.7653990">
        <ele>1107.1</ele>
      </trkpt>
      <trkpt lat="43.2019810" lon="-4.7655920">
        <ele>1102.0</ele>
      </trkpt>
      <trkpt lat="43.2021170" lon="-4.7661620">
        <ele>1095.0</ele>
      </trkpt>
      <trkpt lat="43.2022190" lon="-4.7663760">
        <ele>1092.0</ele>
      </trkpt>
      <trkpt lat="43.2023080" lon="-4.7664860">
        <ele>1090.0</ele>
      </trkpt>
      <trkpt lat="43.2028890" lon="-4.7668300">
        <ele>1082.7</ele>
      </trkpt>
      <trkpt lat="43.2030140" lon="-4.7669490">
        <ele>1081.1</ele>
      </trkpt>
      <trkpt lat="43.2032830" lon="-4.7669650">
        <ele>1078.2</ele>
      </trkpt>
      <trkpt lat="43.2035280" lon="-4.7669010">
        <ele>1075.6</ele>
      </trkpt>
      <trkpt lat="43.2036760" lon="-4.7669640">
        <ele>1073.9</ele>
      </trkpt>
      <trkpt lat="43.2037720" lon="-4.7670660">
        <ele>1072.7</ele>
      </trkpt>
      <trkpt lat="43.2040990" lon="-4.7672030">
        <ele>1069.0</ele>
      </trkpt>
      <trkpt lat="43.2043990" lon="-4.7675400">
        <ele>1065.9</ele>
      </trkpt>
      <trkpt lat="43.2045760" lon="-4.7676440">
        <ele>1064.4</ele>
      </trkpt>
      <trkpt lat="43.2046320" lon="-4.7676770">
        <ele>1063.9</ele>
      </trkpt>
      <trkpt lat="43.2048040" lon="-4.7676910">
        <ele>1062.5</ele>
      </trkpt>
      <trkpt lat="43.2049590" lon="-4.7676210">
        <ele>1061.2</ele>
      </trkpt>
      <trkpt lat="43.2051150" lon="-4.7675970">
        <ele>1060.0</ele>
      </trkpt>
      <trkpt lat="43.2057990" lon="-4.7677820">
        <ele>1054.5</ele>
      </trkpt>
      <trkpt lat="43.2059610" lon="-4.7677600">
        <ele>1053.6</ele>
      </trkpt>
      <trkpt lat="43.2060650" lon="-4.7677060">
        <ele>1053.0</ele>
      </trkpt>
      <trkpt lat="43.2063850" lon="-4.7672640">
        <ele>1050.4</ele>
      </trkpt>
      <trkpt lat="43.2064730" lon="-4.7671440">
        <ele>1049.7</ele>
      </trkpt>
      <trkpt lat="43.2065590" lon="-4.7670250">
        <ele>1049.0</ele>
      </trkpt>
      <trkpt lat="43.2064730" lon="-4.7671440">
        <ele>1048.4</ele>
      </trkpt>
      <trkpt lat="43.2065590" lon="-4.7670250">
        <ele>1047.7</ele>
      </trkpt>
      <trkpt lat="43.2066060" lon="-4.7669600">
        <ele>1047.3</ele>
      </trkpt>
      <trkpt lat="43.2066930" lon="-4.7667360">
        <ele>1046.3</ele>
      </trkpt>
      <trkpt lat="43.2068970" lon="-4.7663960">
        <ele>1044.5</ele>
      </trkpt>
      <trkpt lat="43.2070700" lon="-4.7659910">
        <ele>1043.3</ele>
      </trkpt>
      <trkpt lat="43.2071790" lon="-4.7657940">
        <ele>1042.6</ele>
      </trkpt>
      <trkpt lat="43.2075470" lon="-4.7655310">
        <ele>1041.1</ele>
      </trkpt>
      <trkpt lat="43.2080010" lon="-4.7651420">
        <ele>1039.2</ele>
      </trkpt>
      <trkpt lat="43.2083030" lon="-4.7648240">
        <ele>1037.7</ele>
      </trkpt>
      <trkpt lat="43.2085180" lon="-4.7646850">
        <ele>1036.6</ele>
      </trkpt>
      <trkpt lat="43.2086430" lon="-4.7645340">
        <ele>1035.8</ele>
      </trkpt>
      <trkpt lat="43.2093250" lon="-4.7639920">
        <ele>1031.9</ele>
      </trkpt>
      <trkpt lat="43.2100710" lon="-4.7632680">
        <ele>1026.8</ele>
      </trkpt>
      <trkpt lat="43.2102630" lon="-4.7631120">
        <ele>1025.4</ele>
      </trkpt>
      <trkpt lat="43.2104460" lon="-4.7630500">
        <ele>1024.1</ele>
      </trkpt>
      <trkpt lat="43.2107170" lon="-4.7629550">
        <ele>1022.4</ele>
      </trkpt>
      <trkpt lat="43.2111200" lon="-4.7626800">
        <ele>1019.5</ele>
      </trkpt>
      <trkpt lat="43.2112110" lon="-4.7625680">
        <ele>1018.7</ele>
      </trkpt>
      <trkpt lat="43.2113930" lon="-4.7624600">
        <ele>1017.5</ele>
      </trkpt>
      <trkpt lat="43.2115310" lon="-4.7624120">
        <ele>1016.7</ele>
      </trkpt>
      <trkpt lat="43.2117270" lon="-4.7622910">
        <ele>1015.5</ele>
      </trkpt>
      <trkpt lat="43.2119130" lon="-4.7622330">
        <ele>1014.5</ele>
      </trkpt>
      <trkpt lat="43.2120510" lon="-4.7622230">
        <ele>1013.7</ele>
      </trkpt>
      <trkpt lat="43.2121470" lon="-4.7622480">
        <ele>1013.2</ele>
      </trkpt>
      <trkpt lat="43.2124150" lon="-4.7623730">
        <ele>1011.7</ele>
      </trkpt>
      <trkpt lat="43.2127350" lon="-4.7624670">
        <ele>1009.9</ele>
      </trkpt>
      <trkpt lat="43.2128350" lon="-4.7624720">
        <ele>1009.4</ele>
      </trkpt>
      <trkpt lat="43.2129760" lon="-4.7623950">
        <ele>1008.5</ele>
      </trkpt>
      <trkpt lat="43.2133190" lon="-4.7619380">
        <ele>1005.8</ele>
      </trkpt>
      <trkpt lat="43.2133770" lon="-4.7618180">
        <ele>1005.2</ele>
      </trkpt>
      <trkpt lat="43.2134150" lon="-4.7616370">
        <ele>1004.4</ele>
      </trkpt>
      <trkpt lat="43.2134650" lon="-4.7615630">
        <ele>1004.0</ele>
      </trkpt>
      <trkpt lat="43.2141220" lon="-4.7610730">
        <ele>999.7</ele>
      </trkpt>
      <trkpt lat="43.2143310" lon="-4.7607660">
        <ele>997.9</ele>
      </trkpt>
      <trkpt lat="43.2147740" lon="-4.7603390">
        <ele>992.4</ele>
      </trkpt>
      <trkpt lat="43.2151340" lon="-4.7600800">
        <ele>988.2</ele>
      </trkpt>
      <trkpt lat="43.2163380" lon="-4.7596290">
        <ele>974.7</ele>
      </trkpt>
      <trkpt lat="43.2167530" lon="-4.7594300">
        <ele>969.6</ele>
      </trkpt>
      <trkpt lat="43.2170750" lon="-4.7592580">
        <ele>965.7</ele>
      </trkpt>
      <trkpt lat="43.2178450" lon="-4.7587360">
        <ele>956.4</ele>
      </trkpt>
      <trkpt lat="43.2184450" lon="-4.7583910">
        <ele>951.0</ele>
      </trkpt>
      <trkpt lat="43.2196650" lon="-4.7579750">
        <ele>941.2</ele>
      </trkpt>
      <trkpt lat="43.2198120" lon="-4.7579010">
        <ele>940.2</ele>
      </trkpt>
      <trkpt lat="43.2199940" lon="-4.7577560">
        <ele>938.9</ele>
      </trkpt>
      <trkpt lat="43.2201040" lon="-4.7575960">
        <ele>937.9</ele>
      </trkpt>
      <trkpt lat="43.2202040" lon="-4.7573640">
        <ele>936.7</ele>
      </trkpt>
      <trkpt lat="43.2207850" lon="-4.7566050">
        <ele>931.7</ele>
      </trkpt>
      <trkpt lat="43.2209440" lon="-4.7562780">
        <ele>929.8</ele>
      </trkpt>
      <trkpt lat="43.2211650" lon="-4.7559920">
        <ele>927.8</ele>
      </trkpt>
      <trkpt lat="43.2213180" lon="-4.7558440">
        <ele>926.6</ele>
      </trkpt>
      <trkpt lat="43.2215210" lon="-4.7557380">
        <ele>925.2</ele>
      </trkpt>
      <trkpt lat="43.2218370" lon="-4.7556870">
        <ele>923.1</ele>
      </trkpt>
      <trkpt lat="43.2225880" lon="-4.7558650">
        <ele>918.5</ele>
      </trkpt>
      <trkpt lat="43.2232040" lon="-4.7558340">
        <ele>915.2</ele>
      </trkpt>
      <trkpt lat="43.2236530" lon="-4.7555480">
        <ele>912.6</ele>
      </trkpt>
      <trkpt lat="43.2237990" lon="-4.7555460">
        <ele>911.8</ele>
      </trkpt>
      <trkpt lat="43.2241520" lon="-4.7556630">
        <ele>910.6</ele>
      </trkpt>
      <trkpt lat="43.2242950" lon="-4.7556740">
        <ele>910.6</ele>
      </trkpt>
      <trkpt lat="43.2244210" lon="-4.7556050">
        <ele>910.6</ele>
      </trkpt>
      <trkpt lat="43.2246490" lon="-4.7553850">
        <ele>910.6</ele>
      </trkpt>
      <trkpt lat="43.2247850" lon="-4.7552700">
        <ele>910.6</ele>
      </trkpt>
      <trkpt lat="43.2249220" lon="-4.7551660">
        <ele>910.6</ele>
      </trkpt>
      <trkpt lat="43.2251750" lon="-4.7550700">
        <ele>910.6</ele>
      </trkpt>
      <trkpt lat="43.2252870" lon="-4.7550660">
        <ele>910.6</ele>
      </trkpt>
      <trkpt lat="43.2255790" lon="-4.7551380">
        <ele>910.6</ele>
      </trkpt>
      <trkpt lat="43.2261680" lon="-4.7550330">
        <ele>909.5</ele>
      </trkpt>
      <trkpt lat="43.2268720" lon="-4.7548130">
        <ele>907.8</ele>
      </trkpt>
      <trkpt lat="43.2271240" lon="-4.7547840">
        <ele>907.3</ele>
      </trkpt>
      <trkpt lat="43.2272910" lon="-4.7547520">
        <ele>906.9</ele>
      </trkpt>
      <trkpt lat="43.2273650" lon="-4.7546720">
        <ele>906.6</ele>
      </trkpt>
      <trkpt lat="43.2274120" lon="-4.7544350">
        <ele>906.6</ele>
      </trkpt>
      <trkpt lat="43.2274050" lon="-4.7541700">
        <ele>906.9</ele>
      </trkpt>
      <trkpt lat="43.2272760" lon="-4.7537710">
        <ele>907.5</ele>
      </trkpt>
      <trkpt lat="43.2273150" lon="-4.7536400">
        <ele>907.7</ele>
      </trkpt>
      <trkpt lat="43.2273570" lon="-4.7536080">
        <ele>907.8</ele>
      </trkpt>
      <trkpt lat="43.2274450" lon="-4.7536150">
        <ele>908.0</ele>
      </trkpt>
      <trkpt lat="43.2276900" lon="-4.7537540">
        <ele>908.5</ele>
      </trkpt>
      <trkpt lat="43.2281050" lon="-4.7541480">
        <ele>909.4</ele>
      </trkpt>
      <trkpt lat="43.2283280" lon="-4.7542640">
        <ele>910.3</ele>
      </trkpt>
      <trkpt lat="43.2285540" lon="-4.7543060">
        <ele>913.1</ele>
      </trkpt>
      <trkpt lat="43.2290500" lon="-4.7540930">
        <ele>919.5</ele>
      </trkpt>
      <trkpt lat="43.2294910" lon="-4.7540510">
        <ele>924.9</ele>
      </trkpt>
      <trkpt lat="43.2296510" lon="-4.7540910">
        <ele>926.9</ele>
      </trkpt>
      <trkpt lat="43.2296690" lon="-4.7540350">
        <ele>927.5</ele>
      </trkpt>
      <trkpt lat="43.2297480" lon="-4.7539840">
        <ele>928.5</ele>
      </trkpt>
      <trkpt lat="43.2299490" lon="-4.7539010">
        <ele>931.1</ele>
      </trkpt>
      <trkpt lat="43.2302040" lon="-4.7538540">
        <ele>935.7</ele>
      </trkpt>
      <trkpt lat="43.2303990" lon="-4.7536430">
        <ele>940.6</ele>
      </trkpt>
      <trkpt lat="43.2304580" lon="-4.7535450">
        <ele>942.5</ele>
      </trkpt>
      <trkpt lat="43.2305470" lon="-4.7533030">
        <ele>946.3</ele>
      </trkpt>
      <trkpt lat="43.2305150" lon="-4.7528230">
        <ele>953.3</ele>
      </trkpt>
      <trkpt lat="43.2306370" lon="-4.7519650">
        <ele>965.8</ele>
      </trkpt>
      <trkpt lat="43.2306560" lon="-4.7515430">
        <ele>971.2</ele>
      </trkpt>
      <trkpt lat="43.2307990" lon="-4.7511190">
        <ele>976.8</ele>
      </trkpt>
      <trkpt lat="43.2309630" lon="-4.7508450">
        <ele>981.0</ele>
      </trkpt>
      <trkpt lat="43.2310680" lon="-4.7507190">
        <ele>983.3</ele>
      </trkpt>
      <trkpt lat="43.2312260" lon="-4.7506740">
        <ele>986.0</ele>
      </trkpt>
      <trkpt lat="43.2314370" lon="-4.7506970">
        <ele>989.5</ele>
      </trkpt>
      <trkpt lat="43.2314850" lon="-4.7506510">
        <ele>990.4</ele>
      </trkpt>
      <trkpt lat="43.2314870" lon="-4.7505680">
        <ele>991.4</ele>
      </trkpt>
      <trkpt lat="43.2314450" lon="-4.7504970">
        <ele>992.5</ele>
      </trkpt>
      <trkpt lat="43.2312320" lon="-4.7504310">
        <ele>996.1</ele>
      </trkpt>
      <trkpt lat="43.2311810" lon="-4.7503790">
        <ele>997.1</ele>
      </trkpt>
      <trkpt lat="43.2311820" lon="-4.7503340">
        <ele>997.5</ele>
      </trkpt>
      <trkpt lat="43.2313670" lon="-4.7500050">
        <ele>1001.5</ele>
      </trkpt>
      <trkpt lat="43.2314110" lon="-4.7496840">
        <ele>1004.7</ele>
      </trkpt>
      <trkpt lat="43.2314540" lon="-4.7495250">
        <ele>1006.3</ele>
      </trkpt>
      <trkpt lat="43.2315660" lon="-4.7494350">
        <ele>1008.0</ele>
      </trkpt>
      <trkpt lat="43.2321660" lon="-4.7490170">
        <ele>1016.9</ele>
      </trkpt>
      <trkpt lat="43.2324530" lon="-4.7487380">
        <ele>1020.7</ele>
      </trkpt>
      <trkpt lat="43.2325300" lon="-4.7485970">
        <ele>1020.7</ele>
      </trkpt>
      <trkpt lat="43.2326240" lon="-4.7482910">
        <ele>1020.7</ele>
      </trkpt>
      <trkpt lat="43.2326090" lon="-4.7480770">
        <ele>1020.7</ele>
      </trkpt>
      <trkpt lat="43.2325410" lon="-4.7477310">
        <ele>1020.7</ele>
      </trkpt>
      <trkpt lat="43.2325590" lon="-4.7475310">
        <ele>1020.7</ele>
      </trkpt>
      <trkpt lat="43.2325680" lon="-4.7474840">
        <ele>1020.7</ele>
      </trkpt>
      <trkpt lat="43.2325730" lon="-4.7474560">
        <ele>1020.7</ele>
      </trkpt>
      <trkpt lat="43.2317690" lon="-4.7479830">
        <ele>1030.4</ele>
      </trkpt>
      <trkpt lat="43.2319470" lon="-4.7479290">
        <ele>1030.4</ele>
      </trkpt>
      <trkpt lat="43.2320710" lon="-4.7478800">
        <ele>1030.4</ele>
      </trkpt>
      <trkpt lat="43.2321820" lon="-4.7478320">
        <ele>1030.4</ele>
      </trkpt>
      <trkpt lat="43.2322060" lon="-4.7476220">
        <ele>1030.4</ele>
      </trkpt>
      <trkpt lat="43.2322580" lon="-4.7476310">
        <ele>1030.4</ele>
      </trkpt>
      <trkpt lat="43.2322980" lon="-4.7476040">
        <ele>1030.4</ele>
      </trkpt>
      <trkpt lat="43.2323220" lon="-4.7475390">
        <ele>1030.4</ele>
      </trkpt>
      <trkpt lat="43.2324170" lon="-4.7475390">
        <ele>1030.4</ele>
      </trkpt>
      <trkpt lat="43.2324830" lon="-4.7474620">
        <ele>1030.2</ele>
      </trkpt>
      <trkpt lat="43.2325680" lon="-4.7474840">
        <ele>1029.4</ele>
      </trkpt>
      <trkpt lat="43.2325590" lon="-4.7475310">
        <ele>1029.1</ele>
      </trkpt>
      <trkpt lat="43.2325410" lon="-4.7477310">
        <ele>1027.7</ele>
      </trkpt>
      <trkpt lat="43.2326090" lon="-4.7480770">
        <ele>1025.2</ele>
      </trkpt>
      <trkpt lat="43.2326240" lon="-4.7482910">
        <ele>1023.7</ele>
      </trkpt>
      <trkpt lat="43.2325300" lon="-4.7485970">
        <ele>1021.4</ele>
      </trkpt>
      <trkpt lat="43.2324530" lon="-4.7487380">
        <ele>1020.1</ele>
      </trkpt>
      <trkpt lat="43.2321660" lon="-4.7490170">
        <ele>1016.8</ele>
      </trkpt>
      <trkpt lat="43.2315660" lon="-4.7494350">
        <ele>1008.9</ele>
      </trkpt>
      <trkpt lat="43.2314540" lon="-4.7495250">
        <ele>1007.0</ele>
      </trkpt>
      <trkpt lat="43.2314110" lon="-4.7496840">
        <ele>1005.2</ele>
      </trkpt>
      <trkpt lat="43.2313670" lon="-4.7500050">
        <ele>1001.7</ele>
      </trkpt>
      <trkpt lat="43.2311820" lon="-4.7503340">
        <ele>997.3</ele>
      </trkpt>
      <trkpt lat="43.2311810" lon="-4.7503790">
        <ele>996.9</ele>
      </trkpt>
      <trkpt lat="43.2312320" lon="-4.7504310">
        <ele>995.9</ele>
      </trkpt>
      <trkpt lat="43.2314450" lon="-4.7504970">
        <ele>992.8</ele>
      </trkpt>
      <trkpt lat="43.2314870" lon="-4.7505680">
        <ele>991.8</ele>
      </trkpt>
      <trkpt lat="43.2314850" lon="-4.7506510">
        <ele>990.9</ele>
      </trkpt>
      <trkpt lat="43.2314370" lon="-4.7506970">
        <ele>990.1</ele>
      </trkpt>
      <trkpt lat="43.2312260" lon="-4.7506740">
        <ele>987.0</ele>
      </trkpt>
      <trkpt lat="43.2310680" lon="-4.7507190">
        <ele>984.0</ele>
      </trkpt>
      <trkpt lat="43.2309630" lon="-4.7508450">
        <ele>981.4</ele>
      </trkpt>
      <trkpt lat="43.2307990" lon="-4.7511190">
        <ele>976.7</ele>
      </trkpt>
      <trkpt lat="43.2306560" lon="-4.7515430">
        <ele>970.4</ele>
      </trkpt>
      <trkpt lat="43.2306370" lon="-4.7519650">
        <ele>964.7</ele>
      </trkpt>
      <trkpt lat="43.2305150" lon="-4.7528230">
        <ele>953.0</ele>
      </trkpt>
      <trkpt lat="43.2305470" lon="-4.7533030">
        <ele>946.7</ele>
      </trkpt>
      <trkpt lat="43.2304580" lon="-4.7535450">
        <ele>943.2</ele>
      </trkpt>
      <trkpt lat="43.2303990" lon="-4.7536430">
        <ele>941.5</ele>
      </trkpt>
      <trkpt lat="43.2302040" lon="-4.7538540">
        <ele>937.1</ele>
      </trkpt>
      <trkpt lat="43.2299490" lon="-4.7539010">
        <ele>932.5</ele>
      </trkpt>
      <trkpt lat="43.2297480" lon="-4.7539840">
        <ele>928.7</ele>
      </trkpt>
      <trkpt lat="43.2296690" lon="-4.7540350">
        <ele>927.2</ele>
      </trkpt>
      <trkpt lat="43.2296510" lon="-4.7540910">
        <ele>926.4</ele>
      </trkpt>
      <trkpt lat="43.2294910" lon="-4.7540510">
        <ele>923.5</ele>
      </trkpt>
      <trkpt lat="43.2294540" lon="-4.7540550">
        <ele>922.8</ele>
      </trkpt>
      <trkpt lat="43.2290500" lon="-4.7540930">
        <ele>918.6</ele>
      </trkpt>
      <trkpt lat="43.2285540" lon="-4.7543060">
        <ele>913.8</ele>
      </trkpt>
      <trkpt lat="43.2283280" lon="-4.7542640">
        <ele>911.7</ele>
      </trkpt>
      <trkpt lat="43.2281050" lon="-4.7541480">
        <ele>909.5</ele>
      </trkpt>
      <trkpt lat="43.2276900" lon="-4.7537540">
        <ele>904.8</ele>
      </trkpt>
      <trkpt lat="43.2274450" lon="-4.7536150">
        <ele>902.3</ele>
      </trkpt>
      <trkpt lat="43.2273570" lon="-4.7536080">
        <ele>901.4</ele>
      </trkpt>
      <trkpt lat="43.2273150" lon="-4.7536400">
        <ele>901.0</ele>
      </trkpt>
      <trkpt lat="43.2272760" lon="-4.7537710">
        <ele>900.0</ele>
      </trkpt>
      <trkpt lat="43.2274050" lon="-4.7541700">
        <ele>897.0</ele>
      </trkpt>
      <trkpt lat="43.2274120" lon="-4.7544350">
        <ele>895.2</ele>
      </trkpt>
      <trkpt lat="43.2273650" lon="-4.7546720">
        <ele>893.5</ele>
      </trkpt>
      <trkpt lat="43.2274640" lon="-4.7551400">
        <ele>890.1</ele>
      </trkpt>
      <trkpt lat="43.2274080" lon="-4.7552960">
        <ele>888.9</ele>
      </trkpt>
      <trkpt lat="43.2274120" lon="-4.7553390">
        <ele>888.6</ele>
      </trkpt>
      <trkpt lat="43.2273630" lon="-4.7554500">
        <ele>887.8</ele>
      </trkpt>
      <trkpt lat="43.2272640" lon="-4.7555200">
        <ele>886.9</ele>
      </trkpt>
      <trkpt lat="43.2269890" lon="-4.7558690">
        <ele>884.1</ele>
      </trkpt>
      <trkpt lat="43.2269530" lon="-4.7559550">
        <ele>883.5</ele>
      </trkpt>
      <trkpt lat="43.2268940" lon="-4.7560120">
        <ele>882.9</ele>
      </trkpt>
      <trkpt lat="43.2268920" lon="-4.7560620">
        <ele>882.7</ele>
      </trkpt>
      <trkpt lat="43.2268590" lon="-4.7560860">
        <ele>882.4</ele>
      </trkpt>
      <trkpt lat="43.2268590" lon="-4.7561550">
        <ele>882.0</ele>
      </trkpt>
      <trkpt lat="43.2267760" lon="-4.7563760">
        <ele>880.6</ele>
      </trkpt>
      <trkpt lat="43.2268490" lon="-4.7564500">
        <ele>879.9</ele>
      </trkpt>
      <trkpt lat="43.2269190" lon="-4.7564420">
        <ele>879.4</ele>
      </trkpt>
      <trkpt lat="43.2270440" lon="-4.7564940">
        <ele>878.4</ele>
      </trkpt>
      <trkpt lat="43.2273370" lon="-4.7565120">
        <ele>876.1</ele>
      </trkpt>
      <trkpt lat="43.2275150" lon="-4.7565770">
        <ele>874.7</ele>
      </trkpt>
      <trkpt lat="43.2276790" lon="-4.7567340">
        <ele>875.2</ele>
      </trkpt>
      <trkpt lat="43.2278420" lon="-4.7571130">
        <ele>877.1</ele>
      </trkpt>
      <trkpt lat="43.2279700" lon="-4.7573450">
        <ele>878.4</ele>
      </trkpt>
      <trkpt lat="43.2284690" lon="-4.7577690">
        <ele>881.9</ele>
      </trkpt>
      <trkpt lat="43.2286130" lon="-4.7578350">
        <ele>882.8</ele>
      </trkpt>
      <trkpt lat="43.2287780" lon="-4.7578350">
        <ele>883.8</ele>
      </trkpt>
      <trkpt lat="43.2288860" lon="-4.7578800">
        <ele>884.5</ele>
      </trkpt>
      <trkpt lat="43.2292760" lon="-4.7581960">
        <ele>890.6</ele>
      </trkpt>
      <trkpt lat="43.2294680" lon="-4.7582370">
        <ele>893.6</ele>
      </trkpt>
      <trkpt lat="43.2297090" lon="-4.7582300">
        <ele>897.4</ele>
      </trkpt>
      <trkpt lat="43.2297880" lon="-4.7582770">
        <ele>898.7</ele>
      </trkpt>
      <trkpt lat="43.2298840" lon="-4.7583850">
        <ele>900.6</ele>
      </trkpt>
      <trkpt lat="43.2299720" lon="-4.7584170">
        <ele>902.1</ele>
      </trkpt>
      <trkpt lat="43.2302320" lon="-4.7584030">
        <ele>906.1</ele>
      </trkpt>
      <trkpt lat="43.2304320" lon="-4.7584850">
        <ele>909.4</ele>
      </trkpt>
      <trkpt lat="43.2304890" lon="-4.7585470">
        <ele>910.5</ele>
      </trkpt>
      <trkpt lat="43.2304470" lon="-4.7586410">
        <ele>911.8</ele>
      </trkpt>
      <trkpt lat="43.2302980" lon="-4.7587180">
        <ele>914.9</ele>
      </trkpt>
      <trkpt lat="43.2302490" lon="-4.7587800">
        <ele>916.6</ele>
      </trkpt>
      <trkpt lat="43.2302590" lon="-4.7588070">
        <ele>917.1</ele>
      </trkpt>
      <trkpt lat="43.2302950" lon="-4.7587960">
        <ele>918.1</ele>
      </trkpt>
      <trkpt lat="43.2304740" lon="-4.7588590">
        <ele>922.7</ele>
      </trkpt>
      <trkpt lat="43.2304610" lon="-4.7589200">
        <ele>923.8</ele>
      </trkpt>
      <trkpt lat="43.2303980" lon="-4.7590010">
        <ele>926.0</ele>
      </trkpt>
      <trkpt lat="43.2304880" lon="-4.7590330">
        <ele>928.3</ele>
      </trkpt>
      <trkpt lat="43.2305510" lon="-4.7589880">
        <ele>930.1</ele>
      </trkpt>
      <trkpt lat="43.2305430" lon="-4.7591630">
        <ele>933.3</ele>
      </trkpt>
      <trkpt lat="43.2304920" lon="-4.7591990">
        <ele>934.7</ele>
      </trkpt>
      <trkpt lat="43.2305220" lon="-4.7592890">
        <ele>936.5</ele>
      </trkpt>
      <trkpt lat="43.2306060" lon="-4.7593880">
        <ele>939.3</ele>
      </trkpt>
      <trkpt lat="43.2306560" lon="-4.7594470">
        <ele>940.9</ele>
      </trkpt>
      <trkpt lat="43.2308690" lon="-4.7599500">
        <ele>951.5</ele>
      </trkpt>
      <trkpt lat="43.2309530" lon="-4.7601500">
        <ele>955.7</ele>
      </trkpt>
      <trkpt lat="43.2308690" lon="-4.7599500">
        <ele>959.7</ele>
      </trkpt>
      <trkpt lat="43.2309530" lon="-4.7601500">
        <ele>963.2</ele>
      </trkpt>
      <trkpt lat="43.2309820" lon="-4.7602190">
        <ele>964.5</ele>
      </trkpt>
      <trkpt lat="43.2309960" lon="-4.7603670">
        <ele>966.8</ele>
      </trkpt>
      <trkpt lat="43.2309320" lon="-4.7613780">
        <ele>982.6</ele>
      </trkpt>
      <trkpt lat="43.2310790" lon="-4.7614650">
        <ele>986.0</ele>
      </trkpt>
      <trkpt lat="43.2312600" lon="-4.7618810">
        <ele>993.5</ele>
      </trkpt>
      <trkpt lat="43.2314510" lon="-4.7622890">
        <ele>1000.2</ele>
      </trkpt>
      <trkpt lat="43.2314820" lon="-4.7624280">
        <ele>1002.1</ele>
      </trkpt>
      <trkpt lat="43.2316170" lon="-4.7627130">
        <ele>1006.4</ele>
      </trkpt>
      <trkpt lat="43.2317900" lon="-4.7636430">
        <ele>1018.7</ele>
      </trkpt>
      <trkpt lat="43.2318550" lon="-4.7638780">
        <ele>1021.9</ele>
      </trkpt>
      <trkpt lat="43.2318690" lon="-4.7639910">
        <ele>1023.4</ele>
      </trkpt>
      <trkpt lat="43.2317970" lon="-4.7647590">
        <ele>1029.1</ele>
      </trkpt>
      <trkpt lat="43.2318250" lon="-4.7656740">
        <ele>1031.6</ele>
      </trkpt>
      <trkpt lat="43.2319710" lon="-4.7662590">
        <ele>1033.3</ele>
      </trkpt>
      <trkpt lat="43.2321140" lon="-4.7664960">
        <ele>1034.2</ele>
      </trkpt>
      <trkpt lat="43.2321550" lon="-4.7666220">
        <ele>1034.6</ele>
      </trkpt>
      <trkpt lat="43.2322810" lon="-4.7672830">
        <ele>1036.3</ele>
      </trkpt>
      <trkpt lat="43.2324080" lon="-4.7676420">
        <ele>1037.3</ele>
      </trkpt>
      <trkpt lat="43.2325000" lon="-4.7682940">
        <ele>1039.0</ele>
      </trkpt>
      <trkpt lat="43.2326080" lon="-4.7687240">
        <ele>1040.2</ele>
      </trkpt>
      <trkpt lat="43.2325980" lon="-4.7691340">
        <ele>1041.2</ele>
      </trkpt>
      <trkpt lat="43.2326280" lon="-4.7693610">
        <ele>1041.6</ele>
      </trkpt>
      <trkpt lat="43.2327820" lon="-4.7698180">
        <ele>1042.5</ele>
      </trkpt>
      <trkpt lat="43.2329070" lon="-4.7702970">
        <ele>1043.5</ele>
      </trkpt>
      <trkpt lat="43.2329700" lon="-4.7703510">
        <ele>1043.6</ele>
      </trkpt>
      <trkpt lat="43.2331840" lon="-4.7704140">
        <ele>1044.2</ele>
      </trkpt>
      <trkpt lat="43.2332280" lon="-4.7705070">
        <ele>1044.4</ele>
      </trkpt>
      <trkpt lat="43.2333260" lon="-4.7709100">
        <ele>1045.2</ele>
      </trkpt>
      <trkpt lat="43.2334860" lon="-4.7713140">
        <ele>1047.2</ele>
      </trkpt>
      <trkpt lat="43.2336640" lon="-4.7721110">
        <ele>1052.8</ele>
      </trkpt>
      <trkpt lat="43.2337260" lon="-4.7723630">
        <ele>1054.6</ele>
      </trkpt>
      <trkpt lat="43.2338370" lon="-4.7730440">
        <ele>1059.2</ele>
      </trkpt>
      <trkpt lat="43.2338570" lon="-4.7734500">
        <ele>1062.0</ele>
      </trkpt>
      <trkpt lat="43.2338220" lon="-4.7740040">
        <ele>1066.9</ele>
      </trkpt>
      <trkpt lat="43.2336170" lon="-4.7752970">
        <ele>1078.7</ele>
      </trkpt>
      <trkpt lat="43.2333880" lon="-4.7760520">
        <ele>1085.8</ele>
      </trkpt>
      <trkpt lat="43.2331610" lon="-4.7764860">
        <ele>1089.9</ele>
      </trkpt>
      <trkpt lat="43.2329250" lon="-4.7766550">
        <ele>1092.8</ele>
      </trkpt>
      <trkpt lat="43.2328840" lon="-4.7767420">
        <ele>1093.6</ele>
      </trkpt>
      <trkpt lat="43.2329160" lon="-4.7775520">
        <ele>1099.9</ele>
      </trkpt>
      <trkpt lat="43.2328140" lon="-4.7785810">
        <ele>1107.5</ele>
      </trkpt>
      <trkpt lat="43.2327660" lon="-4.7790130">
        <ele>1110.6</ele>
      </trkpt>
      <trkpt lat="43.2326980" lon="-4.7791630">
        <ele>1111.8</ele>
      </trkpt>
      <trkpt lat="43.2325230" lon="-4.7793840">
        <ele>1114.1</ele>
      </trkpt>
      <trkpt lat="43.2323460" lon="-4.7796070">
        <ele>1116.4</ele>
      </trkpt>
      <trkpt lat="43.2321820" lon="-4.7801780">
        <ele>1120.6</ele>
      </trkpt>
      <trkpt lat="43.2321090" lon="-4.7803210">
        <ele>1122.6</ele>
      </trkpt>
      <trkpt lat="43.2320470" lon="-4.7803520">
        <ele>1123.6</ele>
      </trkpt>
      <trkpt lat="43.2319910" lon="-4.7803060">
        <ele>1124.6</ele>
      </trkpt>
      <trkpt lat="43.2319340" lon="-4.7800870">
        <ele>1127.2</ele>
      </trkpt>
      <trkpt lat="43.2318620" lon="-4.7800850">
        <ele>1128.3</ele>
      </trkpt>
      <trkpt lat="43.2318400" lon="-4.7801870">
        <ele>1129.4</ele>
      </trkpt>
      <trkpt lat="43.2318060" lon="-4.7801890">
        <ele>1130.0</ele>
      </trkpt>
      <trkpt lat="43.2317720" lon="-4.7802590">
        <ele>1130.9</ele>
      </trkpt>
      <trkpt lat="43.2315610" lon="-4.7810710">
        <ele>1140.5</ele>
      </trkpt>
      <trkpt lat="43.2315060" lon="-4.7815250">
        <ele>1145.6</ele>
      </trkpt>
      <trkpt lat="43.2314990" lon="-4.7818730">
        <ele>1149.9</ele>
      </trkpt>
      <trkpt lat="43.2314560" lon="-4.7821200">
        <ele>1153.6</ele>
      </trkpt>
      <trkpt lat="43.2313490" lon="-4.7832790">
        <ele>1170.6</ele>
      </trkpt>
      <trkpt lat="43.2313420" lon="-4.7835980">
        <ele>1175.2</ele>
      </trkpt>
      <trkpt lat="43.2314290" lon="-4.7839280">
        <ele>1180.4</ele>
      </trkpt>
      <trkpt lat="43.2314350" lon="-4.7840080">
        <ele>1181.5</ele>
      </trkpt>
      <trkpt lat="43.2314690" lon="-4.7844910">
        <ele>1188.4</ele>
      </trkpt>
      <trkpt lat="43.2315060" lon="-4.7846440">
        <ele>1190.7</ele>
      </trkpt>
      <trkpt lat="43.2316110" lon="-4.7847830">
        <ele>1193.5</ele>
      </trkpt>
      <trkpt lat="43.2316170" lon="-4.7847900">
        <ele>1193.6</ele>
      </trkpt>
      <trkpt lat="43.2316110" lon="-4.7847830">
        <ele>1193.8</ele>
      </trkpt>
      <trkpt lat="43.2316170" lon="-4.7847900">
        <ele>1194.0</ele>
      </trkpt>
      <trkpt lat="43.2316410" lon="-4.7848210">
        <ele>1194.6</ele>
      </trkpt>
      <trkpt lat="43.2316840" lon="-4.7852400">
        <ele>1200.5</ele>
      </trkpt>
      <trkpt lat="43.2317810" lon="-4.7858080">
        <ele>1208.7</ele>
      </trkpt>
      <trkpt lat="43.2317790" lon="-4.7860900">
        <ele>1212.7</ele>
      </trkpt>
      <trkpt lat="43.2317030" lon="-4.7862610">
        <ele>1215.5</ele>
      </trkpt>
      <trkpt lat="43.2316400" lon="-4.7867240">
        <ele>1221.1</ele>
      </trkpt>
      <trkpt lat="43.2315420" lon="-4.7867810">
        <ele>1222.5</ele>
      </trkpt>
      <trkpt lat="43.2314620" lon="-4.7868290">
        <ele>1223.7</ele>
      </trkpt>
      <trkpt lat="43.2315420" lon="-4.7867810">
        <ele>1224.9</ele>
      </trkpt>
      <trkpt lat="43.2314620" lon="-4.7868290">
        <ele>1226.1</ele>
      </trkpt>
      <trkpt lat="43.2312710" lon="-4.7869740">
        <ele>1229.1</ele>
      </trkpt>
      <trkpt lat="43.2310540" lon="-4.7870750">
        <ele>1232.2</ele>
      </trkpt>
      <trkpt lat="43.2308270" lon="-4.7873290">
        <ele>1236.2</ele>
      </trkpt>
      <trkpt lat="43.2305470" lon="-4.7877670">
        <ele>1242.0</ele>
      </trkpt>
      <trkpt lat="43.2304420" lon="-4.7880010">
        <ele>1244.7</ele>
      </trkpt>
      <trkpt lat="43.2302780" lon="-4.7885530">
        <ele>1250.5</ele>
      </trkpt>
      <trkpt lat="43.2300310" lon="-4.7886940">
        <ele>1254.1</ele>
      </trkpt>
      <trkpt lat="43.2299880" lon="-4.7887500">
        <ele>1254.9</ele>
      </trkpt>
      <trkpt lat="43.2296390" lon="-4.7888790">
        <ele>1259.7</ele>
      </trkpt>
      <trkpt lat="43.2292690" lon="-4.7890690">
        <ele>1264.9</ele>
      </trkpt>
      <trkpt lat="43.2289920" lon="-4.7891760">
        <ele>1269.0</ele>
      </trkpt>
      <trkpt lat="43.2288120" lon="-4.7891820">
        <ele>1271.7</ele>
      </trkpt>
      <trkpt lat="43.2286700" lon="-4.7890540">
        <ele>1274.2</ele>
      </trkpt>
      <trkpt lat="43.2285500" lon="-4.7891130">
        <ele>1276.1</ele>
      </trkpt>
      <trkpt lat="43.2281390" lon="-4.7892280">
        <ele>1282.4</ele>
      </trkpt>
      <trkpt lat="43.2280720" lon="-4.7892020">
        <ele>1283.4</ele>
      </trkpt>
      <trkpt lat="43.2280100" lon="-4.7892170">
        <ele>1284.4</ele>
      </trkpt>
      <trkpt lat="43.2279380" lon="-4.7892810">
        <ele>1285.7</ele>
      </trkpt>
      <trkpt lat="43.2279270" lon="-4.7893240">
        <ele>1286.2</ele>
      </trkpt>
      <trkpt lat="43.2279610" lon="-4.7894650">
        <ele>1287.8</ele>
      </trkpt>
      <trkpt lat="43.2279510" lon="-4.7895530">
        <ele>1288.7</ele>
      </trkpt>
      <trkpt lat="43.2278450" lon="-4.7895630">
        <ele>1290.3</ele>
      </trkpt>
      <trkpt lat="43.2277500" lon="-4.7896890">
        <ele>1292.3</ele>
      </trkpt>
      <trkpt lat="43.2276400" lon="-4.7900020">
        <ele>1295.0</ele>
      </trkpt>
      <trkpt lat="43.2276190" lon="-4.7901220">
        <ele>1295.5</ele>
      </trkpt>
      <trkpt lat="43.2275890" lon="-4.7902670">
        <ele>1296.3</ele>
      </trkpt>
      <trkpt lat="43.2275800" lon="-4.7906090">
        <ele>1297.9</ele>
      </trkpt>
      <trkpt lat="43.2275310" lon="-4.7908870">
        <ele>1299.2</ele>
      </trkpt>
      <trkpt lat="43.2275360" lon="-4.7910260">
        <ele>1299.9</ele>
      </trkpt>
      <trkpt lat="43.2274720" lon="-4.7916260">
        <ele>1302.8</ele>
      </trkpt>
      <trkpt lat="43.2273960" lon="-4.7918920">
        <ele>1304.1</ele>
      </trkpt>
      <trkpt lat="43.2272830" lon="-4.7923850">
        <ele>1307.0</ele>
      </trkpt>
      <trkpt lat="43.2271900" lon="-4.7925490">
        <ele>1308.5</ele>
      </trkpt>
      <trkpt lat="43.2271010" lon="-4.7926460">
        <ele>1309.6</ele>
      </trkpt>
      <trkpt lat="43.2270960" lon="-4.7926630">
        <ele>1309.8</ele>
      </trkpt>
      <trkpt lat="43.2271010" lon="-4.7926460">
        <ele>1309.9</ele>
      </trkpt>
      <trkpt lat="43.2271900" lon="-4.7925490">
        <ele>1311.0</ele>
      </trkpt>
      <trkpt lat="43.2271010" lon="-4.7926460">
        <ele>1312.2</ele>
      </trkpt>
      <trkpt lat="43.2270960" lon="-4.7926630">
        <ele>1312.3</ele>
      </trkpt>
      <trkpt lat="43.2270300" lon="-4.7928620">
        <ele>1313.9</ele>
      </trkpt>
      <trkpt lat="43.2269890" lon="-4.7928220">
        <ele>1314.4</ele>
      </trkpt>
      <trkpt lat="43.2269770" lon="-4.7929220">
        <ele>1315.1</ele>
      </trkpt>
      <trkpt lat="43.2269260" lon="-4.7928770">
        <ele>1315.7</ele>
      </trkpt>
      <trkpt lat="43.2266170" lon="-4.7932210">
        <ele>1319.7</ele>
      </trkpt>
      <trkpt lat="43.2265490" lon="-4.7932310">
        <ele>1320.4</ele>
      </trkpt>
      <trkpt lat="43.2264900" lon="-4.7932810">
        <ele>1321.1</ele>
      </trkpt>
      <trkpt lat="43.2263520" lon="-4.7932900">
        <ele>1322.5</ele>
      </trkpt>
      <trkpt lat="43.2262650" lon="-4.7933410">
        <ele>1323.4</ele>
      </trkpt>
      <trkpt lat="43.2261460" lon="-4.7933650">
        <ele>1325.4</ele>
      </trkpt>
      <trkpt lat="43.2259550" lon="-4.7934870">
        <ele>1329.3</ele>
      </trkpt>
      <trkpt lat="43.2258810" lon="-4.7936010">
        <ele>1331.3</ele>
      </trkpt>
      <trkpt lat="43.2258190" lon="-4.7936420">
        <ele>1332.6</ele>
      </trkpt>
      <trkpt lat="43.2255040" lon="-4.7936590">
        <ele>1338.4</ele>
      </trkpt>
      <trkpt lat="43.2251900" lon="-4.7939640">
        <ele>1345.5</ele>
      </trkpt>
      <trkpt lat="43.2251390" lon="-4.7941530">
        <ele>1348.3</ele>
      </trkpt>
      <trkpt lat="43.2250500" lon="-4.7941930">
        <ele>1350.0</ele>
      </trkpt>
      <trkpt lat="43.2248820" lon="-4.7943290">
        <ele>1353.6</ele>
      </trkpt>
      <trkpt lat="43.2247460" lon="-4.7946630">
        <ele>1358.7</ele>
      </trkpt>
      <trkpt lat="43.2246440" lon="-4.7947490">
        <ele>1360.9</ele>
      </trkpt>
      <trkpt lat="43.2245980" lon="-4.7950040">
        <ele>1364.3</ele>
      </trkpt>
      <trkpt lat="43.2245330" lon="-4.7951430">
        <ele>1366.5</ele>
      </trkpt>
      <trkpt lat="43.2243650" lon="-4.7953400">
        <ele>1370.4</ele>
      </trkpt>
      <trkpt lat="43.2240530" lon="-4.7955270">
        <ele>1376.6</ele>
      </trkpt>
      <trkpt lat="43.2239500" lon="-4.7956340">
        <ele>1378.9</ele>
      </trkpt>
      <trkpt lat="43.2239070" lon="-4.7957750">
        <ele>1380.9</ele>
      </trkpt>
      <trkpt lat="43.2239130" lon="-4.7958560">
        <ele>1382.0</ele>
      </trkpt>
      <trkpt lat="43.2238560" lon="-4.7961170">
        <ele>1385.5</ele>
      </trkpt>
      <trkpt lat="43.2237080" lon="-4.7964110">
        <ele>1389.7</ele>
      </trkpt>
      <trkpt lat="43.2236660" lon="-4.7966080">
        <ele>1390.6</ele>
      </trkpt>
      <trkpt lat="43.2235130" lon="-4.7969870">
        <ele>1392.7</ele>
      </trkpt>
      <trkpt lat="43.2234830" lon="-4.7973640">
        <ele>1394.5</ele>
      </trkpt>
      <trkpt lat="43.2234110" lon="-4.7974940">
        <ele>1395.2</ele>
      </trkpt>
      <trkpt lat="43.2233490" lon="-4.7977250">
        <ele>1396.4</ele>
      </trkpt>
      <trkpt lat="43.2232130" lon="-4.7979880">
        <ele>1397.9</ele>
      </trkpt>
      <trkpt lat="43.2231140" lon="-4.7983550">
        <ele>1399.8</ele>
      </trkpt>
      <trkpt lat="43.2230060" lon="-4.7984770">
        <ele>1400.7</ele>
      </trkpt>
      <trkpt lat="43.2229360" lon="-4.7985180">
        <ele>1401.3</ele>
      </trkpt>
      <trkpt lat="43.2228120" lon="-4.7987450">
        <ele>1403.9</ele>
      </trkpt>
      <trkpt lat="43.2227270" lon="-4.7988200">
        <ele>1405.2</ele>
      </trkpt>
      <trkpt lat="43.2226070" lon="-4.7990150">
        <ele>1407.6</ele>
      </trkpt>
      <trkpt lat="43.2225490" lon="-4.7990560">
        <ele>1408.4</ele>
      </trkpt>
      <trkpt lat="43.2224540" lon="-4.7992510">
        <ele>1410.6</ele>
      </trkpt>
      <trkpt lat="43.2223750" lon="-4.7993300">
        <ele>1411.8</ele>
      </trkpt>
      <trkpt lat="43.2222510" lon="-4.7994220">
        <ele>1413.6</ele>
      </trkpt>
      <trkpt lat="43.2220170" lon="-4.7994420">
        <ele>1416.6</ele>
      </trkpt>
      <trkpt lat="43.2218910" lon="-4.7995050">
        <ele>1418.3</ele>
      </trkpt>
      <trkpt lat="43.2217450" lon="-4.7994670">
        <ele>1420.1</ele>
      </trkpt>
      <trkpt lat="43.2216760" lon="-4.7995110">
        <ele>1421.1</ele>
      </trkpt>
      <trkpt lat="43.2216520" lon="-4.7996530">
        <ele>1422.4</ele>
      </trkpt>
      <trkpt lat="43.2216580" lon="-4.7998940">
        <ele>1424.9</ele>
      </trkpt>
      <trkpt lat="43.2215490" lon="-4.8002580">
        <ele>1429.6</ele>
      </trkpt>
      <trkpt lat="43.2215120" lon="-4.8006730">
        <ele>1434.6</ele>
      </trkpt>
      <trkpt lat="43.2214640" lon="-4.8007750">
        <ele>1436.0</ele>
      </trkpt>
      <trkpt lat="43.2209870" lon="-4.8014720">
        <ele>1447.4</ele>
      </trkpt>
      <trkpt lat="43.2208900" lon="-4.8016380">
        <ele>1449.9</ele>
      </trkpt>
      <trkpt lat="43.2207970" lon="-4.8018930">
        <ele>1453.3</ele>
      </trkpt>
      <trkpt lat="43.2206510" lon="-4.8021140">
        <ele>1457.5</ele>
      </trkpt>
      <trkpt lat="43.2204620" lon="-4.8025400">
        <ele>1464.6</ele>
      </trkpt>
      <trkpt lat="43.2204040" lon="-4.8027260">
        <ele>1467.5</ele>
      </trkpt>
      <trkpt lat="43.2203210" lon="-4.8031090">
        <ele>1473.1</ele>
      </trkpt>
      <trkpt lat="43.2202640" lon="-4.8035900">
        <ele>1480.1</ele>
      </trkpt>
      <trkpt lat="43.2201830" lon="-4.8038220">
        <ele>1483.7</ele>
      </trkpt>
      <trkpt lat="43.2200330" lon="-4.8040530">
        <ele>1488.1</ele>
      </trkpt>
      <trkpt lat="43.2199660" lon="-4.8041030">
        <ele>1489.5</ele>
      </trkpt>
      <trkpt lat="43.2198230" lon="-4.8043730">
        <ele>1494.0</ele>
      </trkpt>
      <trkpt lat="43.2197070" lon="-4.8044960">
        <ele>1496.7</ele>
      </trkpt>
      <trkpt lat="43.2197140" lon="-4.8045820">
        <ele>1497.9</ele>
      </trkpt>
      <trkpt lat="43.2196260" lon="-4.8047900">
        <ele>1501.1</ele>
      </trkpt>
      <trkpt lat="43.2194120" lon="-4.8051520">
        <ele>1507.4</ele>
      </trkpt>
      <trkpt lat="43.2193270" lon="-4.8054020">
        <ele>1511.1</ele>
      </trkpt>
      <trkpt lat="43.2192550" lon="-4.8054780">
        <ele>1512.8</ele>
      </trkpt>
      <trkpt lat="43.2192090" lon="-4.8055790">
        <ele>1514.4</ele>
      </trkpt>
      <trkpt lat="43.2190470" lon="-4.8063650">
        <ele>1522.2</ele>
      </trkpt>
      <trkpt lat="43.2190450" lon="-4.8065140">
        <ele>1522.7</ele>
      </trkpt>
      <trkpt lat="43.2190350" lon="-4.8065610">
        <ele>1522.8</ele>
      </trkpt>
      <trkpt lat="43.2190070" lon="-4.8066830">
        <ele>1523.2</ele>
      </trkpt>
      <trkpt lat="43.2190380" lon="-4.8068150">
        <ele>1523.6</ele>
      </trkpt>
      <trkpt lat="43.2190380" lon="-4.8069320">
        <ele>1524.0</ele>
      </trkpt>
      <trkpt lat="43.2190230" lon="-4.8069890">
        <ele>1524.2</ele>
      </trkpt>
      <trkpt lat="43.2189600" lon="-4.8072360">
        <ele>1525.0</ele>
      </trkpt>
      <trkpt lat="43.2189300" lon="-4.8072800">
        <ele>1525.2</ele>
      </trkpt>
      <trkpt lat="43.2188740" lon="-4.8073630">
        <ele>1525.5</ele>
      </trkpt>
      <trkpt lat="43.2188380" lon="-4.8074160">
        <ele>1525.7</ele>
      </trkpt>
      <trkpt lat="43.2188060" lon="-4.8074630">
        <ele>1525.9</ele>
      </trkpt>
      <trkpt lat="43.2187750" lon="-4.8075080">
        <ele>1526.1</ele>
      </trkpt>
      <trkpt lat="43.2186430" lon="-4.8075870">
        <ele>1526.7</ele>
      </trkpt>
      <trkpt lat="43.2186320" lon="-4.8075940">
        <ele>1526.8</ele>
      </trkpt>
      <trkpt lat="43.2186000" lon="-4.8076660">
        <ele>1527.0</ele>
      </trkpt>
      <trkpt lat="43.2185460" lon="-4.8076820">
        <ele>1527.2</ele>
      </trkpt>
      <trkpt lat="43.2184470" lon="-4.8075270">
        <ele>1527.9</ele>
      </trkpt>
      <trkpt lat="43.2184180" lon="-4.8075360">
        <ele>1528.0</ele>
      </trkpt>
      <trkpt lat="43.2183690" lon="-4.8075510">
        <ele>1528.2</ele>
      </trkpt>
      <trkpt lat="43.2184180" lon="-4.8075360">
        <ele>1528.4</ele>
      </trkpt>
      <trkpt lat="43.2184470" lon="-4.8075270">
        <ele>1528.5</ele>
      </trkpt>
      <trkpt lat="43.2185460" lon="-4.8076820">
        <ele>1528.8</ele>
      </trkpt>
      <trkpt lat="43.2186000" lon="-4.8076660">
        <ele>1528.8</ele>
      </trkpt>
      <trkpt lat="43.2186320" lon="-4.8075940">
        <ele>1528.8</ele>
      </trkpt>
      <trkpt lat="43.2186430" lon="-4.8075870">
        <ele>1528.8</ele>
      </trkpt>
      <trkpt lat="43.2187750" lon="-4.8075080">
        <ele>1528.8</ele>
      </trkpt>
      <trkpt lat="43.2188060" lon="-4.8074630">
        <ele>1528.8</ele>
      </trkpt>
      <trkpt lat="43.2188380" lon="-4.8074160">
        <ele>1528.8</ele>
      </trkpt>
      <trkpt lat="43.2188740" lon="-4.8073630">
        <ele>1528.8</ele>
      </trkpt>
      <trkpt lat="43.2189300" lon="-4.8072800">
        <ele>1528.8</ele>
      </trkpt>
      <trkpt lat="43.2188740" lon="-4.8073630">
        <ele>1528.8</ele>
      </trkpt>
      <trkpt lat="43.2188380" lon="-4.8074160">
        <ele>1528.8</ele>
      </trkpt>
      <trkpt lat="43.2188060" lon="-4.8074630">
        <ele>1528.8</ele>
      </trkpt>
      <trkpt lat="43.2188380" lon="-4.8074160">
        <ele>1528.8</ele>
      </trkpt>
      <trkpt lat="43.2188060" lon="-4.8074630">
        <ele>1528.8</ele>
      </trkpt>
      <trkpt lat="43.2187750" lon="-4.8075080">
        <ele>1528.8</ele>
      </trkpt>
      <trkpt lat="43.2186430" lon="-4.8075870">
        <ele>1528.8</ele>
      </trkpt>
      <trkpt lat="43.2187750" lon="-4.8075080">
        <ele>1528.9</ele>
      </trkpt>
      <trkpt lat="43.2188060" lon="-4.8074630">
        <ele>1528.9</ele>
      </trkpt>
      <trkpt lat="43.2188380" lon="-4.8074160">
        <ele>1528.9</ele>
      </trkpt>
      <trkpt lat="43.2188740" lon="-4.8073630">
        <ele>1528.9</ele>
      </trkpt>
      <trkpt lat="43.2188380" lon="-4.8074160">
        <ele>1528.9</ele>
      </trkpt>
      <trkpt lat="43.2188060" lon="-4.8074630">
        <ele>1528.9</ele>
      </trkpt>
      <trkpt lat="43.2187750" lon="-4.8075080">
        <ele>1528.9</ele>
      </trkpt>
      <trkpt lat="43.2186430" lon="-4.8075870">
        <ele>1528.9</ele>
      </trkpt>
      <trkpt lat="43.2186320" lon="-4.8075940">
        <ele>1528.9</ele>
      </trkpt>
      <trkpt lat="43.2186000" lon="-4.8076660">
        <ele>1528.9</ele>
      </trkpt>
      <trkpt lat="43.2185460" lon="-4.8076820">
        <ele>1528.9</ele>
      </trkpt>
      <trkpt lat="43.2184470" lon="-4.8075270">
        <ele>1528.7</ele>
      </trkpt>
      <trkpt lat="43.2184180" lon="-4.8075360">
        <ele>1528.6</ele>
      </trkpt>
      <trkpt lat="43.2184470" lon="-4.8075270">
        <ele>1528.6</ele>
      </trkpt>
      <trkpt lat="43.2185460" lon="-4.8076820">
        <ele>1528.3</ele>
      </trkpt>
      <trkpt lat="43.2186000" lon="-4.8076660">
        <ele>1528.2</ele>
      </trkpt>
      <trkpt lat="43.2186320" lon="-4.8075940">
        <ele>1528.1</ele>
      </trkpt>
      <trkpt lat="43.2186430" lon="-4.8075870">
        <ele>1528.1</ele>
      </trkpt>
      <trkpt lat="43.2187750" lon="-4.8075080">
        <ele>1527.8</ele>
      </trkpt>
      <trkpt lat="43.2188060" lon="-4.8074630">
        <ele>1527.7</ele>
      </trkpt>
      <trkpt lat="43.2188380" lon="-4.8074160">
        <ele>1527.7</ele>
      </trkpt>
      <trkpt lat="43.2188740" lon="-4.8073630">
        <ele>1527.6</ele>
      </trkpt>
      <trkpt lat="43.2189300" lon="-4.8072800">
        <ele>1527.4</ele>
      </trkpt>
      <trkpt lat="43.2189600" lon="-4.8072360">
        <ele>1527.3</ele>
      </trkpt>
      <trkpt lat="43.2190230" lon="-4.8069890">
        <ele>1527.0</ele>
      </trkpt>
      <trkpt lat="43.2189600" lon="-4.8072360">
        <ele>1526.7</ele>
      </trkpt>
      <trkpt lat="43.2189300" lon="-4.8072800">
        <ele>1526.6</ele>
      </trkpt>
      <trkpt lat="43.2188740" lon="-4.8073630">
        <ele>1526.4</ele>
      </trkpt>
      <trkpt lat="43.2188380" lon="-4.8074160">
        <ele>1526.3</ele>
      </trkpt>
      <trkpt lat="43.2188060" lon="-4.8074630">
        <ele>1526.2</ele>
      </trkpt>
      <trkpt lat="43.2187750" lon="-4.8075080">
        <ele>1526.2</ele>
      </trkpt>
      <trkpt lat="43.2186430" lon="-4.8075870">
        <ele>1525.9</ele>
      </trkpt>
      <trkpt lat="43.2186320" lon="-4.8075940">
        <ele>1525.9</ele>
      </trkpt>
      <trkpt lat="43.2186000" lon="-4.8076660">
        <ele>1525.8</ele>
      </trkpt>
      <trkpt lat="43.2185460" lon="-4.8076820">
        <ele>1525.7</ele>
      </trkpt>
      <trkpt lat="43.2184470" lon="-4.8075270">
        <ele>1525.8</ele>
      </trkpt>
      <trkpt lat="43.2184180" lon="-4.8075360">
        <ele>1525.8</ele>
      </trkpt>
      <trkpt lat="43.2183690" lon="-4.8075510">
        <ele>1525.9</ele>
      </trkpt>
      <trkpt lat="43.2183310" lon="-4.8075620">
        <ele>1525.9</ele>
      </trkpt>
      <trkpt lat="43.2181420" lon="-4.8075230">
        <ele>1526.1</ele>
      </trkpt>
      <trkpt lat="43.2179910" lon="-4.8076580">
        <ele>1526.3</ele>
      </trkpt>
      <trkpt lat="43.2178080" lon="-4.8077140">
        <ele>1526.5</ele>
      </trkpt>
      <trkpt lat="43.2177040" lon="-4.8078470">
        <ele>1526.7</ele>
      </trkpt>
      <trkpt lat="43.2176680" lon="-4.8078620">
        <ele>1526.7</ele>
      </trkpt>
      <trkpt lat="43.2172310" lon="-4.8076910">
        <ele>1527.2</ele>
      </trkpt>
      <trkpt lat="43.2170210" lon="-4.8077360">
        <ele>1527.4</ele>
      </trkpt>
      <trkpt lat="43.2166840" lon="-4.8076030">
        <ele>1528.5</ele>
      </trkpt>
      <trkpt lat="43.2165540" lon="-4.8077110">
        <ele>1529.2</ele>
      </trkpt>
      <trkpt lat="43.2164310" lon="-4.8077620">
        <ele>1529.8</ele>
      </trkpt>
      <trkpt lat="43.2163840" lon="-4.8078430">
        <ele>1530.1</ele>
      </trkpt>
      <trkpt lat="43.2163040" lon="-4.8079130">
        <ele>1530.5</ele>
      </trkpt>
      <trkpt lat="43.2161510" lon="-4.8079550">
        <ele>1531.2</ele>
      </trkpt>
      <trkpt lat="43.2161150" lon="-4.8080840">
        <ele>1531.7</ele>
      </trkpt>
      <trkpt lat="43.2161330" lon="-4.8082620">
        <ele>1532.2</ele>
      </trkpt>
      <trkpt lat="43.2158920" lon="-4.8085680">
        <ele>1533.7</ele>
      </trkpt>
      <trkpt lat="43.2161730" lon="-4.8092870">
        <ele>1534.6</ele>
      </trkpt>
      <trkpt lat="43.2161830" lon="-4.8093900">
        <ele>1534.1</ele>
      </trkpt>
      <trkpt lat="43.2161660" lon="-4.8094670">
        <ele>1533.8</ele>
      </trkpt>
      <trkpt lat="43.2161960" lon="-4.8098300">
        <ele>1532.3</ele>
      </trkpt>
      <trkpt lat="43.2162530" lon="-4.8099730">
        <ele>1531.7</ele>
      </trkpt>
      <trkpt lat="43.2162510" lon="-4.8102760">
        <ele>1530.4</ele>
      </trkpt>
      <trkpt lat="43.2163840" lon="-4.8106220">
        <ele>1528.9</ele>
      </trkpt>
      <trkpt lat="43.2163840" lon="-4.8107460">
        <ele>1528.4</ele>
      </trkpt>
      <trkpt lat="43.2163180" lon="-4.8108870">
        <ele>1527.7</ele>
      </trkpt>
      <trkpt lat="43.2163250" lon="-4.8109840">
        <ele>1527.3</ele>
      </trkpt>
      <trkpt lat="43.2162420" lon="-4.8111340">
        <ele>1526.5</ele>
      </trkpt>
      <trkpt lat="43.2161940" lon="-4.8111640">
        <ele>1526.2</ele>
      </trkpt>
      <trkpt lat="43.2160700" lon="-4.8111210">
        <ele>1525.6</ele>
      </trkpt>
      <trkpt lat="43.2160260" lon="-4.8111240">
        <ele>1526.0</ele>
      </trkpt>
      <trkpt lat="43.2159830" lon="-4.8111700">
        <ele>1526.5</ele>
      </trkpt>
      <trkpt lat="43.2158010" lon="-4.8110320">
        <ele>1528.4</ele>
      </trkpt>
      <trkpt lat="43.2157330" lon="-4.8110150">
        <ele>1529.0</ele>
      </trkpt>
      <trkpt lat="43.2155540" lon="-4.8110560">
        <ele>1530.7</ele>
      </trkpt>
      <trkpt lat="43.2154960" lon="-4.8110200">
        <ele>1531.3</ele>
      </trkpt>
      <trkpt lat="43.2154380" lon="-4.8110660">
        <ele>1531.9</ele>
      </trkpt>
      <trkpt lat="43.2152090" lon="-4.8111180">
        <ele>1534.0</ele>
      </trkpt>
      <trkpt lat="43.2149950" lon="-4.8110640">
        <ele>1536.0</ele>
      </trkpt>
      <trkpt lat="43.2146460" lon="-4.8110450">
        <ele>1539.1</ele>
      </trkpt>
      <trkpt lat="43.2143910" lon="-4.8111420">
        <ele>1541.5</ele>
      </trkpt>
      <trkpt lat="43.2143650" lon="-4.8111920">
        <ele>1542.0</ele>
      </trkpt>
      <trkpt lat="43.2141470" lon="-4.8112870">
        <ele>1544.0</ele>
      </trkpt>
      <trkpt lat="43.2141090" lon="-4.8113310">
        <ele>1544.5</ele>
      </trkpt>
      <trkpt lat="43.2140770" lon="-4.8114050">
        <ele>1545.1</ele>
      </trkpt>
      <trkpt lat="43.2140760" lon="-4.8115910">
        <ele>1546.3</ele>
      </trkpt>
      <trkpt lat="43.2139650" lon="-4.8117390">
        <ele>1547.7</ele>
      </trkpt>
      <trkpt lat="43.2139340" lon="-4.8118250">
        <ele>1548.4</ele>
      </trkpt>
      <trkpt lat="43.2139450" lon="-4.8119820">
        <ele>1549.4</ele>
      </trkpt>
      <trkpt lat="43.2139090" lon="-4.8121330">
        <ele>1550.5</ele>
      </trkpt>
      <trkpt lat="43.2136840" lon="-4.8120780">
        <ele>1552.5</ele>
      </trkpt>
      <trkpt lat="43.2136250" lon="-4.8121870">
        <ele>1553.4</ele>
      </trkpt>
      <trkpt lat="43.2135420" lon="-4.8125700">
        <ele>1556.1</ele>
      </trkpt>
      <trkpt lat="43.2135670" lon="-4.8126010">
        <ele>1556.4</ele>
      </trkpt>
      <trkpt lat="43.2136000" lon="-4.8127450">
        <ele>1557.4</ele>
      </trkpt>
      <trkpt lat="43.2134920" lon="-4.8129020">
        <ele>1559.1</ele>
      </trkpt>
      <trkpt lat="43.2133280" lon="-4.8129170">
        <ele>1561.3</ele>
      </trkpt>
      <trkpt lat="43.2132910" lon="-4.8129480">
        <ele>1561.9</ele>
      </trkpt>
      <trkpt lat="43.2131830" lon="-4.8133990">
        <ele>1566.6</ele>
      </trkpt>
      <trkpt lat="43.2130270" lon="-4.8137110">
        <ele>1570.3</ele>
      </trkpt>
      <trkpt lat="43.2129460" lon="-4.8140480">
        <ele>1573.8</ele>
      </trkpt>
      <trkpt lat="43.2128250" lon="-4.8143120">
        <ele>1576.9</ele>
      </trkpt>
      <trkpt lat="43.2127630" lon="-4.8143820">
        <ele>1578.0</ele>
      </trkpt>
      <trkpt lat="43.2127240" lon="-4.8144260">
        <ele>1578.7</ele>
      </trkpt>
      <trkpt lat="43.2126460" lon="-4.8144710">
        <ele>1579.8</ele>
      </trkpt>
      <trkpt lat="43.2126250" lon="-4.8142890">
        <ele>1581.6</ele>
      </trkpt>
      <trkpt lat="43.2126060" lon="-4.8142630">
        <ele>1582.0</ele>
      </trkpt>
      <trkpt lat="43.2123860" lon="-4.8145740">
        <ele>1587.2</ele>
      </trkpt>
      <trkpt lat="43.2122850" lon="-4.8144590">
        <ele>1589.4</ele>
      </trkpt>
      <trkpt lat="43.2121870" lon="-4.8145980">
        <ele>1591.8</ele>
      </trkpt>
      <trkpt lat="43.2121020" lon="-4.8147850">
        <ele>1594.5</ele>
      </trkpt>
      <trkpt lat="43.2120860" lon="-4.8147930">
        <ele>1594.8</ele>
      </trkpt>
      <trkpt lat="43.2120320" lon="-4.8146990">
        <ele>1596.3</ele>
      </trkpt>
      <trkpt lat="43.2120210" lon="-4.8147110">
        <ele>1596.5</ele>
      </trkpt>
      <trkpt lat="43.2120220" lon="-4.8147890">
        <ele>1597.5</ele>
      </trkpt>
      <trkpt lat="43.2120210" lon="-4.8147110">
        <ele>1598.5</ele>
      </trkpt>
      <trkpt lat="43.2120320" lon="-4.8146990">
        <ele>1598.7</ele>
      </trkpt>
      <trkpt lat="43.2120860" lon="-4.8147930">
        <ele>1600.2</ele>
      </trkpt>
      <trkpt lat="43.2121020" lon="-4.8147850">
        <ele>1600.5</ele>
      </trkpt>
      <trkpt lat="43.2120860" lon="-4.8147930">
        <ele>1600.7</ele>
      </trkpt>
      <trkpt lat="43.2120320" lon="-4.8146990">
        <ele>1602.2</ele>
      </trkpt>
      <trkpt lat="43.2120210" lon="-4.8147110">
        <ele>1602.5</ele>
      </trkpt>
      <trkpt lat="43.2120220" lon="-4.8147890">
        <ele>1603.4</ele>
      </trkpt>
      <trkpt lat="43.2120230" lon="-4.8148280">
        <ele>1603.9</ele>
      </trkpt>
      <trkpt lat="43.2121350" lon="-4.8150790">
        <ele>1607.5</ele>
      </trkpt>
      <trkpt lat="43.2121120" lon="-4.8152200">
        <ele>1609.3</ele>
      </trkpt>
      <trkpt lat="43.2119650" lon="-4.8153150">
        <ele>1612.1</ele>
      </trkpt>
      <trkpt lat="43.2118920" lon="-4.8154890">
        <ele>1614.8</ele>
      </trkpt>
      <trkpt lat="43.2117710" lon="-4.8156490">
        <ele>1618.0</ele>
      </trkpt>
      <trkpt lat="43.2116290" lon="-4.8159040">
        <ele>1622.5</ele>
      </trkpt>
      <trkpt lat="43.2115360" lon="-4.8159870">
        <ele>1624.7</ele>
      </trkpt>
      <trkpt lat="43.2113840" lon="-4.8160620">
        <ele>1627.8</ele>
      </trkpt>
      <trkpt lat="43.2112790" lon="-4.8161660">
        <ele>1630.3</ele>
      </trkpt>
      <trkpt lat="43.2112160" lon="-4.8163840">
        <ele>1633.6</ele>
      </trkpt>
      <trkpt lat="43.2111100" lon="-4.8164800">
        <ele>1636.1</ele>
      </trkpt>
      <trkpt lat="43.2110180" lon="-4.8166320">
        <ele>1638.9</ele>
      </trkpt>
      <trkpt lat="43.2108930" lon="-4.8167640">
        <ele>1641.9</ele>
      </trkpt>
      <trkpt lat="43.2107210" lon="-4.8168300">
        <ele>1645.4</ele>
      </trkpt>
      <trkpt lat="43.2106880" lon="-4.8166630">
        <ele>1647.8</ele>
      </trkpt>
      <trkpt lat="43.2106410" lon="-4.8166400">
        <ele>1649.0</ele>
      </trkpt>
      <trkpt lat="43.2105620" lon="-4.8167920">
        <ele>1652.5</ele>
      </trkpt>
      <trkpt lat="43.2105420" lon="-4.8167380">
        <ele>1653.6</ele>
      </trkpt>
      <trkpt lat="43.2104960" lon="-4.8167080">
        <ele>1654.9</ele>
      </trkpt>
      <trkpt lat="43.2104940" lon="-4.8165970">
        <ele>1657.0</ele>
      </trkpt>
      <trkpt lat="43.2104420" lon="-4.8165610">
        <ele>1658.5</ele>
      </trkpt>
      <trkpt lat="43.2104330" lon="-4.8166300">
        <ele>1659.8</ele>
      </trkpt>
      <trkpt lat="43.2104030" lon="-4.8166370">
        <ele>1660.6</ele>
      </trkpt>
      <trkpt lat="43.2103740" lon="-4.8165860">
        <ele>1661.8</ele>
      </trkpt>
      <trkpt lat="43.2103380" lon="-4.8166040">
        <ele>1662.7</ele>
      </trkpt>
      <trkpt lat="43.2103190" lon="-4.8167000">
        <ele>1664.6</ele>
      </trkpt>
      <trkpt lat="43.2102620" lon="-4.8168090">
        <ele>1667.1</ele>
      </trkpt>
      <trkpt lat="43.2099860" lon="-4.8169030">
        <ele>1674.3</ele>
      </trkpt>
      <trkpt lat="43.2098320" lon="-4.8170230">
        <ele>1678.9</ele>
      </trkpt>
      <trkpt lat="43.2097670" lon="-4.8169880">
        <ele>1680.7</ele>
      </trkpt>
      <trkpt lat="43.2095410" lon="-4.8170310">
        <ele>1686.5</ele>
      </trkpt>
      <trkpt lat="43.2094440" lon="-4.8170180">
        <ele>1689.0</ele>
      </trkpt>
      <trkpt lat="43.2093920" lon="-4.8169690">
        <ele>1690.6</ele>
      </trkpt>
      <trkpt lat="43.2091770" lon="-4.8170120">
        <ele>1696.4</ele>
      </trkpt>
      <trkpt lat="43.2090550" lon="-4.8171190">
        <ele>1700.5</ele>
      </trkpt>
      <trkpt lat="43.2090200" lon="-4.8169460">
        <ele>1704.3</ele>
      </trkpt>
      <trkpt lat="43.2090550" lon="-4.8167110">
        <ele>1709.3</ele>
      </trkpt>
      <trkpt lat="43.2090400" lon="-4.8166700">
        <ele>1710.2</ele>
      </trkpt>
      <trkpt lat="43.2086670" lon="-4.8169790">
        <ele>1722.7</ele>
      </trkpt>
      <trkpt lat="43.2085230" lon="-4.8169870">
        <ele>1726.8</ele>
      </trkpt>
      <trkpt lat="43.2084920" lon="-4.8169010">
        <ele>1728.8</ele>
      </trkpt>
      <trkpt lat="43.2083090" lon="-4.8169640">
        <ele>1734.2</ele>
      </trkpt>
      <trkpt lat="43.2082650" lon="-4.8170270">
        <ele>1736.0</ele>
      </trkpt>
      <trkpt lat="43.2082090" lon="-4.8170530">
        <ele>1737.7</ele>
      </trkpt>
      <trkpt lat="43.2080800" lon="-4.8170810">
        <ele>1741.4</ele>
      </trkpt>
      <trkpt lat="43.2079980" lon="-4.8171940">
        <ele>1744.8</ele>
      </trkpt>
      <trkpt lat="43.2079970" lon="-4.8172760">
        <ele>1746.6</ele>
      </trkpt>
      <trkpt lat="43.2079730" lon="-4.8173140">
        <ele>1747.7</ele>
      </trkpt>
      <trkpt lat="43.2078950" lon="-4.8172830">
        <ele>1750.2</ele>
      </trkpt>
      <trkpt lat="43.2078140" lon="-4.8170730">
        <ele>1755.5</ele>
      </trkpt>
      <trkpt lat="43.2077110" lon="-4.8172760">
        <ele>1761.1</ele>
      </trkpt>
      <trkpt lat="43.2076570" lon="-4.8173240">
        <ele>1763.1</ele>
      </trkpt>
      <trkpt lat="43.2075790" lon="-4.8173440">
        <ele>1765.5</ele>
      </trkpt>
      <trkpt lat="43.2075460" lon="-4.8173190">
        <ele>1766.7</ele>
      </trkpt>
      <trkpt lat="43.2075330" lon="-4.8172220">
        <ele>1768.9</ele>
      </trkpt>
      <trkpt lat="43.2074610" lon="-4.8170930">
        <ele>1772.5</ele>
      </trkpt>
      <trkpt lat="43.2073930" lon="-4.8170430">
        <ele>1774.9</ele>
      </trkpt>
      <trkpt lat="43.2074080" lon="-4.8169970">
        <ele>1776.1</ele>
      </trkpt>
      <trkpt lat="43.2074010" lon="-4.8167210">
        <ele>1782.3</ele>
      </trkpt>
      <trkpt lat="43.2074330" lon="-4.8165930">
        <ele>1785.3</ele>
      </trkpt>
      <trkpt lat="43.2074240" lon="-4.8165710">
        <ele>1785.9</ele>
      </trkpt>
      <trkpt lat="43.2072950" lon="-4.8165970">
        <ele>1789.9</ele>
      </trkpt>
      <trkpt lat="43.2072790" lon="-4.8165500">
        <ele>1791.0</ele>
      </trkpt>
      <trkpt lat="43.2073120" lon="-4.8164190">
        <ele>1794.2</ele>
      </trkpt>
      <trkpt lat="43.2073060" lon="-4.8163360">
        <ele>1796.0</ele>
      </trkpt>
      <trkpt lat="43.2071380" lon="-4.8163360">
        <ele>1801.1</ele>
      </trkpt>
      <trkpt lat="43.2068700" lon="-4.8164570">
        <ele>1807.8</ele>
      </trkpt>
      <trkpt lat="43.2068500" lon="-4.8164290">
        <ele>1808.5</ele>
      </trkpt>
      <trkpt lat="43.2069000" lon="-4.8161460">
        <ele>1813.5</ele>
      </trkpt>
      <trkpt lat="43.2068810" lon="-4.8161200">
        <ele>1814.1</ele>
      </trkpt>
      <trkpt lat="43.2067220" lon="-4.8162820">
        <ele>1818.8</ele>
      </trkpt>
      <trkpt lat="43.2067200" lon="-4.8162170">
        <ele>1819.9</ele>
      </trkpt>
      <trkpt lat="43.2067130" lon="-4.8160060">
        <ele>1823.6</ele>
      </trkpt>
      <trkpt lat="43.2066730" lon="-4.8160270">
        <ele>1824.6</ele>
      </trkpt>
      <trkpt lat="43.2066300" lon="-4.8161250">
        <ele>1826.6</ele>
      </trkpt>
      <trkpt lat="43.2066110" lon="-4.8161690">
        <ele>1827.5</ele>
      </trkpt>
      <trkpt lat="43.2066300" lon="-4.8161250">
        <ele>1828.4</ele>
      </trkpt>
      <trkpt lat="43.2066730" lon="-4.8160270">
        <ele>1830.3</ele>
      </trkpt>
      <trkpt lat="43.2067130" lon="-4.8160060">
        <ele>1831.3</ele>
      </trkpt>
      <trkpt lat="43.2067200" lon="-4.8162170">
        <ele>1835.0</ele>
      </trkpt>
      <trkpt lat="43.2067130" lon="-4.8160060">
        <ele>1838.6</ele>
      </trkpt>
      <trkpt lat="43.2066730" lon="-4.8160270">
        <ele>1839.7</ele>
      </trkpt>
      <trkpt lat="43.2066300" lon="-4.8161250">
        <ele>1841.6</ele>
      </trkpt>
      <trkpt lat="43.2066110" lon="-4.8161690">
        <ele>1842.5</ele>
      </trkpt>
      <trkpt lat="43.2065800" lon="-4.8162390">
        <ele>1843.7</ele>
      </trkpt>
      <trkpt lat="43.2065170" lon="-4.8162930">
        <ele>1844.9</ele>
      </trkpt>
      <trkpt lat="43.2063810" lon="-4.8165210">
        <ele>1848.3</ele>
      </trkpt>
      <trkpt lat="43.2062850" lon="-4.8165690">
        <ele>1849.9</ele>
      </trkpt>
      <trkpt lat="43.2062200" lon="-4.8165230">
        <ele>1851.0</ele>
      </trkpt>
      <trkpt lat="43.2060450" lon="-4.8165970">
        <ele>1853.9</ele>
      </trkpt>
      <trkpt lat="43.2059390" lon="-4.8168470">
        <ele>1857.2</ele>
      </trkpt>
      <trkpt lat="43.2058970" lon="-4.8168820">
        <ele>1857.9</ele>
      </trkpt>
      <trkpt lat="43.2058630" lon="-4.8166980">
        <ele>1860.1</ele>
      </trkpt>
      <trkpt lat="43.2057770" lon="-4.8171130">
        <ele>1865.0</ele>
      </trkpt>
      <trkpt lat="43.2056580" lon="-4.8172010">
        <ele>1867.2</ele>
      </trkpt>
      <trkpt lat="43.2054360" lon="-4.8173200">
        <ele>1870.9</ele>
      </trkpt>
      <trkpt lat="43.2053110" lon="-4.8174760">
        <ele>1874.0</ele>
      </trkpt>
      <trkpt lat="43.2052390" lon="-4.8174880">
        <ele>1875.4</ele>
      </trkpt>
      <trkpt lat="43.2051770" lon="-4.8175870">
        <ele>1877.3</ele>
      </trkpt>
      <trkpt lat="43.2048200" lon="-4.8182260">
        <ele>1888.7</ele>
      </trkpt>
      <trkpt lat="43.2047390" lon="-4.8180640">
        <ele>1891.5</ele>
      </trkpt>
      <trkpt lat="43.2047130" lon="-4.8180640">
        <ele>1892.0</ele>
      </trkpt>
      <trkpt lat="43.2046320" lon="-4.8181850">
        <ele>1894.3</ele>
      </trkpt>
      <trkpt lat="43.2045780" lon="-4.8182950">
        <ele>1896.2</ele>
      </trkpt>
      <trkpt lat="43.2045820" lon="-4.8183830">
        <ele>1897.4</ele>
      </trkpt>
      <trkpt lat="43.2046580" lon="-4.8185680">
        <ele>1900.4</ele>
      </trkpt>
      <trkpt lat="43.2046820" lon="-4.8187000">
        <ele>1902.4</ele>
      </trkpt>
      <trkpt lat="43.2047580" lon="-4.8188260">
        <ele>1904.7</ele>
      </trkpt>
      <trkpt lat="43.2047290" lon="-4.8189780">
        <ele>1906.9</ele>
      </trkpt>
      <trkpt lat="43.2046580" lon="-4.8191320">
        <ele>1909.3</ele>
      </trkpt>
      <trkpt lat="43.2046290" lon="-4.8193380">
        <ele>1912.0</ele>
      </trkpt>
      <trkpt lat="43.2045520" lon="-4.8196210">
        <ele>1915.9</ele>
      </trkpt>
      <trkpt lat="43.2043910" lon="-4.8198540">
        <ele>1920.1</ele>
      </trkpt>
      <trkpt lat="43.2042860" lon="-4.8200570">
        <ele>1923.4</ele>
      </trkpt>
      <trkpt lat="43.2041190" lon="-4.8202230">
        <ele>1927.1</ele>
      </trkpt>
      <trkpt lat="43.2037760" lon="-4.8207990">
        <ele>1936.8</ele>
      </trkpt>
      <trkpt lat="43.2036230" lon="-4.8209170">
        <ele>1939.6</ele>
      </trkpt>
      <trkpt lat="43.2033950" lon="-4.8210160">
        <ele>1942.8</ele>
      </trkpt>
      <trkpt lat="43.2032720" lon="-4.8210540">
        <ele>1944.5</ele>
      </trkpt>
      <trkpt lat="43.2031840" lon="-4.8210310">
        <ele>1945.7</ele>
      </trkpt>
      <trkpt lat="43.2031030" lon="-4.8210490">
        <ele>1946.8</ele>
      </trkpt>
      <trkpt lat="43.2030290" lon="-4.8211320">
        <ele>1948.1</ele>
      </trkpt>
      <trkpt lat="43.2028890" lon="-4.8212180">
        <ele>1950.2</ele>
      </trkpt>
      <trkpt lat="43.2028640" lon="-4.8213050">
        <ele>1951.1</ele>
      </trkpt>
      <trkpt lat="43.2028130" lon="-4.8214440">
        <ele>1952.6</ele>
      </trkpt>
      <trkpt lat="43.2027950" lon="-4.8215000">
        <ele>1953.2</ele>
      </trkpt>
      <trkpt lat="43.2025530" lon="-4.8215050">
        <ele>1956.4</ele>
      </trkpt>
      <trkpt lat="43.2027950" lon="-4.8215000">
        <ele>1959.7</ele>
      </trkpt>
      <trkpt lat="43.2026470" lon="-4.8219060">
        <ele>1964.2</ele>
      </trkpt>
      <trkpt lat="43.2025780" lon="-4.8219530">
        <ele>1965.3</ele>
      </trkpt>
      <trkpt lat="43.2024450" lon="-4.8221520">
        <ele>1968.1</ele>
      </trkpt>
      <trkpt lat="43.2022340" lon="-4.8223480">
        <ele>1971.7</ele>
      </trkpt>
      <trkpt lat="43.2020680" lon="-4.8223650">
        <ele>1974.1</ele>
      </trkpt>
      <trkpt lat="43.2017390" lon="-4.8225250">
        <ele>1979.0</ele>
      </trkpt>
      <trkpt lat="43.2016670" lon="-4.8225050">
        <ele>1980.1</ele>
      </trkpt>
      <trkpt lat="43.2015230" lon="-4.8225690">
        <ele>1982.2</ele>
      </trkpt>
      <trkpt lat="43.2014050" lon="-4.8226720">
        <ele>1984.2</ele>
      </trkpt>
      <trkpt lat="43.2013360" lon="-4.8226720">
        <ele>1985.2</ele>
      </trkpt>
      <trkpt lat="43.2012900" lon="-4.8227130">
        <ele>1986.0</ele>
      </trkpt>
      <trkpt lat="43.2012480" lon="-4.8227760">
        <ele>1986.9</ele>
      </trkpt>
      <trkpt lat="43.2012370" lon="-4.8228770">
        <ele>1987.9</ele>
      </trkpt>
      <trkpt lat="43.2011630" lon="-4.8229310">
        <ele>1989.6</ele>
      </trkpt>
      <trkpt lat="43.2011170" lon="-4.8230120">
        <ele>1991.3</ele>
      </trkpt>
      <trkpt lat="43.2009870" lon="-4.8235930">
        <ele>2001.3</ele>
      </trkpt>
      <trkpt lat="43.2007110" lon="-4.8241810">
        <ele>2012.9</ele>
      </trkpt>
      <trkpt lat="43.2006800" lon="-4.8245330">
        <ele>2018.7</ele>
      </trkpt>
      <trkpt lat="43.2007510" lon="-4.8247240">
        <ele>2022.3</ele>
      </trkpt>
      <trkpt lat="43.2007160" lon="-4.8248760">
        <ele>2024.9</ele>
      </trkpt>
      <trkpt lat="43.2007530" lon="-4.8249530">
        <ele>2026.4</ele>
      </trkpt>
      <trkpt lat="43.2008290" lon="-4.8249790">
        <ele>2028.2</ele>
      </trkpt>
      <trkpt lat="43.2008090" lon="-4.8250690">
        <ele>2029.7</ele>
      </trkpt>
      <trkpt lat="43.2006640" lon="-4.8253490">
        <ele>2034.8</ele>
      </trkpt>
      <trkpt lat="43.2006640" lon="-4.8254170">
        <ele>2035.8</ele>
      </trkpt>
      <trkpt lat="43.2006260" lon="-4.8254510">
        <ele>2036.7</ele>
      </trkpt>
      <trkpt lat="43.2007020" lon="-4.8256380">
        <ele>2039.9</ele>
      </trkpt>
      <trkpt lat="43.2006510" lon="-4.8257740">
        <ele>2042.2</ele>
      </trkpt>
      <trkpt lat="43.2006420" lon="-4.8258760">
        <ele>2043.7</ele>
      </trkpt>
      <trkpt lat="43.2007580" lon="-4.8258870">
        <ele>2046.1</ele>
      </trkpt>
      <trkpt lat="43.2007140" lon="-4.8260270">
        <ele>2048.4</ele>
      </trkpt>
      <trkpt lat="43.2005310" lon="-4.8263400">
        <ele>2054.3</ele>
      </trkpt>
      <trkpt lat="43.2002460" lon="-4.8264950">
        <ele>2060.6</ele>
      </trkpt>
      <trkpt lat="43.2002420" lon="-4.8265680">
        <ele>2061.7</ele>
      </trkpt>
      <trkpt lat="43.2002170" lon="-4.8266060">
        <ele>2062.4</ele>
      </trkpt>
      <trkpt lat="43.2001240" lon="-4.8265330">
        <ele>2064.6</ele>
      </trkpt>
      <trkpt lat="43.2001020" lon="-4.8266620">
        <ele>2065.9</ele>
      </trkpt>
      <trkpt lat="43.2000140" lon="-4.8267270">
        <ele>2066.3</ele>
      </trkpt>
      <trkpt lat="43.1995460" lon="-4.8268750">
        <ele>2067.7</ele>
      </trkpt>
      <trkpt lat="43.1993380" lon="-4.8269110">
        <ele>2068.4</ele>
      </trkpt>
      <trkpt lat="43.1990530" lon="-4.8270680">
        <ele>2069.3</ele>
      </trkpt>
      <trkpt lat="43.1993380" lon="-4.8269110">
        <ele>2070.3</ele>
      </trkpt>
      <trkpt lat="43.1995460" lon="-4.8268750">
        <ele>2070.9</ele>
      </trkpt>
      <trkpt lat="43.2000140" lon="-4.8267270">
        <ele>2065.6</ele>
      </trkpt>
      <trkpt lat="43.2001020" lon="-4.8266620">
        <ele>2063.9</ele>
      </trkpt>
      <trkpt lat="43.2001240" lon="-4.8265330">
        <ele>2062.2</ele>
      </trkpt>
      <trkpt lat="43.2002170" lon="-4.8266060">
        <ele>2060.3</ele>
      </trkpt>
      <trkpt lat="43.2002420" lon="-4.8265680">
        <ele>2059.7</ele>
      </trkpt>
      <trkpt lat="43.2002460" lon="-4.8264950">
        <ele>2058.8</ele>
      </trkpt>
      <trkpt lat="43.2005310" lon="-4.8263400">
        <ele>2053.4</ele>
      </trkpt>
      <trkpt lat="43.2007140" lon="-4.8260270">
        <ele>2048.3</ele>
      </trkpt>
      <trkpt lat="43.2007580" lon="-4.8258870">
        <ele>2046.4</ele>
      </trkpt>
      <trkpt lat="43.2006420" lon="-4.8258760">
        <ele>2044.4</ele>
      </trkpt>
      <trkpt lat="43.2006510" lon="-4.8257740">
        <ele>2043.1</ele>
      </trkpt>
      <trkpt lat="43.2007020" lon="-4.8256380">
        <ele>2041.1</ele>
      </trkpt>
      <trkpt lat="43.2006260" lon="-4.8254510">
        <ele>2037.8</ele>
      </trkpt>
      <trkpt lat="43.2006640" lon="-4.8254170">
        <ele>2036.8</ele>
      </trkpt>
      <trkpt lat="43.2006640" lon="-4.8253490">
        <ele>2035.6</ele>
      </trkpt>
      <trkpt lat="43.2008090" lon="-4.8250690">
        <ele>2029.8</ele>
      </trkpt>
      <trkpt lat="43.2008290" lon="-4.8249790">
        <ele>2028.2</ele>
      </trkpt>
      <trkpt lat="43.2007530" lon="-4.8249530">
        <ele>2026.4</ele>
      </trkpt>
      <trkpt lat="43.2007160" lon="-4.8248760">
        <ele>2024.8</ele>
      </trkpt>
      <trkpt lat="43.2007510" lon="-4.8247240">
        <ele>2022.1</ele>
      </trkpt>
      <trkpt lat="43.2006800" lon="-4.8245330">
        <ele>2018.5</ele>
      </trkpt>
      <trkpt lat="43.2007110" lon="-4.8241810">
        <ele>2012.4</ele>
      </trkpt>
      <trkpt lat="43.2009870" lon="-4.8235930">
        <ele>2000.6</ele>
      </trkpt>
      <trkpt lat="43.2011170" lon="-4.8230120">
        <ele>1991.8</ele>
      </trkpt>
      <trkpt lat="43.2011630" lon="-4.8229310">
        <ele>1990.4</ele>
      </trkpt>
      <trkpt lat="43.2012370" lon="-4.8228770">
        <ele>1988.8</ele>
      </trkpt>
      <trkpt lat="43.2012480" lon="-4.8227760">
        <ele>1987.5</ele>
      </trkpt>
      <trkpt lat="43.2012900" lon="-4.8227130">
        <ele>1986.3</ele>
      </trkpt>
      <trkpt lat="43.2013360" lon="-4.8226720">
        <ele>1985.3</ele>
      </trkpt>
      <trkpt lat="43.2014050" lon="-4.8226720">
        <ele>1984.0</ele>
      </trkpt>
      <trkpt lat="43.2015230" lon="-4.8225690">
        <ele>1981.4</ele>
      </trkpt>
      <trkpt lat="43.2016670" lon="-4.8225050">
        <ele>1978.5</ele>
      </trkpt>
      <trkpt lat="43.2017390" lon="-4.8225250">
        <ele>1977.2</ele>
      </trkpt>
      <trkpt lat="43.2020680" lon="-4.8223650">
        <ele>1970.6</ele>
      </trkpt>
      <trkpt lat="43.2022340" lon="-4.8223480">
        <ele>1967.5</ele>
      </trkpt>
      <trkpt lat="43.2024450" lon="-4.8221520">
        <ele>1964.6</ele>
      </trkpt>
      <trkpt lat="43.2025780" lon="-4.8219530">
        <ele>1964.6</ele>
      </trkpt>
      <trkpt lat="43.2028580" lon="-4.8223000">
        <ele>1964.6</ele>
      </trkpt>
      <trkpt lat="43.2028990" lon="-4.8223510">
        <ele>1964.6</ele>
      </trkpt>
      <trkpt lat="43.2029560" lon="-4.8223760">
        <ele>1964.6</ele>
      </trkpt>
      <trkpt lat="43.2028990" lon="-4.8223510">
        <ele>1964.6</ele>
      </trkpt>
      <trkpt lat="43.2028580" lon="-4.8223000">
        <ele>1964.6</ele>
      </trkpt>
      <trkpt lat="43.2029920" lon="-4.8214460">
        <ele>1952.7</ele>
      </trkpt>
      <trkpt lat="43.2030830" lon="-4.8217370">
        <ele>1952.7</ele>
      </trkpt>
      <trkpt lat="43.2031960" lon="-4.8223090">
        <ele>1952.7</ele>
      </trkpt>
      <trkpt lat="43.2033010" lon="-4.8224400">
        <ele>1952.7</ele>
      </trkpt>
      <trkpt lat="43.2033830" lon="-4.8224580">
        <ele>1952.7</ele>
      </trkpt>
      <trkpt lat="43.2034280" lon="-4.8225520">
        <ele>1953.5</ele>
      </trkpt>
      <trkpt lat="43.2034340" lon="-4.8226700">
        <ele>1954.4</ele>
      </trkpt>
      <trkpt lat="43.2034960" lon="-4.8227380">
        <ele>1955.3</ele>
      </trkpt>
      <trkpt lat="43.2036630" lon="-4.8228020">
        <ele>1957.2</ele>
      </trkpt>
      <trkpt lat="43.2036330" lon="-4.8229010">
        <ele>1958.0</ele>
      </trkpt>
      <trkpt lat="43.2036660" lon="-4.8229390">
        <ele>1958.5</ele>
      </trkpt>
      <trkpt lat="43.2036990" lon="-4.8230540">
        <ele>1959.5</ele>
      </trkpt>
      <trkpt lat="43.2037400" lon="-4.8230830">
        <ele>1960.0</ele>
      </trkpt>
      <trkpt lat="43.2038840" lon="-4.8230790">
        <ele>1961.6</ele>
      </trkpt>
      <trkpt lat="43.2039840" lon="-4.8231540">
        <ele>1962.9</ele>
      </trkpt>
      <trkpt lat="43.2040280" lon="-4.8232200">
        <ele>1963.6</ele>
      </trkpt>
      <trkpt lat="43.2041630" lon="-4.8236390">
        <ele>1967.2</ele>
      </trkpt>
      <trkpt lat="43.2042390" lon="-4.8237090">
        <ele>1968.3</ele>
      </trkpt>
      <trkpt lat="43.2044410" lon="-4.8240470">
        <ele>1971.8</ele>
      </trkpt>
      <trkpt lat="43.2045290" lon="-4.8242720">
        <ele>1974.1</ele>
      </trkpt>
      <trkpt lat="43.2045700" lon="-4.8244550">
        <ele>1976.0</ele>
      </trkpt>
      <trkpt lat="43.2046650" lon="-4.8245020">
        <ele>1977.3</ele>
      </trkpt>
      <trkpt lat="43.2046970" lon="-4.8245540">
        <ele>1978.0</ele>
      </trkpt>
      <trkpt lat="43.2047730" lon="-4.8248600">
        <ele>1981.1</ele>
      </trkpt>
      <trkpt lat="43.2046850" lon="-4.8249640">
        <ele>1982.7</ele>
      </trkpt>
      <trkpt lat="43.2046950" lon="-4.8253600">
        <ele>1986.6</ele>
      </trkpt>
      <trkpt lat="43.2050320" lon="-4.8257670">
        <ele>1992.6</ele>
      </trkpt>
      <trkpt lat="43.2051820" lon="-4.8258300">
        <ele>1994.7</ele>
      </trkpt>
      <trkpt lat="43.2052610" lon="-4.8260680">
        <ele>1997.5</ele>
      </trkpt>
      <trkpt lat="43.2054150" lon="-4.8262480">
        <ele>2001.5</ele>
      </trkpt>
      <trkpt lat="43.2056860" lon="-4.8267600">
        <ele>2010.4</ele>
      </trkpt>
      <trkpt lat="43.2059560" lon="-4.8269630">
        <ele>2016.4</ele>
      </trkpt>
      <trkpt lat="43.2062140" lon="-4.8273170">
        <ele>2023.5</ele>
      </trkpt>
      <trkpt lat="43.2063720" lon="-4.8273250">
        <ele>2026.5</ele>
      </trkpt>
      <trkpt lat="43.2064870" lon="-4.8277610">
        <ele>2034.3</ele>
      </trkpt>
      <trkpt lat="43.2065390" lon="-4.8281330">
        <ele>2043.6</ele>
      </trkpt>
      <trkpt lat="43.2069050" lon="-4.8292310">
        <ele>2073.4</ele>
      </trkpt>
      <trkpt lat="43.2071100" lon="-4.8294430">
        <ele>2082.0</ele>
      </trkpt>
      <trkpt lat="43.2074320" lon="-4.8296470">
        <ele>2094.0</ele>
      </trkpt>
      <trkpt lat="43.2078130" lon="-4.8299370">
        <ele>2108.3</ele>
      </trkpt>
      <trkpt lat="43.2080050" lon="-4.8299240">
        <ele>2114.6</ele>
      </trkpt>
      <trkpt lat="43.2081940" lon="-4.8297550">
        <ele>2122.0</ele>
      </trkpt>
      <trkpt lat="43.2083400" lon="-4.8295470">
        <ele>2128.9</ele>
      </trkpt>
      <trkpt lat="43.2084470" lon="-4.8294600">
        <ele>2133.0</ele>
      </trkpt>
      <trkpt lat="43.2084840" lon="-4.8294300">
        <ele>2134.4</ele>
      </trkpt>
      <trkpt lat="43.2085050" lon="-4.8294490">
        <ele>2135.3</ele>
      </trkpt>
      <trkpt lat="43.2084920" lon="-4.8295800">
        <ele>2138.4</ele>
      </trkpt>
      <trkpt lat="43.2085850" lon="-4.8297960">
        <ele>2144.4</ele>
      </trkpt>
      <trkpt lat="43.2085780" lon="-4.8298480">
        <ele>2145.7</ele>
      </trkpt>
      <trkpt lat="43.2084830" lon="-4.8299770">
        <ele>2150.1</ele>
      </trkpt>
      <trkpt lat="43.2082750" lon="-4.8303950">
        <ele>2161.4</ele>
      </trkpt>
      <trkpt lat="43.2081220" lon="-4.8307960">
        <ele>2171.4</ele>
      </trkpt>
      <trkpt lat="43.2081230" lon="-4.8309350">
        <ele>2174.5</ele>
      </trkpt>
      <trkpt lat="43.2080540" lon="-4.8311770">
        <ele>2180.3</ele>
      </trkpt>
      <trkpt lat="43.2080470" lon="-4.8313020">
        <ele>2183.0</ele>
      </trkpt>
      <trkpt lat="43.2079820" lon="-4.8313410">
        <ele>2185.2</ele>
      </trkpt>
      <trkpt lat="43.2079340" lon="-4.8315060">
        <ele>2189.1</ele>
      </trkpt>
      <trkpt lat="43.2079170" lon="-4.8318400">
        <ele>2196.5</ele>
      </trkpt>
      <trkpt lat="43.2080220" lon="-4.8322720">
        <ele>2206.2</ele>
      </trkpt>
      <trkpt lat="43.2079760" lon="-4.8324250">
        <ele>2207.2</ele>
      </trkpt>
      <trkpt lat="43.2079750" lon="-4.8328660">
        <ele>2209.9</ele>
      </trkpt>
      <trkpt lat="43.2079500" lon="-4.8330060">
        <ele>2210.8</ele>
      </trkpt>
      <trkpt lat="43.2080600" lon="-4.8333280">
        <ele>2213.0</ele>
      </trkpt>
      <trkpt lat="43.2082510" lon="-4.8335770">
        <ele>2215.2</ele>
      </trkpt>
      <trkpt lat="43.2084570" lon="-4.8337810">
        <ele>2217.3</ele>
      </trkpt>
      <trkpt lat="43.2087140" lon="-4.8340070">
        <ele>2219.9</ele>
      </trkpt>
      <trkpt lat="43.2088850" lon="-4.8339520">
        <ele>2221.3</ele>
      </trkpt>
      <trkpt lat="43.2089690" lon="-4.8339680">
        <ele>2222.0</ele>
      </trkpt>
      <trkpt lat="43.2092640" lon="-4.8346060">
        <ele>2226.6</ele>
      </trkpt>
      <trkpt lat="43.2094370" lon="-4.8348240">
        <ele>2228.5</ele>
      </trkpt>
      <trkpt lat="43.2094990" lon="-4.8352700">
        <ele>2231.2</ele>
      </trkpt>
      <trkpt lat="43.2095040" lon="-4.8355460">
        <ele>2232.8</ele>
      </trkpt>
      <trkpt lat="43.2094100" lon="-4.8357330">
        <ele>2234.2</ele>
      </trkpt>
      <trkpt lat="43.2091160" lon="-4.8358490">
        <ele>2237.0</ele>
      </trkpt>
      <trkpt lat="43.2090000" lon="-4.8360100">
        <ele>2238.9</ele>
      </trkpt>
      <trkpt lat="43.2088440" lon="-4.8362710">
        <ele>2241.6</ele>
      </trkpt>
      <trkpt lat="43.2087580" lon="-4.8364780">
        <ele>2243.5</ele>
      </trkpt>
      <trkpt lat="43.2087010" lon="-4.8367050">
        <ele>2245.5</ele>
      </trkpt>
      <trkpt lat="43.2087050" lon="-4.8371970">
        <ele>2249.5</ele>
      </trkpt>
      <trkpt lat="43.2088160" lon="-4.8377410">
        <ele>2254.1</ele>
      </trkpt>
      <trkpt lat="43.2088750" lon="-4.8379300">
        <ele>2255.7</ele>
      </trkpt>
      <trkpt lat="43.2088650" lon="-4.8380530">
        <ele>2254.9</ele>
      </trkpt>
      <trkpt lat="43.2088930" lon="-4.8382380">
        <ele>2253.1</ele>
      </trkpt>
      <trkpt lat="43.2090110" lon="-4.8384440">
        <ele>2250.5</ele>
      </trkpt>
      <trkpt lat="43.2090500" lon="-4.8387250">
        <ele>2247.7</ele>
      </trkpt>
      <trkpt lat="43.2090680" lon="-4.8388370">
        <ele>2246.5</ele>
      </trkpt>
      <trkpt lat="43.2091060" lon="-4.8390680">
        <ele>2244.2</ele>
      </trkpt>
      <trkpt lat="43.2090740" lon="-4.8392080">
        <ele>2242.8</ele>
      </trkpt>
      <trkpt lat="43.2091650" lon="-4.8393970">
        <ele>2240.5</ele>
      </trkpt>
      <trkpt lat="43.2092290" lon="-4.8395900">
        <ele>2238.4</ele>
      </trkpt>
      <trkpt lat="43.2092380" lon="-4.8398390">
        <ele>2236.0</ele>
      </trkpt>
      <trkpt lat="43.2095200" lon="-4.8404060">
        <ele>2228.2</ele>
      </trkpt>
      <trkpt lat="43.2095750" lon="-4.8406840">
        <ele>2224.1</ele>
      </trkpt>
      <trkpt lat="43.2099630" lon="-4.8410960">
        <ele>2214.6</ele>
      </trkpt>
      <trkpt lat="43.2100170" lon="-4.8414690">
        <ele>2209.2</ele>
      </trkpt>
      <trkpt lat="43.2101410" lon="-4.8416390">
        <ele>2205.8</ele>
      </trkpt>
      <trkpt lat="43.2105790" lon="-4.8420850">
        <ele>2194.9</ele>
      </trkpt>
      <trkpt lat="43.2106160" lon="-4.8426460">
        <ele>2185.6</ele>
      </trkpt>
      <trkpt lat="43.2108980" lon="-4.8433910">
        <ele>2171.8</ele>
      </trkpt>
      <trkpt lat="43.2108950" lon="-4.8437620">
        <ele>2165.6</ele>
      </trkpt>
      <trkpt lat="43.2109340" lon="-4.8441820">
        <ele>2158.7</ele>
      </trkpt>
      <trkpt lat="43.2110040" lon="-4.8444960">
        <ele>2153.3</ele>
      </trkpt>
      <trkpt lat="43.2109980" lon="-4.8447450">
        <ele>2149.3</ele>
      </trkpt>
      <trkpt lat="43.2110270" lon="-4.8449760">
        <ele>2145.5</ele>
      </trkpt>
      <trkpt lat="43.2111890" lon="-4.8452500">
        <ele>2139.8</ele>
      </trkpt>
      <trkpt lat="43.2112840" lon="-4.8456070">
        <ele>2133.6</ele>
      </trkpt>
      <trkpt lat="43.2113340" lon="-4.8461240">
        <ele>2125.2</ele>
      </trkpt>
      <trkpt lat="43.2115310" lon="-4.8467030">
        <ele>2114.8</ele>
      </trkpt>
      <trkpt lat="43.2115070" lon="-4.8470420">
        <ele>2108.9</ele>
      </trkpt>
      <trkpt lat="43.2120370" lon="-4.8479580">
        <ele>2088.9</ele>
      </trkpt>
      <trkpt lat="43.2125830" lon="-4.8486660">
        <ele>2072.4</ele>
      </trkpt>
      <trkpt lat="43.2127070" lon="-4.8491790">
        <ele>2067.1</ele>
      </trkpt>
      <trkpt lat="43.2127340" lon="-4.8495220">
        <ele>2063.8</ele>
      </trkpt>
      <trkpt lat="43.2128350" lon="-4.8498090">
        <ele>2060.7</ele>
      </trkpt>
      <trkpt lat="43.2128950" lon="-4.8501160">
        <ele>2057.6</ele>
      </trkpt>
      <trkpt lat="43.2129980" lon="-4.8503890">
        <ele>2054.7</ele>
      </trkpt>
      <trkpt lat="43.2129280" lon="-4.8506070">
        <ele>2052.4</ele>
      </trkpt>
      <trkpt lat="43.2129450" lon="-4.8509230">
        <ele>2050.2</ele>
      </trkpt>
      <trkpt lat="43.2130660" lon="-4.8510860">
        <ele>2051.4</ele>
      </trkpt>
      <trkpt lat="43.2131980" lon="-4.8514440">
        <ele>2053.4</ele>
      </trkpt>
      <trkpt lat="43.2132450" lon="-4.8516360">
        <ele>2054.4</ele>
      </trkpt>
      <trkpt lat="43.2132660" lon="-4.8526180">
        <ele>2059.3</ele>
      </trkpt>
      <trkpt lat="43.2131920" lon="-4.8530660">
        <ele>2061.6</ele>
      </trkpt>
      <trkpt lat="43.2131870" lon="-4.8532450">
        <ele>2062.0</ele>
      </trkpt>
      <trkpt lat="43.2133010" lon="-4.8535030">
        <ele>2060.4</ele>
      </trkpt>
      <trkpt lat="43.2132910" lon="-4.8536930">
        <ele>2059.4</ele>
      </trkpt>
      <trkpt lat="43.2133170" lon="-4.8538150">
        <ele>2058.8</ele>
      </trkpt>
      <trkpt lat="43.2135370" lon="-4.8543620">
        <ele>2055.5</ele>
      </trkpt>
      <trkpt lat="43.2135750" lon="-4.8547590">
        <ele>2053.4</ele>
      </trkpt>
      <trkpt lat="43.2135520" lon="-4.8551300">
        <ele>2051.4</ele>
      </trkpt>
      <trkpt lat="43.2136040" lon="-4.8553710">
        <ele>2050.1</ele>
      </trkpt>
      <trkpt lat="43.2135230" lon="-4.8557360">
        <ele>2047.5</ele>
      </trkpt>
      <trkpt lat="43.2134780" lon="-4.8558480">
        <ele>2046.4</ele>
      </trkpt>
      <trkpt lat="43.2133910" lon="-4.8564660">
        <ele>2041.3</ele>
      </trkpt>
      <trkpt lat="43.2133580" lon="-4.8565580">
        <ele>2040.5</ele>
      </trkpt>
      <trkpt lat="43.2134030" lon="-4.8566830">
        <ele>2039.3</ele>
      </trkpt>
      <trkpt lat="43.2133430" lon="-4.8570050">
        <ele>2036.6</ele>
      </trkpt>
      <trkpt lat="43.2135650" lon="-4.8571190">
        <ele>2034.0</ele>
      </trkpt>
      <trkpt lat="43.2135960" lon="-4.8570700">
        <ele>2033.4</ele>
      </trkpt>
      <trkpt lat="43.2136980" lon="-4.8570950">
        <ele>2032.3</ele>
      </trkpt>
      <trkpt lat="43.2137400" lon="-4.8572120">
        <ele>2031.2</ele>
      </trkpt>
      <trkpt lat="43.2137690" lon="-4.8572480">
        <ele>2030.8</ele>
      </trkpt>
      <trkpt lat="43.2138100" lon="-4.8572990">
        <ele>2030.2</ele>
      </trkpt>
      <trkpt lat="43.2138550" lon="-4.8574090">
        <ele>2029.3</ele>
      </trkpt>
      <trkpt lat="43.2139540" lon="-4.8574500">
        <ele>2029.5</ele>
      </trkpt>
      <trkpt lat="43.2140530" lon="-4.8574320">
        <ele>2029.7</ele>
      </trkpt>
      <trkpt lat="43.2140930" lon="-4.8574390">
        <ele>2029.8</ele>
      </trkpt>
      <trkpt lat="43.2141490" lon="-4.8575980">
        <ele>2030.1</ele>
      </trkpt>
      <trkpt lat="43.2140930" lon="-4.8574390">
        <ele>2030.4</ele>
      </trkpt>
      <trkpt lat="43.2140530" lon="-4.8574320">
        <ele>2030.5</ele>
      </trkpt>
      <trkpt lat="43.2139540" lon="-4.8574500">
        <ele>2030.7</ele>
      </trkpt>
      <trkpt lat="43.2138550" lon="-4.8574090">
        <ele>2030.9</ele>
      </trkpt>
      <trkpt lat="43.2138100" lon="-4.8572990">
        <ele>2031.1</ele>
      </trkpt>
      <trkpt lat="43.2137690" lon="-4.8572480">
        <ele>2031.3</ele>
      </trkpt>
      <trkpt lat="43.2137400" lon="-4.8572120">
        <ele>2031.3</ele>
      </trkpt>
      <trkpt lat="43.2136980" lon="-4.8570950">
        <ele>2031.5</ele>
      </trkpt>
      <trkpt lat="43.2135960" lon="-4.8570700">
        <ele>2031.8</ele>
      </trkpt>
      <trkpt lat="43.2136980" lon="-4.8570950">
        <ele>2032.0</ele>
      </trkpt>
      <trkpt lat="43.2137400" lon="-4.8572120">
        <ele>2032.2</ele>
      </trkpt>
      <trkpt lat="43.2137690" lon="-4.8572480">
        <ele>2032.3</ele>
      </trkpt>
      <trkpt lat="43.2138100" lon="-4.8572990">
        <ele>2032.4</ele>
      </trkpt>
      <trkpt lat="43.2138550" lon="-4.8574090">
        <ele>2032.6</ele>
      </trkpt>
      <trkpt lat="43.2139540" lon="-4.8574500">
        <ele>2032.8</ele>
      </trkpt>
      <trkpt lat="43.2140530" lon="-4.8574320">
        <ele>2033.1</ele>
      </trkpt>
      <trkpt lat="43.2140930" lon="-4.8574390">
        <ele>2033.2</ele>
      </trkpt>
      <trkpt lat="43.2141490" lon="-4.8575980">
        <ele>2033.8</ele>
      </trkpt>
      <trkpt lat="43.2143670" lon="-4.8578370">
        <ele>2035.4</ele>
      </trkpt>
      <trkpt lat="43.2143970" lon="-4.8579040">
        <ele>2035.7</ele>
      </trkpt>
      <trkpt lat="43.2144070" lon="-4.8580350">
        <ele>2036.2</ele>
      </trkpt>
      <trkpt lat="43.2144500" lon="-4.8580810">
        <ele>2036.5</ele>
      </trkpt>
      <trkpt lat="43.2147520" lon="-4.8581420">
        <ele>2038.3</ele>
      </trkpt>
      <trkpt lat="43.2150390" lon="-4.8580950">
        <ele>2039.9</ele>
      </trkpt>
      <trkpt lat="43.2152500" lon="-4.8579650">
        <ele>2041.2</ele>
      </trkpt>
      <trkpt lat="43.2154060" lon="-4.8578170">
        <ele>2042.3</ele>
      </trkpt>
      <trkpt lat="43.2155220" lon="-4.8576220">
        <ele>2043.3</ele>
      </trkpt>
      <trkpt lat="43.2156070" lon="-4.8575270">
        <ele>2042.7</ele>
      </trkpt>
      <trkpt lat="43.2156350" lon="-4.8573790">
        <ele>2041.8</ele>
      </trkpt>
      <trkpt lat="43.2157740" lon="-4.8571090">
        <ele>2040.0</ele>
      </trkpt>
      <trkpt lat="43.2158460" lon="-4.8570710">
        <ele>2039.4</ele>
      </trkpt>
      <trkpt lat="43.2159830" lon="-4.8569990">
        <ele>2038.3</ele>
      </trkpt>
      <trkpt lat="43.2162860" lon="-4.8568250">
        <ele>2035.8</ele>
      </trkpt>
      <trkpt lat="43.2162930" lon="-4.8567260">
        <ele>2035.3</ele>
      </trkpt>
      <trkpt lat="43.2164630" lon="-4.8564720">
        <ele>2033.4</ele>
      </trkpt>
      <trkpt lat="43.2165730" lon="-4.8563920">
        <ele>2032.4</ele>
      </trkpt>
      <trkpt lat="43.2166440" lon="-4.8562750">
        <ele>2031.6</ele>
      </trkpt>
      <trkpt lat="43.2167180" lon="-4.8562190">
        <ele>2031.0</ele>
      </trkpt>
      <trkpt lat="43.2167850" lon="-4.8560610">
        <ele>2029.9</ele>
      </trkpt>
      <trkpt lat="43.2169280" lon="-4.8558880">
        <ele>2030.7</ele>
      </trkpt>
      <trkpt lat="43.2170090" lon="-4.8558470">
        <ele>2031.2</ele>
      </trkpt>
      <trkpt lat="43.2169280" lon="-4.8558880">
        <ele>2031.7</ele>
      </trkpt>
      <trkpt lat="43.2167850" lon="-4.8560610">
        <ele>2032.8</ele>
      </trkpt>
      <trkpt lat="43.2167180" lon="-4.8562190">
        <ele>2033.5</ele>
      </trkpt>
      <trkpt lat="43.2169500" lon="-4.8563630">
        <ele>2034.9</ele>
      </trkpt>
      <trkpt lat="43.2171100" lon="-4.8562520">
        <ele>2035.9</ele>
      </trkpt>
      <trkpt lat="43.2171550" lon="-4.8563890">
        <ele>2036.5</ele>
      </trkpt>
      <trkpt lat="43.2172320" lon="-4.8564280">
        <ele>2037.0</ele>
      </trkpt>
      <trkpt lat="43.2172820" lon="-4.8565340">
        <ele>2037.5</ele>
      </trkpt>
      <trkpt lat="43.2172780" lon="-4.8566500">
        <ele>2038.0</ele>
      </trkpt>
      <trkpt lat="43.2173850" lon="-4.8566510">
        <ele>2038.6</ele>
      </trkpt>
      <trkpt lat="43.2173690" lon="-4.8567550">
        <ele>2039.0</ele>
      </trkpt>
      <trkpt lat="43.2174520" lon="-4.8568380">
        <ele>2039.6</ele>
      </trkpt>
      <trkpt lat="43.2175710" lon="-4.8568490">
        <ele>2039.5</ele>
      </trkpt>
      <trkpt lat="43.2176580" lon="-4.8567440">
        <ele>2038.9</ele>
      </trkpt>
      <trkpt lat="43.2177030" lon="-4.8567600">
        <ele>2038.7</ele>
      </trkpt>
      <trkpt lat="43.2178070" lon="-4.8567090">
        <ele>2038.2</ele>
      </trkpt>
      <trkpt lat="43.2178670" lon="-4.8567520">
        <ele>2037.9</ele>
      </trkpt>
      <trkpt lat="43.2179520" lon="-4.8568760">
        <ele>2037.4</ele>
      </trkpt>
      <trkpt lat="43.2181900" lon="-4.8570810">
        <ele>2036.1</ele>
      </trkpt>
      <trkpt lat="43.2185040" lon="-4.8571190">
        <ele>2034.7</ele>
      </trkpt>
      <trkpt lat="43.2186680" lon="-4.8572490">
        <ele>2033.8</ele>
      </trkpt>
      <trkpt lat="43.2187760" lon="-4.8572770">
        <ele>2033.3</ele>
      </trkpt>
      <trkpt lat="43.2189070" lon="-4.8572600">
        <ele>2032.7</ele>
      </trkpt>
      <trkpt lat="43.2191670" lon="-4.8570720">
        <ele>2030.7</ele>
      </trkpt>
      <trkpt lat="43.2192980" lon="-4.8570290">
        <ele>2028.6</ele>
      </trkpt>
      <trkpt lat="43.2194900" lon="-4.8568900">
        <ele>2025.2</ele>
      </trkpt>
      <trkpt lat="43.2195220" lon="-4.8568160">
        <ele>2024.2</ele>
      </trkpt>
      <trkpt lat="43.2195770" lon="-4.8568300">
        <ele>2023.4</ele>
      </trkpt>
      <trkpt lat="43.2196170" lon="-4.8571220">
        <ele>2020.0</ele>
      </trkpt>
      <trkpt lat="43.2195650" lon="-4.8572070">
        <ele>2018.7</ele>
      </trkpt>
      <trkpt lat="43.2196030" lon="-4.8572020">
        <ele>2018.1</ele>
      </trkpt>
      <trkpt lat="43.2196030" lon="-4.8573010">
        <ele>2017.0</ele>
      </trkpt>
      <trkpt lat="43.2196760" lon="-4.8572770">
        <ele>2015.9</ele>
      </trkpt>
      <trkpt lat="43.2196750" lon="-4.8573510">
        <ele>2015.0</ele>
      </trkpt>
      <trkpt lat="43.2197260" lon="-4.8573810">
        <ele>2014.2</ele>
      </trkpt>
      <trkpt lat="43.2196620" lon="-4.8576560">
        <ele>2010.9</ele>
      </trkpt>
      <trkpt lat="43.2197280" lon="-4.8579610">
        <ele>2007.3</ele>
      </trkpt>
      <trkpt lat="43.2197210" lon="-4.8581620">
        <ele>2005.0</ele>
      </trkpt>
      <trkpt lat="43.2199010" lon="-4.8586030">
        <ele>1997.6</ele>
      </trkpt>
      <trkpt lat="43.2200870" lon="-4.8588640">
        <ele>1991.9</ele>
      </trkpt>
      <trkpt lat="43.2202170" lon="-4.8588700">
        <ele>1989.1</ele>
      </trkpt>
      <trkpt lat="43.2203710" lon="-4.8588310">
        <ele>1985.8</ele>
      </trkpt>
      <trkpt lat="43.2204800" lon="-4.8588560">
        <ele>1983.4</ele>
      </trkpt>
      <trkpt lat="43.2206460" lon="-4.8589980">
        <ele>1979.2</ele>
      </trkpt>
      <trkpt lat="43.2207690" lon="-4.8590610">
        <ele>1976.4</ele>
      </trkpt>
      <trkpt lat="43.2208670" lon="-4.8592250">
        <ele>1973.1</ele>
      </trkpt>
      <trkpt lat="43.2208870" lon="-4.8593460">
        <ele>1971.2</ele>
      </trkpt>
      <trkpt lat="43.2211490" lon="-4.8596970">
        <ele>1963.2</ele>
      </trkpt>
      <trkpt lat="43.2212640" lon="-4.8597550">
        <ele>1960.3</ele>
      </trkpt>
      <trkpt lat="43.2213330" lon="-4.8597240">
        <ele>1958.6</ele>
      </trkpt>
      <trkpt lat="43.2213980" lon="-4.8597580">
        <ele>1957.0</ele>
      </trkpt>
      <trkpt lat="43.2214910" lon="-4.8598930">
        <ele>1953.8</ele>
      </trkpt>
      <trkpt lat="43.2216080" lon="-4.8599840">
        <ele>1950.7</ele>
      </trkpt>
      <trkpt lat="43.2216380" lon="-4.8600500">
        <ele>1949.4</ele>
      </trkpt>
      <trkpt lat="43.2216470" lon="-4.8601700">
        <ele>1947.3</ele>
      </trkpt>
      <trkpt lat="43.2217150" lon="-4.8602150">
        <ele>1945.6</ele>
      </trkpt>
      <trkpt lat="43.2217480" lon="-4.8602010">
        <ele>1944.8</ele>
      </trkpt>
      <trkpt lat="43.2217690" lon="-4.8602610">
        <ele>1943.6</ele>
      </trkpt>
      <trkpt lat="43.2218500" lon="-4.8602750">
        <ele>1941.7</ele>
      </trkpt>
      <trkpt lat="43.2218710" lon="-4.8603510">
        <ele>1940.3</ele>
      </trkpt>
      <trkpt lat="43.2220470" lon="-4.8605020">
        <ele>1935.5</ele>
      </trkpt>
      <trkpt lat="43.2221570" lon="-4.8601790">
        <ele>1929.4</ele>
      </trkpt>
      <trkpt lat="43.2222600" lon="-4.8600230">
        <ele>1925.9</ele>
      </trkpt>
      <trkpt lat="43.2223220" lon="-4.8600420">
        <ele>1924.4</ele>
      </trkpt>
      <trkpt lat="43.2223830" lon="-4.8598990">
        <ele>1921.3</ele>
      </trkpt>
      <trkpt lat="43.2226210" lon="-4.8596710">
        <ele>1913.6</ele>
      </trkpt>
      <trkpt lat="43.2226800" lon="-4.8596860">
        <ele>1911.9</ele>
      </trkpt>
      <trkpt lat="43.2227040" lon="-4.8597970">
        <ele>1909.7</ele>
      </trkpt>
      <trkpt lat="43.2227460" lon="-4.8598010">
        <ele>1908.6</ele>
      </trkpt>
      <trkpt lat="43.2227980" lon="-4.8597120">
        <ele>1906.3</ele>
      </trkpt>
      <trkpt lat="43.2228360" lon="-4.8597390">
        <ele>1905.2</ele>
      </trkpt>
      <trkpt lat="43.2229200" lon="-4.8599110">
        <ele>1901.1</ele>
      </trkpt>
      <trkpt lat="43.2230020" lon="-4.8599370">
        <ele>1898.9</ele>
      </trkpt>
      <trkpt lat="43.2230410" lon="-4.8599080">
        <ele>1897.7</ele>
      </trkpt>
      <trkpt lat="43.2231240" lon="-4.8599840">
        <ele>1895.0</ele>
      </trkpt>
      <trkpt lat="43.2231820" lon="-4.8599930">
        <ele>1893.5</ele>
      </trkpt>
      <trkpt lat="43.2232660" lon="-4.8599450">
        <ele>1891.0</ele>
      </trkpt>
      <trkpt lat="43.2234150" lon="-4.8600840">
        <ele>1886.2</ele>
      </trkpt>
      <trkpt lat="43.2234810" lon="-4.8601020">
        <ele>1884.4</ele>
      </trkpt>
      <trkpt lat="43.2235410" lon="-4.8600430">
        <ele>1882.4</ele>
      </trkpt>
      <trkpt lat="43.2236500" lon="-4.8600370">
        <ele>1879.5</ele>
      </trkpt>
      <trkpt lat="43.2238110" lon="-4.8599180">
        <ele>1874.6</ele>
      </trkpt>
      <trkpt lat="43.2240070" lon="-4.8595280">
        <ele>1865.3</ele>
      </trkpt>
      <trkpt lat="43.2240250" lon="-4.8594500">
        <ele>1863.6</ele>
      </trkpt>
      <trkpt lat="43.2240680" lon="-4.8594230">
        <ele>1862.4</ele>
      </trkpt>
      <trkpt lat="43.2241520" lon="-4.8592840">
        <ele>1858.8</ele>
      </trkpt>
      <trkpt lat="43.2242560" lon="-4.8591970">
        <ele>1855.5</ele>
      </trkpt>
      <trkpt lat="43.2245250" lon="-4.8590760">
        <ele>1847.8</ele>
      </trkpt>
      <trkpt lat="43.2245920" lon="-4.8590140">
        <ele>1845.6</ele>
      </trkpt>
      <trkpt lat="43.2246820" lon="-4.8588340">
        <ele>1841.3</ele>
      </trkpt>
      <trkpt lat="43.2247820" lon="-4.8587550">
        <ele>1838.2</ele>
      </trkpt>
      <trkpt lat="43.2248850" lon="-4.8587460">
        <ele>1835.4</ele>
      </trkpt>
      <trkpt lat="43.2252410" lon="-4.8585350">
        <ele>1824.7</ele>
      </trkpt>
      <trkpt lat="43.2253720" lon="-4.8585870">
        <ele>1820.5</ele>
      </trkpt>
      <trkpt lat="43.2254270" lon="-4.8585490">
        <ele>1818.6</ele>
      </trkpt>
      <trkpt lat="43.2255870" lon="-4.8585630">
        <ele>1813.7</ele>
      </trkpt>
      <trkpt lat="43.2256720" lon="-4.8585110">
        <ele>1810.8</ele>
      </trkpt>
      <trkpt lat="43.2259360" lon="-4.8581220">
        <ele>1798.9</ele>
      </trkpt>
      <trkpt lat="43.2260680" lon="-4.8580590">
        <ele>1794.5</ele>
      </trkpt>
      <trkpt lat="43.2261230" lon="-4.8580330">
        <ele>1792.8</ele>
      </trkpt>
      <trkpt lat="43.2262400" lon="-4.8577690">
        <ele>1785.8</ele>
      </trkpt>
      <trkpt lat="43.2263380" lon="-4.8576690">
        <ele>1782.0</ele>
      </trkpt>
      <trkpt lat="43.2265160" lon="-4.8572980">
        <ele>1772.1</ele>
      </trkpt>
      <trkpt lat="43.2265900" lon="-4.8570400">
        <ele>1764.7</ele>
      </trkpt>
      <trkpt lat="43.2266800" lon="-4.8569830">
        <ele>1761.0</ele>
      </trkpt>
      <trkpt lat="43.2268150" lon="-4.8567560">
        <ele>1752.9</ele>
      </trkpt>
      <trkpt lat="43.2269500" lon="-4.8568150">
        <ele>1747.6</ele>
      </trkpt>
      <trkpt lat="43.2270100" lon="-4.8566980">
        <ele>1743.7</ele>
      </trkpt>
      <trkpt lat="43.2270830" lon="-4.8567100">
        <ele>1740.9</ele>
      </trkpt>
      <trkpt lat="43.2271570" lon="-4.8566020">
        <ele>1736.8</ele>
      </trkpt>
      <trkpt lat="43.2272360" lon="-4.8565680">
        <ele>1733.7</ele>
      </trkpt>
      <trkpt lat="43.2273740" lon="-4.8565870">
        <ele>1728.5</ele>
      </trkpt>
      <trkpt lat="43.2274240" lon="-4.8565300">
        <ele>1726.0</ele>
      </trkpt>
      <trkpt lat="43.2275270" lon="-4.8565260">
        <ele>1722.1</ele>
      </trkpt>
      <trkpt lat="43.2276060" lon="-4.8566440">
        <ele>1717.7</ele>
      </trkpt>
      <trkpt lat="43.2276310" lon="-4.8566250">
        <ele>1716.7</ele>
      </trkpt>
      <trkpt lat="43.2276310" lon="-4.8566530">
        <ele>1715.9</ele>
      </trkpt>
      <trkpt lat="43.2276750" lon="-4.8566800">
        <ele>1714.1</ele>
      </trkpt>
      <trkpt lat="43.2278050" lon="-4.8564610">
        <ele>1706.3</ele>
      </trkpt>
      <trkpt lat="43.2278680" lon="-4.8565110">
        <ele>1703.6</ele>
      </trkpt>
      <trkpt lat="43.2281000" lon="-4.8564620">
        <ele>1696.2</ele>
      </trkpt>
      <trkpt lat="43.2282090" lon="-4.8564140">
        <ele>1692.7</ele>
      </trkpt>
      <trkpt lat="43.2282800" lon="-4.8564670">
        <ele>1690.2</ele>
      </trkpt>
      <trkpt lat="43.2284420" lon="-4.8564580">
        <ele>1685.2</ele>
      </trkpt>
      <trkpt lat="43.2285910" lon="-4.8566870">
        <ele>1678.3</ele>
      </trkpt>
      <trkpt lat="43.2287070" lon="-4.8566510">
        <ele>1674.6</ele>
      </trkpt>
      <trkpt lat="43.2287490" lon="-4.8566760">
        <ele>1673.2</ele>
      </trkpt>
      <trkpt lat="43.2287520" lon="-4.8567700">
        <ele>1671.1</ele>
      </trkpt>
      <trkpt lat="43.2287960" lon="-4.8568280">
        <ele>1669.2</ele>
      </trkpt>
      <trkpt lat="43.2288620" lon="-4.8568470">
        <ele>1667.2</ele>
      </trkpt>
      <trkpt lat="43.2288900" lon="-4.8569520">
        <ele>1664.6</ele>
      </trkpt>
      <trkpt lat="43.2288900" lon="-4.8570700">
        <ele>1662.0</ele>
      </trkpt>
      <trkpt lat="43.2288060" lon="-4.8573680">
        <ele>1654.8</ele>
      </trkpt>
      <trkpt lat="43.2287970" lon="-4.8575120">
        <ele>1651.6</ele>
      </trkpt>
      <trkpt lat="43.2288330" lon="-4.8575150">
        <ele>1650.4</ele>
      </trkpt>
      <trkpt lat="43.2289370" lon="-4.8573900">
        <ele>1646.2</ele>
      </trkpt>
      <trkpt lat="43.2290230" lon="-4.8575250">
        <ele>1642.2</ele>
      </trkpt>
      <trkpt lat="43.2290890" lon="-4.8578260">
        <ele>1635.1</ele>
      </trkpt>
      <trkpt lat="43.2291430" lon="-4.8578830">
        <ele>1633.0</ele>
      </trkpt>
      <trkpt lat="43.2293030" lon="-4.8577910">
        <ele>1627.7</ele>
      </trkpt>
      <trkpt lat="43.2294080" lon="-4.8576390">
        <ele>1623.0</ele>
      </trkpt>
      <trkpt lat="43.2296370" lon="-4.8576030">
        <ele>1615.9</ele>
      </trkpt>
      <trkpt lat="43.2297170" lon="-4.8575340">
        <ele>1613.0</ele>
      </trkpt>
      <trkpt lat="43.2297560" lon="-4.8573490">
        <ele>1608.7</ele>
      </trkpt>
      <trkpt lat="43.2298600" lon="-4.8572240">
        <ele>1604.4</ele>
      </trkpt>
      <trkpt lat="43.2299190" lon="-4.8572500">
        <ele>1602.5</ele>
      </trkpt>
      <trkpt lat="43.2299180" lon="-4.8573110">
        <ele>1601.1</ele>
      </trkpt>
      <trkpt lat="43.2299650" lon="-4.8573300">
        <ele>1599.6</ele>
      </trkpt>
      <trkpt lat="43.2300400" lon="-4.8573290">
        <ele>1597.3</ele>
      </trkpt>
      <trkpt lat="43.2301760" lon="-4.8571900">
        <ele>1592.2</ele>
      </trkpt>
      <trkpt lat="43.2306370" lon="-4.8571970">
        <ele>1583.2</ele>
      </trkpt>
      <trkpt lat="43.2308420" lon="-4.8572000">
        <ele>1579.2</ele>
      </trkpt>
      <trkpt lat="43.2309550" lon="-4.8572020">
        <ele>1577.0</ele>
      </trkpt>
      <trkpt lat="43.2310390" lon="-4.8572330">
        <ele>1575.3</ele>
      </trkpt>
      <trkpt lat="43.2313480" lon="-4.8572800">
        <ele>1569.3</ele>
      </trkpt>
      <trkpt lat="43.2314320" lon="-4.8574030">
        <ele>1566.9</ele>
      </trkpt>
      <trkpt lat="43.2314940" lon="-4.8574420">
        <ele>1565.6</ele>
      </trkpt>
      <trkpt lat="43.2314320" lon="-4.8574030">
        <ele>1564.3</ele>
      </trkpt>
      <trkpt lat="43.2313480" lon="-4.8572800">
        <ele>1561.9</ele>
      </trkpt>
      <trkpt lat="43.2310390" lon="-4.8572330">
        <ele>1556.1</ele>
      </trkpt>
      <trkpt lat="43.2309550" lon="-4.8572020">
        <ele>1554.8</ele>
      </trkpt>
      <trkpt lat="43.2308420" lon="-4.8572000">
        <ele>1553.1</ele>
      </trkpt>
      <trkpt lat="43.2306370" lon="-4.8571970">
        <ele>1549.9</ele>
      </trkpt>
      <trkpt lat="43.2308420" lon="-4.8572000">
        <ele>1546.8</ele>
      </trkpt>
      <trkpt lat="43.2309550" lon="-4.8572020">
        <ele>1545.0</ele>
      </trkpt>
      <trkpt lat="43.2310390" lon="-4.8572330">
        <ele>1543.7</ele>
      </trkpt>
      <trkpt lat="43.2313480" lon="-4.8572800">
        <ele>1538.9</ele>
      </trkpt>
      <trkpt lat="43.2314320" lon="-4.8574030">
        <ele>1537.0</ele>
      </trkpt>
      <trkpt lat="43.2315320" lon="-4.8574660">
        <ele>1535.3</ele>
      </trkpt>
      <trkpt lat="43.2315850" lon="-4.8574670">
        <ele>1534.5</ele>
      </trkpt>
      <trkpt lat="43.2316390" lon="-4.8574430">
        <ele>1533.6</ele>
      </trkpt>
      <trkpt lat="43.2317200" lon="-4.8572790">
        <ele>1531.4</ele>
      </trkpt>
      <trkpt lat="43.2319520" lon="-4.8571060">
        <ele>1525.0</ele>
      </trkpt>
      <trkpt lat="43.2322510" lon="-4.8569690">
        <ele>1515.3</ele>
      </trkpt>
      <trkpt lat="43.2323580" lon="-4.8568930">
        <ele>1511.6</ele>
      </trkpt>
      <trkpt lat="43.2324390" lon="-4.8567760">
        <ele>1507.9</ele>
      </trkpt>
      <trkpt lat="43.2325370" lon="-4.8566960">
        <ele>1504.4</ele>
      </trkpt>
      <trkpt lat="43.2326680" lon="-4.8567050">
        <ele>1500.3</ele>
      </trkpt>
      <trkpt lat="43.2327840" lon="-4.8565830">
        <ele>1495.8</ele>
      </trkpt>
      <trkpt lat="43.2331460" lon="-4.8565850">
        <ele>1484.6</ele>
      </trkpt>
      <trkpt lat="43.2331810" lon="-4.8565470">
        <ele>1483.3</ele>
      </trkpt>
      <trkpt lat="43.2331920" lon="-4.8566180">
        <ele>1481.6</ele>
      </trkpt>
      <trkpt lat="43.2333500" lon="-4.8566030">
        <ele>1476.7</ele>
      </trkpt>
      <trkpt lat="43.2335110" lon="-4.8565360">
        <ele>1471.8</ele>
      </trkpt>
      <trkpt lat="43.2336460" lon="-4.8563870">
        <ele>1467.0</ele>
      </trkpt>
      <trkpt lat="43.2336990" lon="-4.8562250">
        <ele>1463.4</ele>
      </trkpt>
      <trkpt lat="43.2337820" lon="-4.8562860">
        <ele>1460.8</ele>
      </trkpt>
      <trkpt lat="43.2339320" lon="-4.8559330">
        <ele>1452.5</ele>
      </trkpt>
      <trkpt lat="43.2339620" lon="-4.8559120">
        <ele>1451.6</ele>
      </trkpt>
      <trkpt lat="43.2342250" lon="-4.8559180">
        <ele>1444.3</ele>
      </trkpt>
      <trkpt lat="43.2346140" lon="-4.8559990">
        <ele>1433.4</ele>
      </trkpt>
      <trkpt lat="43.2348090" lon="-4.8560000">
        <ele>1428.0</ele>
      </trkpt>
      <trkpt lat="43.2350850" lon="-4.8559510">
        <ele>1420.5</ele>
      </trkpt>
      <trkpt lat="43.2352040" lon="-4.8558250">
        <ele>1416.6</ele>
      </trkpt>
      <trkpt lat="43.2352220" lon="-4.8557710">
        <ele>1415.5</ele>
      </trkpt>
      <trkpt lat="43.2351320" lon="-4.8557160">
        <ele>1413.0</ele>
      </trkpt>
      <trkpt lat="43.2352150" lon="-4.8556340">
        <ele>1410.3</ele>
      </trkpt>
      <trkpt lat="43.2352110" lon="-4.8555760">
        <ele>1409.2</ele>
      </trkpt>
      <trkpt lat="43.2351670" lon="-4.8555510">
        <ele>1408.0</ele>
      </trkpt>
      <trkpt lat="43.2351370" lon="-4.8555700">
        <ele>1407.1</ele>
      </trkpt>
      <trkpt lat="43.2350890" lon="-4.8555140">
        <ele>1405.5</ele>
      </trkpt>
      <trkpt lat="43.2350970" lon="-4.8551640">
        <ele>1398.9</ele>
      </trkpt>
      <trkpt lat="43.2352230" lon="-4.8548990">
        <ele>1392.9</ele>
      </trkpt>
      <trkpt lat="43.2351880" lon="-4.8548500">
        <ele>1391.6</ele>
      </trkpt>
      <trkpt lat="43.2352360" lon="-4.8548080">
        <ele>1390.2</ele>
      </trkpt>
      <trkpt lat="43.2352530" lon="-4.8546930">
        <ele>1388.0</ele>
      </trkpt>
      <trkpt lat="43.2352000" lon="-4.8547190">
        <ele>1386.5</ele>
      </trkpt>
      <trkpt lat="43.2351750" lon="-4.8546830">
        <ele>1385.6</ele>
      </trkpt>
      <trkpt lat="43.2351950" lon="-4.8546170">
        <ele>1384.2</ele>
      </trkpt>
      <trkpt lat="43.2352430" lon="-4.8546000">
        <ele>1382.9</ele>
      </trkpt>
      <trkpt lat="43.2352660" lon="-4.8545520">
        <ele>1381.9</ele>
      </trkpt>
      <trkpt lat="43.2352640" lon="-4.8545060">
        <ele>1381.0</ele>
      </trkpt>
      <trkpt lat="43.2352100" lon="-4.8544770">
        <ele>1379.5</ele>
      </trkpt>
      <trkpt lat="43.2352040" lon="-4.8542580">
        <ele>1374.9</ele>
      </trkpt>
      <trkpt lat="43.2350740" lon="-4.8540830">
        <ele>1369.2</ele>
      </trkpt>
      <trkpt lat="43.2351040" lon="-4.8539330">
        <ele>1365.6</ele>
      </trkpt>
      <trkpt lat="43.2351830" lon="-4.8538500">
        <ele>1362.5</ele>
      </trkpt>
      <trkpt lat="43.2351770" lon="-4.8537280">
        <ele>1359.7</ele>
      </trkpt>
      <trkpt lat="43.2351150" lon="-4.8536860">
        <ele>1357.5</ele>
      </trkpt>
      <trkpt lat="43.2351310" lon="-4.8535270">
        <ele>1353.9</ele>
      </trkpt>
      <trkpt lat="43.2351970" lon="-4.8534570">
        <ele>1351.3</ele>
      </trkpt>
      <trkpt lat="43.2351200" lon="-4.8534040">
        <ele>1348.6</ele>
      </trkpt>
      <trkpt lat="43.2351870" lon="-4.8533080">
        <ele>1345.5</ele>
      </trkpt>
      <trkpt lat="43.2351830" lon="-4.8532300">
        <ele>1343.7</ele>
      </trkpt>
      <trkpt lat="43.2352900" lon="-4.8530100">
        <ele>1337.7</ele>
      </trkpt>
      <trkpt lat="43.2352710" lon="-4.8528120">
        <ele>1333.1</ele>
      </trkpt>
      <trkpt lat="43.2353140" lon="-4.8526770">
        <ele>1329.8</ele>
      </trkpt>
      <trkpt lat="43.2352450" lon="-4.8526310">
        <ele>1327.4</ele>
      </trkpt>
      <trkpt lat="43.2352490" lon="-4.8525920">
        <ele>1326.5</ele>
      </trkpt>
      <trkpt lat="43.2353210" lon="-4.8524990">
        <ele>1323.4</ele>
      </trkpt>
      <trkpt lat="43.2352470" lon="-4.8524880">
        <ele>1321.0</ele>
      </trkpt>
      <trkpt lat="43.2352450" lon="-4.8524670">
        <ele>1320.4</ele>
      </trkpt>
      <trkpt lat="43.2353160" lon="-4.8524130">
        <ele>1317.5</ele>
      </trkpt>
      <trkpt lat="43.2353460" lon="-4.8523360">
        <ele>1315.2</ele>
      </trkpt>
      <trkpt lat="43.2352920" lon="-4.8522960">
        <ele>1313.0</ele>
      </trkpt>
      <trkpt lat="43.2353430" lon="-4.8522110">
        <ele>1310.1</ele>
      </trkpt>
      <trkpt lat="43.2353400" lon="-4.8521580">
        <ele>1308.7</ele>
      </trkpt>
      <trkpt lat="43.2352770" lon="-4.8520970">
        <ele>1305.9</ele>
      </trkpt>
      <trkpt lat="43.2353390" lon="-4.8520440">
        <ele>1303.3</ele>
      </trkpt>
      <trkpt lat="43.2352960" lon="-4.8519910">
        <ele>1301.2</ele>
      </trkpt>
      <trkpt lat="43.2353200" lon="-4.8519580">
        <ele>1300.0</ele>
      </trkpt>
      <trkpt lat="43.2353000" lon="-4.8519270">
        <ele>1298.9</ele>
      </trkpt>
      <trkpt lat="43.2353440" lon="-4.8518830">
        <ele>1296.9</ele>
      </trkpt>
      <trkpt lat="43.2352980" lon="-4.8518840">
        <ele>1295.3</ele>
      </trkpt>
      <trkpt lat="43.2352810" lon="-4.8518550">
        <ele>1294.3</ele>
      </trkpt>
      <trkpt lat="43.2354360" lon="-4.8517050">
        <ele>1287.4</ele>
      </trkpt>
      <trkpt lat="43.2353130" lon="-4.8516580">
        <ele>1282.8</ele>
      </trkpt>
      <trkpt lat="43.2352560" lon="-4.8515780">
        <ele>1279.9</ele>
      </trkpt>
      <trkpt lat="43.2350260" lon="-4.8514510">
        <ele>1271.0</ele>
      </trkpt>
      <trkpt lat="43.2350960" lon="-4.8513840">
        <ele>1267.9</ele>
      </trkpt>
      <trkpt lat="43.2350470" lon="-4.8513680">
        <ele>1266.1</ele>
      </trkpt>
      <trkpt lat="43.2350550" lon="-4.8513370">
        <ele>1265.2</ele>
      </trkpt>
      <trkpt lat="43.2351010" lon="-4.8513310">
        <ele>1263.5</ele>
      </trkpt>
      <trkpt lat="43.2351300" lon="-4.8513190">
        <ele>1262.4</ele>
      </trkpt>
      <trkpt lat="43.2351550" lon="-4.8512040">
        <ele>1259.3</ele>
      </trkpt>
      <trkpt lat="43.2350940" lon="-4.8510000">
        <ele>1253.3</ele>
      </trkpt>
      <trkpt lat="43.2350870" lon="-4.8509050">
        <ele>1250.7</ele>
      </trkpt>
      <trkpt lat="43.2351160" lon="-4.8508100">
        <ele>1247.9</ele>
      </trkpt>
      <trkpt lat="43.2351860" lon="-4.8507410">
        <ele>1244.6</ele>
      </trkpt>
      <trkpt lat="43.2352270" lon="-4.8505950">
        <ele>1240.3</ele>
      </trkpt>
      <trkpt lat="43.2353080" lon="-4.8505080">
        <ele>1236.4</ele>
      </trkpt>
      <trkpt lat="43.2353660" lon="-4.8503730">
        <ele>1232.1</ele>
      </trkpt>
      <trkpt lat="43.2354310" lon="-4.8499550">
        <ele>1220.4</ele>
      </trkpt>
      <trkpt lat="43.2355300" lon="-4.8496800">
        <ele>1211.9</ele>
      </trkpt>
      <trkpt lat="43.2355130" lon="-4.8495820">
        <ele>1209.2</ele>
      </trkpt>
      <trkpt lat="43.2355250" lon="-4.8495160">
        <ele>1207.3</ele>
      </trkpt>
      <trkpt lat="43.2355790" lon="-4.8493760">
        <ele>1202.9</ele>
      </trkpt>
      <trkpt lat="43.2356200" lon="-4.8491420">
        <ele>1196.3</ele>
      </trkpt>
      <trkpt lat="43.2356600" lon="-4.8490310">
        <ele>1192.9</ele>
      </trkpt>
      <trkpt lat="43.2357040" lon="-4.8485090">
        <ele>1179.1</ele>
      </trkpt>
      <trkpt lat="43.2357460" lon="-4.8483500">
        <ele>1174.8</ele>
      </trkpt>
      <trkpt lat="43.2357660" lon="-4.8480290">
        <ele>1166.5</ele>
      </trkpt>
      <trkpt lat="43.2356810" lon="-4.8478250">
        <ele>1160.5</ele>
      </trkpt>
      <trkpt lat="43.2356420" lon="-4.8475960">
        <ele>1154.5</ele>
      </trkpt>
      <trkpt lat="43.2356480" lon="-4.8475030">
        <ele>1152.1</ele>
      </trkpt>
      <trkpt lat="43.2356260" lon="-4.8474330">
        <ele>1150.1</ele>
      </trkpt>
      <trkpt lat="43.2356520" lon="-4.8472030">
        <ele>1144.2</ele>
      </trkpt>
      <trkpt lat="43.2356150" lon="-4.8470470">
        <ele>1140.0</ele>
      </trkpt>
      <trkpt lat="43.2355710" lon="-4.8469640">
        <ele>1137.3</ele>
      </trkpt>
      <trkpt lat="43.2356340" lon="-4.8469030">
        <ele>1134.6</ele>
      </trkpt>
      <trkpt lat="43.2356340" lon="-4.8468470">
        <ele>1133.2</ele>
      </trkpt>
      <trkpt lat="43.2356950" lon="-4.8468420">
        <ele>1131.0</ele>
      </trkpt>
      <trkpt lat="43.2356930" lon="-4.8467960">
        <ele>1129.8</ele>
      </trkpt>
      <trkpt lat="43.2356390" lon="-4.8467690">
        <ele>1127.8</ele>
      </trkpt>
      <trkpt lat="43.2356390" lon="-4.8466050">
        <ele>1124.0</ele>
      </trkpt>
      <trkpt lat="43.2356900" lon="-4.8465810">
        <ele>1122.5</ele>
      </trkpt>
      <trkpt lat="43.2356370" lon="-4.8464990">
        <ele>1120.3</ele>
      </trkpt>
      <trkpt lat="43.2356700" lon="-4.8464180">
        <ele>1118.4</ele>
      </trkpt>
      <trkpt lat="43.2357550" lon="-4.8463600">
        <ele>1115.8</ele>
      </trkpt>
      <trkpt lat="43.2357600" lon="-4.8463210">
        <ele>1115.0</ele>
      </trkpt>
      <trkpt lat="43.2357040" lon="-4.8461810">
        <ele>1111.8</ele>
      </trkpt>
      <trkpt lat="43.2357610" lon="-4.8461410">
        <ele>1110.1</ele>
      </trkpt>
      <trkpt lat="43.2357520" lon="-4.8461050">
        <ele>1109.3</ele>
      </trkpt>
      <trkpt lat="43.2359000" lon="-4.8458880">
        <ele>1103.4</ele>
      </trkpt>
      <trkpt lat="43.2359100" lon="-4.8458080">
        <ele>1101.7</ele>
      </trkpt>
      <trkpt lat="43.2359490" lon="-4.8457340">
        <ele>1099.9</ele>
      </trkpt>
      <trkpt lat="43.2359940" lon="-4.8457350">
        <ele>1098.7</ele>
      </trkpt>
      <trkpt lat="43.2360470" lon="-4.8456550">
        <ele>1096.5</ele>
      </trkpt>
      <trkpt lat="43.2360130" lon="-4.8455600">
        <ele>1094.4</ele>
      </trkpt>
      <trkpt lat="43.2359670" lon="-4.8455420">
        <ele>1093.1</ele>
      </trkpt>
      <trkpt lat="43.2359570" lon="-4.8455000">
        <ele>1092.2</ele>
      </trkpt>
      <trkpt lat="43.2360310" lon="-4.8454060">
        <ele>1089.4</ele>
      </trkpt>
      <trkpt lat="43.2359890" lon="-4.8453550">
        <ele>1087.9</ele>
      </trkpt>
      <trkpt lat="43.2360780" lon="-4.8452730">
        <ele>1084.9</ele>
      </trkpt>
      <trkpt lat="43.2360530" lon="-4.8452350">
        <ele>1083.9</ele>
      </trkpt>
      <trkpt lat="43.2360970" lon="-4.8451790">
        <ele>1082.3</ele>
      </trkpt>
      <trkpt lat="43.2359300" lon="-4.8450670">
        <ele>1077.2</ele>
      </trkpt>
      <trkpt lat="43.2358430" lon="-4.8449700">
        <ele>1073.5</ele>
      </trkpt>
      <trkpt lat="43.2357700" lon="-4.8447700">
        <ele>1067.5</ele>
      </trkpt>
      <trkpt lat="43.2356910" lon="-4.8446970">
        <ele>1064.0</ele>
      </trkpt>
      <trkpt lat="43.2356660" lon="-4.8445990">
        <ele>1061.2</ele>
      </trkpt>
      <trkpt lat="43.2356570" lon="-4.8442840">
        <ele>1052.7</ele>
      </trkpt>
      <trkpt lat="43.2357020" lon="-4.8441070">
        <ele>1047.7</ele>
      </trkpt>
      <trkpt lat="43.2356020" lon="-4.8436360">
        <ele>1034.5</ele>
      </trkpt>
      <trkpt lat="43.2356090" lon="-4.8434770">
        <ele>1030.2</ele>
      </trkpt>
      <trkpt lat="43.2356410" lon="-4.8433960">
        <ele>1027.7</ele>
      </trkpt>
      <trkpt lat="43.2356250" lon="-4.8433100">
        <ele>1025.3</ele>
      </trkpt>
      <trkpt lat="43.2357650" lon="-4.8430800">
        <ele>1017.2</ele>
      </trkpt>
      <trkpt lat="43.2357380" lon="-4.8430210">
        <ele>1015.4</ele>
      </trkpt>
      <trkpt lat="43.2357380" lon="-4.8429280">
        <ele>1012.9</ele>
      </trkpt>
      <trkpt lat="43.2358100" lon="-4.8424380">
        <ele>1000.0</ele>
      </trkpt>
      <trkpt lat="43.2357910" lon="-4.8423310">
        <ele>997.2</ele>
      </trkpt>
      <trkpt lat="43.2358190" lon="-4.8422380">
        <ele>994.6</ele>
      </trkpt>
      <trkpt lat="43.2357920" lon="-4.8422060">
        <ele>993.4</ele>
      </trkpt>
      <trkpt lat="43.2358240" lon="-4.8421780">
        <ele>992.1</ele>
      </trkpt>
      <trkpt lat="43.2358030" lon="-4.8420920">
        <ele>989.8</ele>
      </trkpt>
      <trkpt lat="43.2358320" lon="-4.8419660">
        <ele>986.4</ele>
      </trkpt>
      <trkpt lat="43.2357790" lon="-4.8416000">
        <ele>976.9</ele>
      </trkpt>
      <trkpt lat="43.2358010" lon="-4.8415330">
        <ele>975.1</ele>
      </trkpt>
      <trkpt lat="43.2357590" lon="-4.8413340">
        <ele>969.8</ele>
      </trkpt>
      <trkpt lat="43.2356900" lon="-4.8411800">
        <ele>965.2</ele>
      </trkpt>
      <trkpt lat="43.2357120" lon="-4.8410940">
        <ele>962.9</ele>
      </trkpt>
      <trkpt lat="43.2356950" lon="-4.8410320">
        <ele>961.2</ele>
      </trkpt>
      <trkpt lat="43.2355460" lon="-4.8410860">
        <ele>955.9</ele>
      </trkpt>
      <trkpt lat="43.2354880" lon="-4.8410640">
        <ele>953.8</ele>
      </trkpt>
      <trkpt lat="43.2354270" lon="-4.8409030">
        <ele>949.2</ele>
      </trkpt>
      <trkpt lat="43.2354140" lon="-4.8407900">
        <ele>946.4</ele>
      </trkpt>
      <trkpt lat="43.2353720" lon="-4.8401920">
        <ele>934.8</ele>
      </trkpt>
      <trkpt lat="43.2354260" lon="-4.8398760">
        <ele>928.6</ele>
      </trkpt>
      <trkpt lat="43.2354180" lon="-4.8396730">
        <ele>924.7</ele>
      </trkpt>
      <trkpt lat="43.2354850" lon="-4.8391770">
        <ele>915.0</ele>
      </trkpt>
      <trkpt lat="43.2354550" lon="-4.8389070">
        <ele>909.7</ele>
      </trkpt>
      <trkpt lat="43.2355080" lon="-4.8381950">
        <ele>897.0</ele>
      </trkpt>
      <trkpt lat="43.2354930" lon="-4.8379890">
        <ele>894.3</ele>
      </trkpt>
      <trkpt lat="43.2355430" lon="-4.8377070">
        <ele>890.5</ele>
      </trkpt>
      <trkpt lat="43.2355190" lon="-4.8373840">
        <ele>886.3</ele>
      </trkpt>
      <trkpt lat="43.2354440" lon="-4.8369190">
        <ele>880.1</ele>
      </trkpt>
      <trkpt lat="43.2354450" lon="-4.8367780">
        <ele>878.2</ele>
      </trkpt>
      <trkpt lat="43.2354020" lon="-4.8366790">
        <ele>876.7</ele>
      </trkpt>
      <trkpt lat="43.2352750" lon="-4.8365510">
        <ele>873.9</ele>
      </trkpt>
      <trkpt lat="43.2352190" lon="-4.8359200">
        <ele>865.7</ele>
      </trkpt>
      <trkpt lat="43.2351470" lon="-4.8356540">
        <ele>862.3</ele>
      </trkpt>
      <trkpt lat="43.2351510" lon="-4.8356070">
        <ele>861.8</ele>
      </trkpt>
      <trkpt lat="43.2351700" lon="-4.8354410">
        <ele>859.8</ele>
      </trkpt>
      <trkpt lat="43.2353050" lon="-4.8350360">
        <ele>854.4</ele>
      </trkpt>
      <trkpt lat="43.2353260" lon="-4.8348670">
        <ele>852.4</ele>
      </trkpt>
      <trkpt lat="43.2353120" lon="-4.8347740">
        <ele>851.3</ele>
      </trkpt>
      <trkpt lat="43.2353540" lon="-4.8345800">
        <ele>848.8</ele>
      </trkpt>
      <trkpt lat="43.2353540" lon="-4.8344080">
        <ele>846.8</ele>
      </trkpt>
      <trkpt lat="43.2353970" lon="-4.8342410">
        <ele>844.7</ele>
      </trkpt>
      <trkpt lat="43.2354330" lon="-4.8339140">
        <ele>840.7</ele>
      </trkpt>
      <trkpt lat="43.2354770" lon="-4.8336960">
        <ele>838.0</ele>
      </trkpt>
      <trkpt lat="43.2355380" lon="-4.8335650">
        <ele>836.0</ele>
      </trkpt>
      <trkpt lat="43.2354910" lon="-4.8333010">
        <ele>832.5</ele>
      </trkpt>
      <trkpt lat="43.2354510" lon="-4.8332200">
        <ele>831.2</ele>
      </trkpt>
      <trkpt lat="43.2354410" lon="-4.8330760">
        <ele>829.3</ele>
      </trkpt>
      <trkpt lat="43.2355110" lon="-4.8328870">
        <ele>826.6</ele>
      </trkpt>
      <trkpt lat="43.2355340" lon="-4.8327610">
        <ele>824.9</ele>
      </trkpt>
      <trkpt lat="43.2355150" lon="-4.8327050">
        <ele>824.1</ele>
      </trkpt>
      <trkpt lat="43.2355600" lon="-4.8326790">
        <ele>823.2</ele>
      </trkpt>
      <trkpt lat="43.2355580" lon="-4.8326270">
        <ele>822.5</ele>
      </trkpt>
      <trkpt lat="43.2354970" lon="-4.8325620">
        <ele>821.1</ele>
      </trkpt>
      <trkpt lat="43.2354920" lon="-4.8325240">
        <ele>820.6</ele>
      </trkpt>
      <trkpt lat="43.2355560" lon="-4.8324320">
        <ele>819.0</ele>
      </trkpt>
      <trkpt lat="43.2355230" lon="-4.8323650">
        <ele>817.9</ele>
      </trkpt>
      <trkpt lat="43.2355410" lon="-4.8322460">
        <ele>816.3</ele>
      </trkpt>
      <trkpt lat="43.2355180" lon="-4.8321320">
        <ele>814.8</ele>
      </trkpt>
      <trkpt lat="43.2355430" lon="-4.8321130">
        <ele>814.3</ele>
      </trkpt>
      <trkpt lat="43.2355730" lon="-4.8321540">
        <ele>813.5</ele>
      </trkpt>
      <trkpt lat="43.2356280" lon="-4.8321290">
        <ele>812.5</ele>
      </trkpt>
      <trkpt lat="43.2356380" lon="-4.8320830">
        <ele>811.8</ele>
      </trkpt>
      <trkpt lat="43.2355630" lon="-4.8318980">
        <ele>809.1</ele>
      </trkpt>
      <trkpt lat="43.2356050" lon="-4.8317930">
        <ele>807.5</ele>
      </trkpt>
      <trkpt lat="43.2355870" lon="-4.8314040">
        <ele>800.6</ele>
      </trkpt>
      <trkpt lat="43.2356080" lon="-4.8313520">
        <ele>799.4</ele>
      </trkpt>
      <trkpt lat="43.2356520" lon="-4.8313660">
        <ele>798.1</ele>
      </trkpt>
      <trkpt lat="43.2356390" lon="-4.8312910">
        <ele>796.4</ele>
      </trkpt>
      <trkpt lat="43.2356770" lon="-4.8311220">
        <ele>792.7</ele>
      </trkpt>
      <trkpt lat="43.2357060" lon="-4.8311620">
        <ele>791.5</ele>
      </trkpt>
      <trkpt lat="43.2358450" lon="-4.8310020">
        <ele>786.2</ele>
      </trkpt>
      <trkpt lat="43.2358600" lon="-4.8308060">
        <ele>782.1</ele>
      </trkpt>
      <trkpt lat="43.2359020" lon="-4.8306900">
        <ele>779.3</ele>
      </trkpt>
      <trkpt lat="43.2359610" lon="-4.8307020">
        <ele>777.6</ele>
      </trkpt>
      <trkpt lat="43.2360040" lon="-4.8306780">
        <ele>776.2</ele>
      </trkpt>
      <trkpt lat="43.2360230" lon="-4.8306070">
        <ele>774.6</ele>
      </trkpt>
      <trkpt lat="43.2360150" lon="-4.8304010">
        <ele>770.3</ele>
      </trkpt>
      <trkpt lat="43.2360490" lon="-4.8303080">
        <ele>768.1</ele>
      </trkpt>
      <trkpt lat="43.2361190" lon="-4.8302340">
        <ele>765.5</ele>
      </trkpt>
      <trkpt lat="43.2362210" lon="-4.8298860">
        <ele>757.6</ele>
      </trkpt>
      <trkpt lat="43.2363110" lon="-4.8298350">
        <ele>754.8</ele>
      </trkpt>
      <trkpt lat="43.2363890" lon="-4.8297410">
        <ele>752.0</ele>
      </trkpt>
      <trkpt lat="43.2365490" lon="-4.8294320">
        <ele>745.4</ele>
      </trkpt>
      <trkpt lat="43.2366250" lon="-4.8292100">
        <ele>741.2</ele>
      </trkpt>
      <trkpt lat="43.2366900" lon="-4.8288500">
        <ele>734.8</ele>
      </trkpt>
      <trkpt lat="43.2366150" lon="-4.8284310">
        <ele>727.3</ele>
      </trkpt>
      <trkpt lat="43.2365810" lon="-4.8280920">
        <ele>721.4</ele>
      </trkpt>
      <trkpt lat="43.2366600" lon="-4.8278800">
        <ele>717.3</ele>
      </trkpt>
      <trkpt lat="43.2367910" lon="-4.8276390">
        <ele>712.1</ele>
      </trkpt>
      <trkpt lat="43.2369100" lon="-4.8275110">
        <ele>709.7</ele>
      </trkpt>
      <trkpt lat="43.2369310" lon="-4.8273280">
        <ele>708.6</ele>
      </trkpt>
      <trkpt lat="43.2368760" lon="-4.8272890">
        <ele>708.1</ele>
      </trkpt>
      <trkpt lat="43.2367410" lon="-4.8270520">
        <ele>706.3</ele>
      </trkpt>
      <trkpt lat="43.2366740" lon="-4.8268360">
        <ele>704.9</ele>
      </trkpt>
      <trkpt lat="43.2366510" lon="-4.8260410">
        <ele>700.1</ele>
      </trkpt>
      <trkpt lat="43.2366920" lon="-4.8256730">
        <ele>697.9</ele>
      </trkpt>
      <trkpt lat="43.2366720" lon="-4.8256130">
        <ele>697.5</ele>
      </trkpt>
      <trkpt lat="43.2365930" lon="-4.8255870">
        <ele>696.8</ele>
      </trkpt>
      <trkpt lat="43.2364380" lon="-4.8254470">
        <ele>695.3</ele>
      </trkpt>
      <trkpt lat="43.2358400" lon="-4.8252700">
        <ele>690.8</ele>
      </trkpt>
      <trkpt lat="43.2357020" lon="-4.8251110">
        <ele>689.4</ele>
      </trkpt>
      <trkpt lat="43.2354670" lon="-4.8245280">
        <ele>685.8</ele>
      </trkpt>
      <trkpt lat="43.2353800" lon="-4.8243740">
        <ele>684.7</ele>
      </trkpt>
      <trkpt lat="43.2351870" lon="-4.8242300">
        <ele>683.1</ele>
      </trkpt>
      <trkpt lat="43.2350950" lon="-4.8239850">
        <ele>681.3</ele>
      </trkpt>
      <trkpt lat="43.2350920" lon="-4.8238980">
        <ele>680.5</ele>
      </trkpt>
      <trkpt lat="43.2351710" lon="-4.8236600">
        <ele>678.2</ele>
      </trkpt>
      <trkpt lat="43.2352230" lon="-4.8230850">
        <ele>673.2</ele>
      </trkpt>
      <trkpt lat="43.2352420" lon="-4.8227080">
        <ele>669.9</ele>
      </trkpt>
      <trkpt lat="43.2351680" lon="-4.8223950">
        <ele>667.0</ele>
      </trkpt>
      <trkpt lat="43.2350400" lon="-4.8220360">
        <ele>663.5</ele>
      </trkpt>
      <trkpt lat="43.2350110" lon="-4.8217480">
        <ele>661.0</ele>
      </trkpt>
      <trkpt lat="43.2350720" lon="-4.8215530">
        <ele>660.7</ele>
      </trkpt>
      <trkpt lat="43.2352360" lon="-4.8214140">
        <ele>660.7</ele>
      </trkpt>
      <trkpt lat="43.2353230" lon="-4.8212610">
        <ele>660.7</ele>
      </trkpt>
      <trkpt lat="43.2353130" lon="-4.8209030">
        <ele>660.7</ele>
      </trkpt>
      <trkpt lat="43.2352560" lon="-4.8206230">
        <ele>660.7</ele>
      </trkpt>
      <trkpt lat="43.2353000" lon="-4.8203300">
        <ele>660.7</ele>
      </trkpt>
      <trkpt lat="43.2353110" lon="-4.8202460">
        <ele>660.7</ele>
      </trkpt>
      <trkpt lat="43.2353010" lon="-4.8200840">
        <ele>660.7</ele>
      </trkpt>
      <trkpt lat="43.2352750" lon="-4.8197960">
        <ele>660.7</ele>
      </trkpt>
      <trkpt lat="43.2353130" lon="-4.8197710">
        <ele>660.7</ele>
      </trkpt>
      <trkpt lat="43.2354470" lon="-4.8194440">
        <ele>643.9</ele>
      </trkpt>
      <trkpt lat="43.2355090" lon="-4.8194430">
        <ele>643.9</ele>
      </trkpt>
      <trkpt lat="43.2357200" lon="-4.8196380">
        <ele>643.9</ele>
      </trkpt>
      <trkpt lat="43.2357900" lon="-4.8197610">
        <ele>643.9</ele>
      </trkpt>
      <trkpt lat="43.2360000" lon="-4.8199840">
        <ele>643.2</ele>
      </trkpt>
      <trkpt lat="43.2361900" lon="-4.8206110">
        <ele>639.3</ele>
      </trkpt>
      <trkpt lat="43.2362600" lon="-4.8207310">
        <ele>638.4</ele>
      </trkpt>
      <trkpt lat="43.2365920" lon="-4.8209950">
        <ele>635.4</ele>
      </trkpt>
      <trkpt lat="43.2370670" lon="-4.8214940">
        <ele>630.8</ele>
      </trkpt>
      <trkpt lat="43.2374430" lon="-4.8221790">
        <ele>626.2</ele>
      </trkpt>
      <trkpt lat="43.2375860" lon="-4.8225080">
        <ele>624.3</ele>
      </trkpt>
      <trkpt lat="43.2376820" lon="-4.8228760">
        <ele>622.2</ele>
      </trkpt>
      <trkpt lat="43.2379400" lon="-4.8231460">
        <ele>619.9</ele>
      </trkpt>
      <trkpt lat="43.2379760" lon="-4.8232730">
        <ele>619.2</ele>
      </trkpt>
      <trkpt lat="43.2379820" lon="-4.8233910">
        <ele>618.6</ele>
      </trkpt>
      <trkpt lat="43.2381850" lon="-4.8239320">
        <ele>615.4</ele>
      </trkpt>
      <trkpt lat="43.2383170" lon="-4.8242110">
        <ele>613.7</ele>
      </trkpt>
      <trkpt lat="43.2384180" lon="-4.8247510">
        <ele>610.7</ele>
      </trkpt>
      <trkpt lat="43.2384560" lon="-4.8248220">
        <ele>610.3</ele>
      </trkpt>
      <trkpt lat="43.2386090" lon="-4.8249680">
        <ele>608.9</ele>
      </trkpt>
      <trkpt lat="43.2388050" lon="-4.8252620">
        <ele>606.8</ele>
      </trkpt>
      <trkpt lat="43.2389600" lon="-4.8256680">
        <ele>604.4</ele>
      </trkpt>
      <trkpt lat="43.2390020" lon="-4.8259220">
        <ele>602.7</ele>
      </trkpt>
      <trkpt lat="43.2390190" lon="-4.8263150">
        <ele>600.0</ele>
      </trkpt>
      <trkpt lat="43.2389250" lon="-4.8268010">
        <ele>596.5</ele>
      </trkpt>
      <trkpt lat="43.2388430" lon="-4.8269040">
        <ele>595.4</ele>
      </trkpt>
      <trkpt lat="43.2388400" lon="-4.8269390">
        <ele>595.2</ele>
      </trkpt>
      <trkpt lat="43.2388140" lon="-4.8271410">
        <ele>593.8</ele>
      </trkpt>
      <trkpt lat="43.2388440" lon="-4.8272740">
        <ele>592.8</ele>
      </trkpt>
      <trkpt lat="43.2388320" lon="-4.8273460">
        <ele>592.3</ele>
      </trkpt>
      <trkpt lat="43.2389160" lon="-4.8275450">
        <ele>590.7</ele>
      </trkpt>
      <trkpt lat="43.2389540" lon="-4.8275770">
        <ele>590.3</ele>
      </trkpt>
      <trkpt lat="43.2389760" lon="-4.8276520">
        <ele>589.7</ele>
      </trkpt>
      <trkpt lat="43.2390530" lon="-4.8277730">
        <ele>588.6</ele>
      </trkpt>
      <trkpt lat="43.2391320" lon="-4.8281490">
        <ele>585.5</ele>
      </trkpt>
      <trkpt lat="43.2391810" lon="-4.8283840">
        <ele>583.3</ele>
      </trkpt>
      <trkpt lat="43.2393910" lon="-4.8286450">
        <ele>579.6</ele>
      </trkpt>
      <trkpt lat="43.2395040" lon="-4.8286760">
        <ele>578.2</ele>
      </trkpt>
      <trkpt lat="43.2396250" lon="-4.8287780">
        <ele>576.4</ele>
      </trkpt>
      <trkpt lat="43.2396920" lon="-4.8287880">
        <ele>575.5</ele>
      </trkpt>
      <trkpt lat="43.2398050" lon="-4.8289550">
        <ele>573.4</ele>
      </trkpt>
      <trkpt lat="43.2399110" lon="-4.8292430">
        <ele>570.4</ele>
      </trkpt>
      <trkpt lat="43.2400970" lon="-4.8295330">
        <ele>566.8</ele>
      </trkpt>
      <trkpt lat="43.2401750" lon="-4.8295630">
        <ele>565.8</ele>
      </trkpt>
      <trkpt lat="43.2403450" lon="-4.8297350">
        <ele>563.3</ele>
      </trkpt>
      <trkpt lat="43.2404200" lon="-4.8297670">
        <ele>562.6</ele>
      </trkpt>
      <trkpt lat="43.2406540" lon="-4.8299710">
        <ele>560.1</ele>
      </trkpt>
      <trkpt lat="43.2408620" lon="-4.8300340">
        <ele>558.1</ele>
      </trkpt>
      <trkpt lat="43.2411470" lon="-4.8300210">
        <ele>555.5</ele>
      </trkpt>
      <trkpt lat="43.2413650" lon="-4.8300720">
        <ele>553.4</ele>
      </trkpt>
      <trkpt lat="43.2414790" lon="-4.8301240">
        <ele>552.3</ele>
      </trkpt>
      <trkpt lat="43.2416480" lon="-4.8303300">
        <ele>550.3</ele>
      </trkpt>
      <trkpt lat="43.2418070" lon="-4.8304770">
        <ele>548.5</ele>
      </trkpt>
      <trkpt lat="43.2422970" lon="-4.8305630">
        <ele>542.3</ele>
      </trkpt>
      <trkpt lat="43.2423460" lon="-4.8305930">
        <ele>541.6</ele>
      </trkpt>
      <trkpt lat="43.2425850" lon="-4.8305560">
        <ele>538.4</ele>
      </trkpt>
      <trkpt lat="43.2427460" lon="-4.8303770">
        <ele>535.6</ele>
      </trkpt>
      <trkpt lat="43.2429630" lon="-4.8302480">
        <ele>532.4</ele>
      </trkpt>
      <trkpt lat="43.2430410" lon="-4.8301240">
        <ele>530.8</ele>
      </trkpt>
      <trkpt lat="43.2430240" lon="-4.8304440">
        <ele>527.6</ele>
      </trkpt>
      <trkpt lat="43.2431040" lon="-4.8304440">
        <ele>526.6</ele>
      </trkpt>
      <trkpt lat="43.2431640" lon="-4.8304940">
        <ele>525.6</ele>
      </trkpt>
      <trkpt lat="43.2432170" lon="-4.8304840">
        <ele>524.9</ele>
      </trkpt>
      <trkpt lat="43.2432480" lon="-4.8304100">
        <ele>524.0</ele>
      </trkpt>
      <trkpt lat="43.2433140" lon="-4.8303750">
        <ele>523.1</ele>
      </trkpt>
      <trkpt lat="43.2437830" lon="-4.8305860">
        <ele>515.0</ele>
      </trkpt>
      <trkpt lat="43.2441420" lon="-4.8306990">
        <ele>509.0</ele>
      </trkpt>
      <trkpt lat="43.2446310" lon="-4.8306470">
        <ele>500.9</ele>
      </trkpt>
      <trkpt lat="43.2447490" lon="-4.8307220">
        <ele>498.8</ele>
      </trkpt>
      <trkpt lat="43.2448560" lon="-4.8308850">
        <ele>496.2</ele>
      </trkpt>
      <trkpt lat="43.2452270" lon="-4.8309180">
        <ele>489.8</ele>
      </trkpt>
      <trkpt lat="43.2454160" lon="-4.8309690">
        <ele>486.5</ele>
      </trkpt>
      <trkpt lat="43.2454750" lon="-4.8309560">
        <ele>485.4</ele>
      </trkpt>
      <trkpt lat="43.2454920" lon="-4.8309680">
        <ele>485.1</ele>
      </trkpt>
      <trkpt lat="43.2454380" lon="-4.8310020">
        <ele>484.0</ele>
      </trkpt>
      <trkpt lat="43.2454510" lon="-4.8310170">
        <ele>483.7</ele>
      </trkpt>
      <trkpt lat="43.2455520" lon="-4.8310490">
        <ele>481.9</ele>
      </trkpt>
      <trkpt lat="43.2455990" lon="-4.8310520">
        <ele>481.1</ele>
      </trkpt>
      <trkpt lat="43.2456580" lon="-4.8310060">
        <ele>479.9</ele>
      </trkpt>
      <trkpt lat="43.2456220" lon="-4.8309450">
        <ele>478.9</ele>
      </trkpt>
      <trkpt lat="43.2456520" lon="-4.8309070">
        <ele>478.2</ele>
      </trkpt>
      <trkpt lat="43.2456970" lon="-4.8308940">
        <ele>477.4</ele>
      </trkpt>
      <trkpt lat="43.2459020" lon="-4.8309410">
        <ele>473.7</ele>
      </trkpt>
      <trkpt lat="43.2460080" lon="-4.8308730">
        <ele>471.7</ele>
      </trkpt>
      <trkpt lat="43.2460360" lon="-4.8308930">
        <ele>471.1</ele>
      </trkpt>
      <trkpt lat="43.2461990" lon="-4.8312550">
        <ele>465.7</ele>
      </trkpt>
      <trkpt lat="43.2462840" lon="-4.8313120">
        <ele>464.0</ele>
      </trkpt>
      <trkpt lat="43.2465780" lon="-4.8313680">
        <ele>457.9</ele>
      </trkpt>
      <trkpt lat="43.2466850" lon="-4.8314940">
        <ele>454.7</ele>
      </trkpt>
      <trkpt lat="43.2468560" lon="-4.8318010">
        <ele>448.3</ele>
      </trkpt>
      <trkpt lat="43.2469980" lon="-4.8318790">
        <ele>444.8</ele>
      </trkpt>
      <trkpt lat="43.2471000" lon="-4.8318540">
        <ele>442.5</ele>
      </trkpt>
      <trkpt lat="43.2472920" lon="-4.8320370">
        <ele>437.2</ele>
      </trkpt>
      <trkpt lat="43.2473860" lon="-4.8320230">
        <ele>435.1</ele>
      </trkpt>
      <trkpt lat="43.2474520" lon="-4.8320460">
        <ele>433.5</ele>
      </trkpt>
      <trkpt lat="43.2476730" lon="-4.8322080">
        <ele>427.9</ele>
      </trkpt>
      <trkpt lat="43.2480330" lon="-4.8323580">
        <ele>420.1</ele>
      </trkpt>
      <trkpt lat="43.2480710" lon="-4.8323960">
        <ele>419.4</ele>
      </trkpt>
      <trkpt lat="43.2480630" lon="-4.8325280">
        <ele>418.0</ele>
      </trkpt>
      <trkpt lat="43.2480850" lon="-4.8325850">
        <ele>417.4</ele>
      </trkpt>
      <trkpt lat="43.2483270" lon="-4.8328780">
        <ele>412.7</ele>
      </trkpt>
      <trkpt lat="43.2484420" lon="-4.8333110">
        <ele>407.9</ele>
      </trkpt>
      <trkpt lat="43.2485230" lon="-4.8334160">
        <ele>406.2</ele>
      </trkpt>
      <trkpt lat="43.2486110" lon="-4.8335020">
        <ele>404.7</ele>
      </trkpt>
      <trkpt lat="43.2488300" lon="-4.8336100">
        <ele>401.3</ele>
      </trkpt>
      <trkpt lat="43.2489220" lon="-4.8336100">
        <ele>400.0</ele>
      </trkpt>
      <trkpt lat="43.2491170" lon="-4.8337410">
        <ele>396.9</ele>
      </trkpt>
      <trkpt lat="43.2487740" lon="-4.8338100">
        <ele>393.9</ele>
      </trkpt>
      <trkpt lat="43.2487620" lon="-4.8338360">
        <ele>393.7</ele>
      </trkpt>
      <trkpt lat="43.2490370" lon="-4.8339060">
        <ele>392.0</ele>
      </trkpt>
      <trkpt lat="43.2491980" lon="-4.8340840">
        <ele>390.6</ele>
      </trkpt>
      <trkpt lat="43.2491890" lon="-4.8341990">
        <ele>390.1</ele>
      </trkpt>
      <trkpt lat="43.2492710" lon="-4.8344050">
        <ele>389.0</ele>
      </trkpt>
      <trkpt lat="43.2492520" lon="-4.8344200">
        <ele>388.9</ele>
      </trkpt>
      <trkpt lat="43.2490150" lon="-4.8340800">
        <ele>386.7</ele>
      </trkpt>
      <trkpt lat="43.2488550" lon="-4.8340780">
        <ele>385.6</ele>
      </trkpt>
      <trkpt lat="43.2489160" lon="-4.8341130">
        <ele>385.2</ele>
      </trkpt>
      <trkpt lat="43.2489500" lon="-4.8341650">
        <ele>384.9</ele>
      </trkpt>
      <trkpt lat="43.2489350" lon="-4.8341960">
        <ele>384.7</ele>
      </trkpt>
      <trkpt lat="43.2487320" lon="-4.8341810">
        <ele>382.6</ele>
      </trkpt>
      <trkpt lat="43.2487380" lon="-4.8342230">
        <ele>382.2</ele>
      </trkpt>
      <trkpt lat="43.2490170" lon="-4.8345490">
        <ele>376.6</ele>
      </trkpt>
      <trkpt lat="43.2491900" lon="-4.8346550">
        <ele>373.7</ele>
      </trkpt>
      <trkpt lat="43.2492140" lon="-4.8347020">
        <ele>373.1</ele>
      </trkpt>
      <trkpt lat="43.2493380" lon="-4.8346950">
        <ele>371.2</ele>
      </trkpt>
      <trkpt lat="43.2494660" lon="-4.8347340">
        <ele>369.2</ele>
      </trkpt>
      <trkpt lat="43.2496240" lon="-4.8348390">
        <ele>366.5</ele>
      </trkpt>
      <trkpt lat="43.2497430" lon="-4.8349570">
        <ele>364.3</ele>
      </trkpt>
      <trkpt lat="43.2501390" lon="-4.8351190">
        <ele>358.0</ele>
      </trkpt>
      <trkpt lat="43.2503610" lon="-4.8353770">
        <ele>354.6</ele>
      </trkpt>
      <trkpt lat="43.2504120" lon="-4.8353690">
        <ele>354.1</ele>
      </trkpt>
      <trkpt lat="43.2504720" lon="-4.8352870">
        <ele>353.2</ele>
      </trkpt>
      <trkpt lat="43.2505440" lon="-4.8352520">
        <ele>352.4</ele>
      </trkpt>
      <trkpt lat="43.2506490" lon="-4.8351220">
        <ele>351.0</ele>
      </trkpt>
      <trkpt lat="43.2508020" lon="-4.8351160">
        <ele>349.5</ele>
      </trkpt>
      <trkpt lat="43.2508520" lon="-4.8350860">
        <ele>348.9</ele>
      </trkpt>
      <trkpt lat="43.2508670" lon="-4.8350920">
        <ele>348.7</ele>
      </trkpt>
      <trkpt lat="43.2508560" lon="-4.8352060">
        <ele>347.9</ele>
      </trkpt>
      <trkpt lat="43.2508880" lon="-4.8352690">
        <ele>347.3</ele>
      </trkpt>
      <trkpt lat="43.2509150" lon="-4.8351740">
        <ele>346.6</ele>
      </trkpt>
      <trkpt lat="43.2509640" lon="-4.8351540">
        <ele>346.0</ele>
      </trkpt>
      <trkpt lat="43.2511090" lon="-4.8351300">
        <ele>344.6</ele>
      </trkpt>
      <trkpt lat="43.2510520" lon="-4.8352390">
        <ele>343.6</ele>
      </trkpt>
      <trkpt lat="43.2511080" lon="-4.8352620">
        <ele>343.0</ele>
      </trkpt>
      <trkpt lat="43.2512080" lon="-4.8352080">
        <ele>341.9</ele>
      </trkpt>
      <trkpt lat="43.2512170" lon="-4.8352320">
        <ele>341.7</ele>
      </trkpt>
      <trkpt lat="43.2511800" lon="-4.8352760">
        <ele>341.2</ele>
      </trkpt>
      <trkpt lat="43.2511880" lon="-4.8352960">
        <ele>341.0</ele>
      </trkpt>
      <trkpt lat="43.2512590" lon="-4.8352970">
        <ele>340.3</ele>
      </trkpt>
      <trkpt lat="43.2512290" lon="-4.8353480">
        <ele>339.8</ele>
      </trkpt>
      <trkpt lat="43.2511010" lon="-4.8354050">
        <ele>338.4</ele>
      </trkpt>
      <trkpt lat="43.2511020" lon="-4.8354380">
        <ele>338.1</ele>
      </trkpt>
      <trkpt lat="43.2511160" lon="-4.8354620">
        <ele>337.7</ele>
      </trkpt>
      <trkpt lat="43.2513500" lon="-4.8355130">
        <ele>333.3</ele>
      </trkpt>
      <trkpt lat="43.2512880" lon="-4.8356010">
        <ele>331.7</ele>
      </trkpt>
      <trkpt lat="43.2515230" lon="-4.8355600">
        <ele>327.3</ele>
      </trkpt>
      <trkpt lat="43.2516090" lon="-4.8356050">
        <ele>325.6</ele>
      </trkpt>
      <trkpt lat="43.2518160" lon="-4.8355470">
        <ele>321.7</ele>
      </trkpt>
      <trkpt lat="43.2518660" lon="-4.8355520">
        <ele>320.8</ele>
      </trkpt>
      <trkpt lat="43.2518810" lon="-4.8355860">
        <ele>320.3</ele>
      </trkpt>
      <trkpt lat="43.2518560" lon="-4.8357120">
        <ele>318.5</ele>
      </trkpt>
      <trkpt lat="43.2518760" lon="-4.8357520">
        <ele>317.9</ele>
      </trkpt>
      <trkpt lat="43.2522570" lon="-4.8356760">
        <ele>310.8</ele>
      </trkpt>
      <trkpt lat="43.2524470" lon="-4.8357480">
        <ele>307.1</ele>
      </trkpt>
      <trkpt lat="43.2525340" lon="-4.8358220">
        <ele>305.3</ele>
      </trkpt>
      <trkpt lat="43.2527000" lon="-4.8358830">
        <ele>301.2</ele>
      </trkpt>
      <trkpt lat="43.2530520" lon="-4.8361390">
        <ele>291.9</ele>
      </trkpt>
      <trkpt lat="43.2532550" lon="-4.8361450">
        <ele>287.2</ele>
      </trkpt>
      <trkpt lat="43.2533480" lon="-4.8362080">
        <ele>284.8</ele>
      </trkpt>
      <trkpt lat="43.2534070" lon="-4.8362590">
        <ele>283.1</ele>
      </trkpt>
      <trkpt lat="43.2534090" lon="-4.8363620">
        <ele>281.4</ele>
      </trkpt>
      <trkpt lat="43.2534280" lon="-4.8363730">
        <ele>280.9</ele>
      </trkpt>
      <trkpt lat="43.2534740" lon="-4.8363290">
        <ele>279.6</ele>
      </trkpt>
      <trkpt lat="43.2534880" lon="-4.8363560">
        <ele>279.0</ele>
      </trkpt>
      <trkpt lat="43.2534700" lon="-4.8364910">
        <ele>276.7</ele>
      </trkpt>
      <trkpt lat="43.2535680" lon="-4.8364400">
        <ele>274.2</ele>
      </trkpt>
      <trkpt lat="43.2536560" lon="-4.8363530">
        <ele>271.7</ele>
      </trkpt>
      <trkpt lat="43.2536440" lon="-4.8366690">
        <ele>266.3</ele>
      </trkpt>
      <trkpt lat="43.2536250" lon="-4.8367150">
        <ele>265.4</ele>
      </trkpt>
      <trkpt lat="43.2536310" lon="-4.8369030">
        <ele>263.3</ele>
      </trkpt>
      <trkpt lat="43.2536790" lon="-4.8369440">
        <ele>263.3</ele>
      </trkpt>
      <trkpt lat="43.2537880" lon="-4.8370190">
        <ele>263.3</ele>
      </trkpt>
      <trkpt lat="43.2538420" lon="-4.8370350">
        <ele>263.4</ele>
      </trkpt>
      <trkpt lat="43.2538880" lon="-4.8369500">
        <ele>263.4</ele>
      </trkpt>
      <trkpt lat="43.2538840" lon="-4.8371070">
        <ele>263.4</ele>
      </trkpt>
      <trkpt lat="43.2539590" lon="-4.8370630">
        <ele>263.5</ele>
      </trkpt>
      <trkpt lat="43.2540480" lon="-4.8370570">
        <ele>263.5</ele>
      </trkpt>
      <trkpt lat="43.2541570" lon="-4.8369990">
        <ele>263.6</ele>
      </trkpt>
      <trkpt lat="43.2543040" lon="-4.8368540">
        <ele>263.6</ele>
      </trkpt>
      <trkpt lat="43.2544090" lon="-4.8368680">
        <ele>263.7</ele>
      </trkpt>
      <trkpt lat="43.2538420" lon="-4.8375620">
        <ele>264.0</ele>
      </trkpt>
      <trkpt lat="43.2537450" lon="-4.8377630">
        <ele>265.5</ele>
      </trkpt>
      <trkpt lat="43.2537120" lon="-4.8379720">
        <ele>266.8</ele>
      </trkpt>
      <trkpt lat="43.2538380" lon="-4.8377810">
        <ele>268.4</ele>
      </trkpt>
      <trkpt lat="43.2540660" lon="-4.8375840">
        <ele>270.7</ele>
      </trkpt>
      <trkpt lat="43.2539070" lon="-4.8380170">
        <ele>273.7</ele>
      </trkpt>
      <trkpt lat="43.2538470" lon="-4.8384400">
        <ele>276.4</ele>
      </trkpt>
      <trkpt lat="43.2537670" lon="-4.8385330">
        <ele>277.3</ele>
      </trkpt>
      <trkpt lat="43.2537010" lon="-4.8386780">
        <ele>278.3</ele>
      </trkpt>
      <trkpt lat="43.2535910" lon="-4.8387960">
        <ele>279.9</ele>
      </trkpt>
      <trkpt lat="43.2533430" lon="-4.8389670">
        <ele>285.8</ele>
      </trkpt>
      <trkpt lat="43.2533250" lon="-4.8390320">
        <ele>286.9</ele>
      </trkpt>
      <trkpt lat="43.2533280" lon="-4.8391960">
        <ele>289.5</ele>
      </trkpt>
      <trkpt lat="43.2533870" lon="-4.8394610">
        <ele>293.8</ele>
      </trkpt>
      <trkpt lat="43.2534450" lon="-4.8395760">
        <ele>296.0</ele>
      </trkpt>
      <trkpt lat="43.2534800" lon="-4.8397710">
        <ele>299.1</ele>
      </trkpt>
      <trkpt lat="43.2534420" lon="-4.8399280">
        <ele>301.7</ele>
      </trkpt>
      <trkpt lat="43.2533310" lon="-4.8401960">
        <ele>306.5</ele>
      </trkpt>
      <trkpt lat="43.2532420" lon="-4.8402880">
        <ele>308.8</ele>
      </trkpt>
      <trkpt lat="43.2532200" lon="-4.8403740">
        <ele>310.2</ele>
      </trkpt>
      <trkpt lat="43.2532140" lon="-4.8405840">
        <ele>313.5</ele>
      </trkpt>
      <trkpt lat="43.2533380" lon="-4.8407160">
        <ele>316.9</ele>
      </trkpt>
      <trkpt lat="43.2533790" lon="-4.8409150">
        <ele>320.1</ele>
      </trkpt>
      <trkpt lat="43.2534410" lon="-4.8410400">
        <ele>322.4</ele>
      </trkpt>
      <trkpt lat="43.2533710" lon="-4.8412810">
        <ele>326.4</ele>
      </trkpt>
      <trkpt lat="43.2534420" lon="-4.8417320">
        <ele>333.5</ele>
      </trkpt>
      <trkpt lat="43.2534140" lon="-4.8420040">
        <ele>337.7</ele>
      </trkpt>
      <trkpt lat="43.2532860" lon="-4.8423340">
        <ele>343.4</ele>
      </trkpt>
      <trkpt lat="43.2532780" lon="-4.8425190">
        <ele>346.3</ele>
      </trkpt>
      <trkpt lat="43.2533300" lon="-4.8426470">
        <ele>348.5</ele>
      </trkpt>
      <trkpt lat="43.2533860" lon="-4.8429780">
        <ele>353.8</ele>
      </trkpt>
      <trkpt lat="43.2533650" lon="-4.8431960">
        <ele>356.0</ele>
      </trkpt>
      <trkpt lat="43.2533790" lon="-4.8433150">
        <ele>356.5</ele>
      </trkpt>
      <trkpt lat="43.2533360" lon="-4.8435300">
        <ele>357.3</ele>
      </trkpt>
      <trkpt lat="43.2532310" lon="-4.8438480">
        <ele>358.6</ele>
      </trkpt>
      <trkpt lat="43.2529730" lon="-4.8442150">
        <ele>360.5</ele>
      </trkpt>
      <trkpt lat="43.2530010" lon="-4.8443570">
        <ele>361.1</ele>
      </trkpt>
      <trkpt lat="43.2530330" lon="-4.8442780">
        <ele>361.4</ele>
      </trkpt>
      <trkpt lat="43.2530560" lon="-4.8442860">
        <ele>361.5</ele>
      </trkpt>
      <trkpt lat="43.2530540" lon="-4.8445170">
        <ele>362.4</ele>
      </trkpt>
      <trkpt lat="43.2530270" lon="-4.8446740">
        <ele>363.0</ele>
      </trkpt>
      <trkpt lat="43.2530060" lon="-4.8447020">
        <ele>363.2</ele>
      </trkpt>
      <trkpt lat="43.2529990" lon="-4.8448290">
        <ele>363.6</ele>
      </trkpt>
      <trkpt lat="43.2531310" lon="-4.8449140">
        <ele>364.4</ele>
      </trkpt>
      <trkpt lat="43.2531580" lon="-4.8450660">
        <ele>365.2</ele>
      </trkpt>
      <trkpt lat="43.2531530" lon="-4.8451420">
        <ele>366.2</ele>
      </trkpt>
      <trkpt lat="43.2530330" lon="-4.8453220">
        <ele>369.6</ele>
      </trkpt>
      <trkpt lat="43.2530200" lon="-4.8453770">
        <ele>370.4</ele>
      </trkpt>
      <trkpt lat="43.2531570" lon="-4.8455400">
        <ele>373.9</ele>
      </trkpt>
      <trkpt lat="43.2533460" lon="-4.8458910">
        <ele>380.0</ele>
      </trkpt>
      <trkpt lat="43.2533970" lon="-4.8462960">
        <ele>385.7</ele>
      </trkpt>
      <trkpt lat="43.2534370" lon="-4.8464240">
        <ele>387.7</ele>
      </trkpt>
      <trkpt lat="43.2534690" lon="-4.8466520">
        <ele>390.9</ele>
      </trkpt>
      <trkpt lat="43.2534730" lon="-4.8469930">
        <ele>395.7</ele>
      </trkpt>
      <trkpt lat="43.2535400" lon="-4.8474390">
        <ele>401.2</ele>
      </trkpt>
      <trkpt lat="43.2535210" lon="-4.8475740">
        <ele>402.5</ele>
      </trkpt>
      <trkpt lat="43.2534560" lon="-4.8477000">
        <ele>403.9</ele>
      </trkpt>
      <trkpt lat="43.2534900" lon="-4.8480630">
        <ele>407.3</ele>
      </trkpt>
      <trkpt lat="43.2534470" lon="-4.8482750">
        <ele>409.4</ele>
      </trkpt>
      <trkpt lat="43.2534560" lon="-4.8484310">
        <ele>410.9</ele>
      </trkpt>
      <trkpt lat="43.2534290" lon="-4.8486120">
        <ele>412.6</ele>
      </trkpt>
      <trkpt lat="43.2535040" lon="-4.8488810">
        <ele>415.3</ele>
      </trkpt>
      <trkpt lat="43.2533880" lon="-4.8492080">
        <ele>418.7</ele>
      </trkpt>
      <trkpt lat="43.2533990" lon="-4.8494600">
        <ele>421.1</ele>
      </trkpt>
      <trkpt lat="43.2533330" lon="-4.8497010">
        <ele>422.8</ele>
      </trkpt>
      <trkpt lat="43.2532440" lon="-4.8498680">
        <ele>423.3</ele>
      </trkpt>
      <trkpt lat="43.2530230" lon="-4.8500870">
        <ele>424.1</ele>
      </trkpt>
      <trkpt lat="43.2528820" lon="-4.8501160">
        <ele>424.5</ele>
      </trkpt>
      <trkpt lat="43.2528740" lon="-4.8501840">
        <ele>424.7</ele>
      </trkpt>
      <trkpt lat="43.2529750" lon="-4.8502540">
        <ele>425.0</ele>
      </trkpt>
      <trkpt lat="43.2529040" lon="-4.8503130">
        <ele>425.3</ele>
      </trkpt>
      <trkpt lat="43.2529670" lon="-4.8503490">
        <ele>425.5</ele>
      </trkpt>
      <trkpt lat="43.2529050" lon="-4.8503970">
        <ele>425.7</ele>
      </trkpt>
      <trkpt lat="43.2528790" lon="-4.8508070">
        <ele>426.7</ele>
      </trkpt>
      <trkpt lat="43.2528490" lon="-4.8509640">
        <ele>427.0</ele>
      </trkpt>
      <trkpt lat="43.2523730" lon="-4.8520070">
        <ele>428.8</ele>
      </trkpt>
      <trkpt lat="43.2522570" lon="-4.8521320">
        <ele>429.0</ele>
      </trkpt>
      <trkpt lat="43.2521130" lon="-4.8521550">
        <ele>429.2</ele>
      </trkpt>
      <trkpt lat="43.2520410" lon="-4.8521970">
        <ele>429.3</ele>
      </trkpt>
      <trkpt lat="43.2518630" lon="-4.8524260">
        <ele>429.6</ele>
      </trkpt>
      <trkpt lat="43.2517750" lon="-4.8526100">
        <ele>429.8</ele>
      </trkpt>
      <trkpt lat="43.2517950" lon="-4.8527370">
        <ele>429.9</ele>
      </trkpt>
      <trkpt lat="43.2519330" lon="-4.8529910">
        <ele>430.2</ele>
      </trkpt>
      <trkpt lat="43.2520470" lon="-4.8535340">
        <ele>432.4</ele>
      </trkpt>
      <trkpt lat="43.2522640" lon="-4.8541770">
        <ele>436.4</ele>
      </trkpt>
      <trkpt lat="43.2522570" lon="-4.8544380">
        <ele>437.9</ele>
      </trkpt>
      <trkpt lat="43.2522150" lon="-4.8548020">
        <ele>439.9</ele>
      </trkpt>
      <trkpt lat="43.2521270" lon="-4.8550970">
        <ele>441.7</ele>
      </trkpt>
      <trkpt lat="43.2520550" lon="-4.8555230">
        <ele>444.2</ele>
      </trkpt>
      <trkpt lat="43.2520370" lon="-4.8558040">
        <ele>441.5</ele>
      </trkpt>
      <trkpt lat="43.2520860" lon="-4.8560940">
        <ele>438.1</ele>
      </trkpt>
      <trkpt lat="43.2520960" lon="-4.8563240">
        <ele>435.5</ele>
      </trkpt>
      <trkpt lat="43.2520270" lon="-4.8568920">
        <ele>429.1</ele>
      </trkpt>
      <trkpt lat="43.2521200" lon="-4.8571340">
        <ele>426.0</ele>
      </trkpt>
      <trkpt lat="43.2522270" lon="-4.8572660">
        <ele>423.8</ele>
      </trkpt>
      <trkpt lat="43.2524440" lon="-4.8576910">
        <ele>418.0</ele>
      </trkpt>
      <trkpt lat="43.2524930" lon="-4.8580670">
        <ele>414.3</ele>
      </trkpt>
      <trkpt lat="43.2524660" lon="-4.8582830">
        <ele>412.4</ele>
      </trkpt>
      <trkpt lat="43.2523630" lon="-4.8583860">
        <ele>410.9</ele>
      </trkpt>
      <trkpt lat="43.2523310" lon="-4.8584710">
        <ele>410.1</ele>
      </trkpt>
      <trkpt lat="43.2523950" lon="-4.8590390">
        <ele>405.1</ele>
      </trkpt>
      <trkpt lat="43.2524630" lon="-4.8592460">
        <ele>403.1</ele>
      </trkpt>
      <trkpt lat="43.2525420" lon="-4.8594010">
        <ele>401.4</ele>
      </trkpt>
      <trkpt lat="43.2526440" lon="-4.8595010">
        <ele>399.9</ele>
      </trkpt>
      <trkpt lat="43.2526890" lon="-4.8595890">
        <ele>399.0</ele>
      </trkpt>
      <trkpt lat="43.2530930" lon="-4.8601000">
        <ele>393.4</ele>
      </trkpt>
      <trkpt lat="43.2531410" lon="-4.8602530">
        <ele>392.4</ele>
      </trkpt>
      <trkpt lat="43.2531350" lon="-4.8605500">
        <ele>390.8</ele>
      </trkpt>
      <trkpt lat="43.2530600" lon="-4.8608170">
        <ele>389.2</ele>
      </trkpt>
      <trkpt lat="43.2530080" lon="-4.8612440">
        <ele>386.7</ele>
      </trkpt>
      <trkpt lat="43.2529110" lon="-4.8615360">
        <ele>384.9</ele>
      </trkpt>
      <trkpt lat="43.2528560" lon="-4.8618020">
        <ele>383.4</ele>
      </trkpt>
      <trkpt lat="43.2529090" lon="-4.8619760">
        <ele>382.3</ele>
      </trkpt>
      <trkpt lat="43.2529760" lon="-4.8623660">
        <ele>383.8</ele>
      </trkpt>
      <trkpt lat="43.2529540" lon="-4.8624810">
        <ele>385.3</ele>
      </trkpt>
      <trkpt lat="43.2530620" lon="-4.8625170">
        <ele>387.2</ele>
      </trkpt>
      <trkpt lat="43.2532270" lon="-4.8625060">
        <ele>390.1</ele>
      </trkpt>
      <trkpt lat="43.2533540" lon="-4.8625640">
        <ele>392.4</ele>
      </trkpt>
      <trkpt lat="43.2532140" lon="-4.8626360">
        <ele>394.9</ele>
      </trkpt>
      <trkpt lat="43.2532030" lon="-4.8626690">
        <ele>395.4</ele>
      </trkpt>
      <trkpt lat="43.2533210" lon="-4.8626810">
        <ele>397.4</ele>
      </trkpt>
      <trkpt lat="43.2535110" lon="-4.8627750">
        <ele>400.9</ele>
      </trkpt>
      <trkpt lat="43.2537600" lon="-4.8632240">
        <ele>407.9</ele>
      </trkpt>
      <trkpt lat="43.2538120" lon="-4.8633710">
        <ele>410.0</ele>
      </trkpt>
      <trkpt lat="43.2538770" lon="-4.8639430">
        <ele>422.6</ele>
      </trkpt>
      <trkpt lat="43.2537010" lon="-4.8644000">
        <ele>435.9</ele>
      </trkpt>
      <trkpt lat="43.2536870" lon="-4.8645350">
        <ele>439.4</ele>
      </trkpt>
      <trkpt lat="43.2536960" lon="-4.8646050">
        <ele>441.2</ele>
      </trkpt>
      <trkpt lat="43.2537820" lon="-4.8647320">
        <ele>445.7</ele>
      </trkpt>
      <trkpt lat="43.2538360" lon="-4.8648690">
        <ele>449.7</ele>
      </trkpt>
      <trkpt lat="43.2539460" lon="-4.8649380">
        <ele>454.0</ele>
      </trkpt>
      <trkpt lat="43.2540710" lon="-4.8650100">
        <ele>458.8</ele>
      </trkpt>
      <trkpt lat="43.2542170" lon="-4.8650230">
        <ele>463.9</ele>
      </trkpt>
      <trkpt lat="43.2542910" lon="-4.8650660">
        <ele>466.8</ele>
      </trkpt>
      <trkpt lat="43.2544170" lon="-4.8652930">
        <ele>474.1</ele>
      </trkpt>
      <trkpt lat="43.2544240" lon="-4.8654040">
        <ele>475.8</ele>
      </trkpt>
      <trkpt lat="43.2543930" lon="-4.8656200">
        <ele>476.7</ele>
      </trkpt>
      <trkpt lat="43.2543370" lon="-4.8656860">
        <ele>477.1</ele>
      </trkpt>
      <trkpt lat="43.2542580" lon="-4.8656690">
        <ele>477.6</ele>
      </trkpt>
      <trkpt lat="43.2542040" lon="-4.8656060">
        <ele>477.9</ele>
      </trkpt>
      <trkpt lat="43.2541670" lon="-4.8656190">
        <ele>478.2</ele>
      </trkpt>
      <trkpt lat="43.2540730" lon="-4.8657440">
        <ele>478.9</ele>
      </trkpt>
      <trkpt lat="43.2539510" lon="-4.8659380">
        <ele>479.9</ele>
      </trkpt>
      <trkpt lat="43.2539250" lon="-4.8663440">
        <ele>481.6</ele>
      </trkpt>
      <trkpt lat="43.2539530" lon="-4.8666290">
        <ele>482.7</ele>
      </trkpt>
      <trkpt lat="43.2538820" lon="-4.8668920">
        <ele>483.9</ele>
      </trkpt>
      <trkpt lat="43.2537790" lon="-4.8669660">
        <ele>484.5</ele>
      </trkpt>
      <trkpt lat="43.2535720" lon="-4.8668380">
        <ele>485.1</ele>
      </trkpt>
      <trkpt lat="43.2534230" lon="-4.8668390">
        <ele>483.1</ele>
      </trkpt>
      <trkpt lat="43.2533690" lon="-4.8668770">
        <ele>482.3</ele>
      </trkpt>
      <trkpt lat="43.2533320" lon="-4.8669890">
        <ele>481.2</ele>
      </trkpt>
      <trkpt lat="43.2533210" lon="-4.8671250">
        <ele>479.8</ele>
      </trkpt>
      <trkpt lat="43.2532460" lon="-4.8673410">
        <ele>477.5</ele>
      </trkpt>
      <trkpt lat="43.2529240" lon="-4.8678710">
        <ele>470.9</ele>
      </trkpt>
      <trkpt lat="43.2528700" lon="-4.8680000">
        <ele>469.5</ele>
      </trkpt>
      <trkpt lat="43.2529190" lon="-4.8681960">
        <ele>467.5</ele>
      </trkpt>
      <trkpt lat="43.2528780" lon="-4.8684730">
        <ele>464.7</ele>
      </trkpt>
      <trkpt lat="43.2529390" lon="-4.8686710">
        <ele>462.7</ele>
      </trkpt>
      <trkpt lat="43.2529120" lon="-4.8688300">
        <ele>461.4</ele>
      </trkpt>
      <trkpt lat="43.2528530" lon="-4.8689280">
        <ele>460.7</ele>
      </trkpt>
      <trkpt lat="43.2527050" lon="-4.8690370">
        <ele>459.4</ele>
      </trkpt>
      <trkpt lat="43.2524530" lon="-4.8691500">
        <ele>457.4</ele>
      </trkpt>
      <trkpt lat="43.2524240" lon="-4.8693680">
        <ele>456.2</ele>
      </trkpt>
      <trkpt lat="43.2525250" lon="-4.8700700">
        <ele>452.3</ele>
      </trkpt>
      <trkpt lat="43.2525200" lon="-4.8702120">
        <ele>451.5</ele>
      </trkpt>
      <trkpt lat="43.2524990" lon="-4.8702570">
        <ele>451.2</ele>
      </trkpt>
      <trkpt lat="43.2524520" lon="-4.8702990">
        <ele>450.8</ele>
      </trkpt>
      <trkpt lat="43.2523720" lon="-4.8703040">
        <ele>450.2</ele>
      </trkpt>
      <trkpt lat="43.2523130" lon="-4.8701020">
        <ele>449.0</ele>
      </trkpt>
      <trkpt lat="43.2521490" lon="-4.8700190">
        <ele>446.8</ele>
      </trkpt>
      <trkpt lat="43.2517970" lon="-4.8702370">
        <ele>439.4</ele>
      </trkpt>
      <trkpt lat="43.2516460" lon="-4.8702790">
        <ele>436.5</ele>
      </trkpt>
      <trkpt lat="43.2515450" lon="-4.8704110">
        <ele>433.8</ele>
      </trkpt>
      <trkpt lat="43.2514320" lon="-4.8707380">
        <ele>428.8</ele>
      </trkpt>
      <trkpt lat="43.2513090" lon="-4.8709680">
        <ele>424.8</ele>
      </trkpt>
      <trkpt lat="43.2512780" lon="-4.8712130">
        <ele>421.3</ele>
      </trkpt>
      <trkpt lat="43.2511770" lon="-4.8713620">
        <ele>418.5</ele>
      </trkpt>
      <trkpt lat="43.2510670" lon="-4.8718790">
        <ele>414.5</ele>
      </trkpt>
      <trkpt lat="43.2510730" lon="-4.8719780">
        <ele>414.8</ele>
      </trkpt>
      <trkpt lat="43.2510980" lon="-4.8720460">
        <ele>415.0</ele>
      </trkpt>
      <trkpt lat="43.2511740" lon="-4.8721270">
        <ele>415.5</ele>
      </trkpt>
      <trkpt lat="43.2513030" lon="-4.8724390">
        <ele>416.6</ele>
      </trkpt>
      <trkpt lat="43.2514080" lon="-4.8729160">
        <ele>418.2</ele>
      </trkpt>
      <trkpt lat="43.2514910" lon="-4.8729620">
        <ele>418.6</ele>
      </trkpt>
      <trkpt lat="43.2516120" lon="-4.8729260">
        <ele>419.1</ele>
      </trkpt>
      <trkpt lat="43.2516470" lon="-4.8730300">
        <ele>419.5</ele>
      </trkpt>
      <trkpt lat="43.2516300" lon="-4.8731720">
        <ele>420.0</ele>
      </trkpt>
      <trkpt lat="43.2515630" lon="-4.8732760">
        <ele>420.4</ele>
      </trkpt>
      <trkpt lat="43.2514630" lon="-4.8732960">
        <ele>420.8</ele>
      </trkpt>
      <trkpt lat="43.2513000" lon="-4.8731840">
        <ele>421.6</ele>
      </trkpt>
      <trkpt lat="43.2511660" lon="-4.8732360">
        <ele>420.3</ele>
      </trkpt>
      <trkpt lat="43.2509720" lon="-4.8730740">
        <ele>417.8</ele>
      </trkpt>
      <trkpt lat="43.2509280" lon="-4.8730650">
        <ele>417.3</ele>
      </trkpt>
      <trkpt lat="43.2508800" lon="-4.8731000">
        <ele>416.6</ele>
      </trkpt>
      <trkpt lat="43.2508780" lon="-4.8733240">
        <ele>414.8</ele>
      </trkpt>
      <trkpt lat="43.2509800" lon="-4.8737690">
        <ele>411.0</ele>
      </trkpt>
      <trkpt lat="43.2509890" lon="-4.8739760">
        <ele>409.3</ele>
      </trkpt>
      <trkpt lat="43.2510790" lon="-4.8741400">
        <ele>407.6</ele>
      </trkpt>
      <trkpt lat="43.2510640" lon="-4.8743110">
        <ele>406.2</ele>
      </trkpt>
      <trkpt lat="43.2510290" lon="-4.8743830">
        <ele>405.4</ele>
      </trkpt>
      <trkpt lat="43.2508880" lon="-4.8743860">
        <ele>403.9</ele>
      </trkpt>
      <trkpt lat="43.2508170" lon="-4.8744310">
        <ele>403.0</ele>
      </trkpt>
      <trkpt lat="43.2507280" lon="-4.8744410">
        <ele>402.0</ele>
      </trkpt>
      <trkpt lat="43.2504250" lon="-4.8741410">
        <ele>397.1</ele>
      </trkpt>
      <trkpt lat="43.2502320" lon="-4.8741980">
        <ele>394.5</ele>
      </trkpt>
      <trkpt lat="43.2501220" lon="-4.8741390">
        <ele>393.0</ele>
      </trkpt>
      <trkpt lat="43.2500520" lon="-4.8741380">
        <ele>392.1</ele>
      </trkpt>
      <trkpt lat="43.2499460" lon="-4.8742160">
        <ele>390.5</ele>
      </trkpt>
      <trkpt lat="43.2498860" lon="-4.8745480">
        <ele>387.2</ele>
      </trkpt>
      <trkpt lat="43.2498120" lon="-4.8747080">
        <ele>385.4</ele>
      </trkpt>
      <trkpt lat="43.2497710" lon="-4.8748630">
        <ele>383.8</ele>
      </trkpt>
      <trkpt lat="43.2497890" lon="-4.8751830">
        <ele>380.7</ele>
      </trkpt>
      <trkpt lat="43.2499320" lon="-4.8754380">
        <ele>377.8</ele>
      </trkpt>
      <trkpt lat="43.2498450" lon="-4.8756820">
        <ele>379.0</ele>
      </trkpt>
      <trkpt lat="43.2499010" lon="-4.8761210">
        <ele>381.1</ele>
      </trkpt>
      <trkpt lat="43.2498870" lon="-4.8764980">
        <ele>382.9</ele>
      </trkpt>
      <trkpt lat="43.2499280" lon="-4.8769190">
        <ele>384.9</ele>
      </trkpt>
      <trkpt lat="43.2498290" lon="-4.8771330">
        <ele>386.1</ele>
      </trkpt>
      <trkpt lat="43.2498530" lon="-4.8774220">
        <ele>387.5</ele>
      </trkpt>
      <trkpt lat="43.2498390" lon="-4.8777860">
        <ele>389.2</ele>
      </trkpt>
      <trkpt lat="43.2496030" lon="-4.8783890">
        <ele>390.8</ele>
      </trkpt>
      <trkpt lat="43.2494090" lon="-4.8791710">
        <ele>392.6</ele>
      </trkpt>
      <trkpt lat="43.2493440" lon="-4.8794370">
        <ele>393.2</ele>
      </trkpt>
      <trkpt lat="43.2494460" lon="-4.8798990">
        <ele>394.2</ele>
      </trkpt>
      <trkpt lat="43.2495000" lon="-4.8800380">
        <ele>394.6</ele>
      </trkpt>
      <trkpt lat="43.2496320" lon="-4.8801610">
        <ele>396.4</ele>
      </trkpt>
      <trkpt lat="43.2497130" lon="-4.8803600">
        <ele>399.0</ele>
      </trkpt>
      <trkpt lat="43.2498300" lon="-4.8804740">
        <ele>401.3</ele>
      </trkpt>
      <trkpt lat="43.2498890" lon="-4.8807120">
        <ele>404.2</ele>
      </trkpt>
      <trkpt lat="43.2500090" lon="-4.8810150">
        <ele>408.1</ele>
      </trkpt>
      <trkpt lat="43.2500280" lon="-4.8811280">
        <ele>409.4</ele>
      </trkpt>
      <trkpt lat="43.2500060" lon="-4.8811990">
        <ele>410.3</ele>
      </trkpt>
      <trkpt lat="43.2499560" lon="-4.8812560">
        <ele>411.3</ele>
      </trkpt>
      <trkpt lat="43.2497750" lon="-4.8813600">
        <ele>414.4</ele>
      </trkpt>
      <trkpt lat="43.2497030" lon="-4.8813680">
        <ele>415.5</ele>
      </trkpt>
      <trkpt lat="43.2496260" lon="-4.8812930">
        <ele>417.0</ele>
      </trkpt>
      <trkpt lat="43.2495680" lon="-4.8813220">
        <ele>418.0</ele>
      </trkpt>
      <trkpt lat="43.2495120" lon="-4.8817230">
        <ele>422.7</ele>
      </trkpt>
      <trkpt lat="43.2495310" lon="-4.8818350">
        <ele>422.3</ele>
      </trkpt>
      <trkpt lat="43.2495920" lon="-4.8819610">
        <ele>421.2</ele>
      </trkpt>
      <trkpt lat="43.2495550" lon="-4.8822670">
        <ele>419.0</ele>
      </trkpt>
      <trkpt lat="43.2494890" lon="-4.8824760">
        <ele>417.4</ele>
      </trkpt>
      <trkpt lat="43.2493750" lon="-4.8826890">
        <ele>415.5</ele>
      </trkpt>
      <trkpt lat="43.2492530" lon="-4.8830140">
        <ele>413.0</ele>
      </trkpt>
      <trkpt lat="43.2490870" lon="-4.8833470">
        <ele>410.1</ele>
      </trkpt>
      <trkpt lat="43.2490040" lon="-4.8834000">
        <ele>409.2</ele>
      </trkpt>
      <trkpt lat="43.2489500" lon="-4.8833820">
        <ele>408.7</ele>
      </trkpt>
      <trkpt lat="43.2487990" lon="-4.8832140">
        <ele>406.8</ele>
      </trkpt>
      <trkpt lat="43.2487140" lon="-4.8831780">
        <ele>405.9</ele>
      </trkpt>
      <trkpt lat="43.2485540" lon="-4.8830240">
        <ele>407.4</ele>
      </trkpt>
      <trkpt lat="43.2484850" lon="-4.8830460">
        <ele>408.4</ele>
      </trkpt>
      <trkpt lat="43.2483280" lon="-4.8832720">
        <ele>411.4</ele>
      </trkpt>
      <trkpt lat="43.2481400" lon="-4.8834390">
        <ele>414.4</ele>
      </trkpt>
      <trkpt lat="43.2480360" lon="-4.8834850">
        <ele>415.8</ele>
      </trkpt>
      <trkpt lat="43.2480040" lon="-4.8835490">
        <ele>416.6</ele>
      </trkpt>
      <trkpt lat="43.2479190" lon="-4.8839200">
        <ele>420.4</ele>
      </trkpt>
      <trkpt lat="43.2476290" lon="-4.8846000">
        <ele>428.0</ele>
      </trkpt>
      <trkpt lat="43.2474170" lon="-4.8853360">
        <ele>433.4</ele>
      </trkpt>
      <trkpt lat="43.2473020" lon="-4.8855190">
        <ele>434.9</ele>
      </trkpt>
      <trkpt lat="43.2471860" lon="-4.8857660">
        <ele>436.7</ele>
      </trkpt>
      <trkpt lat="43.2471570" lon="-4.8858970">
        <ele>437.5</ele>
      </trkpt>
      <trkpt lat="43.2471540" lon="-4.8861100">
        <ele>438.8</ele>
      </trkpt>
      <trkpt lat="43.2471340" lon="-4.8861500">
        <ele>439.1</ele>
      </trkpt>
      <trkpt lat="43.2468290" lon="-4.8863200">
        <ele>441.9</ele>
      </trkpt>
      <trkpt lat="43.2467020" lon="-4.8865900">
        <ele>443.9</ele>
      </trkpt>
      <trkpt lat="43.2461340" lon="-4.8867620">
        <ele>442.9</ele>
      </trkpt>
      <trkpt lat="43.2460470" lon="-4.8868370">
        <ele>442.5</ele>
      </trkpt>
      <trkpt lat="43.2459570" lon="-4.8870320">
        <ele>442.0</ele>
      </trkpt>
      <trkpt lat="43.2458750" lon="-4.8870340">
        <ele>441.7</ele>
      </trkpt>
      <trkpt lat="43.2457240" lon="-4.8869140">
        <ele>441.1</ele>
      </trkpt>
      <trkpt lat="43.2455820" lon="-4.8869340">
        <ele>440.6</ele>
      </trkpt>
      <trkpt lat="43.2454140" lon="-4.8871050">
        <ele>439.9</ele>
      </trkpt>
      <trkpt lat="43.2452940" lon="-4.8873520">
        <ele>439.1</ele>
      </trkpt>
      <trkpt lat="43.2450180" lon="-4.8876120">
        <ele>439.7</ele>
      </trkpt>
      <trkpt lat="43.2447410" lon="-4.8878250">
        <ele>443.0</ele>
      </trkpt>
      <trkpt lat="43.2446380" lon="-4.8878590">
        <ele>444.1</ele>
      </trkpt>
      <trkpt lat="43.2445750" lon="-4.8878370">
        <ele>444.7</ele>
      </trkpt>
      <trkpt lat="43.2444120" lon="-4.8876610">
        <ele>446.8</ele>
      </trkpt>
      <trkpt lat="43.2440790" lon="-4.8881440">
        <ele>451.8</ele>
      </trkpt>
      <trkpt lat="43.2440000" lon="-4.8884570">
        <ele>454.3</ele>
      </trkpt>
      <trkpt lat="43.2440640" lon="-4.8893380">
        <ele>452.9</ele>
      </trkpt>
      <trkpt lat="43.2439300" lon="-4.8894740">
        <ele>451.3</ele>
      </trkpt>
      <trkpt lat="43.2434950" lon="-4.8897200">
        <ele>446.8</ele>
      </trkpt>
      <trkpt lat="43.2435410" lon="-4.8896120">
        <ele>445.9</ele>
      </trkpt>
      <trkpt lat="43.2435510" lon="-4.8894690">
        <ele>444.9</ele>
      </trkpt>
      <trkpt lat="43.2436630" lon="-4.8892920">
        <ele>443.2</ele>
      </trkpt>
      <trkpt lat="43.2437390" lon="-4.8892420">
        <ele>442.4</ele>
      </trkpt>
      <trkpt lat="43.2438220" lon="-4.8891300">
        <ele>441.3</ele>
      </trkpt>
      <trkpt lat="43.2438350" lon="-4.8890380">
        <ele>440.6</ele>
      </trkpt>
      <trkpt lat="43.2438390" lon="-4.8889770">
        <ele>440.2</ele>
      </trkpt>
      <trkpt lat="43.2438160" lon="-4.8889740">
        <ele>439.9</ele>
      </trkpt>
      <trkpt lat="43.2438260" lon="-4.8889080">
        <ele>439.5</ele>
      </trkpt>
      <trkpt lat="43.2437920" lon="-4.8889240">
        <ele>438.8</ele>
      </trkpt>
      <trkpt lat="43.2438110" lon="-4.8888140">
        <ele>436.8</ele>
      </trkpt>
      <trkpt lat="43.2437220" lon="-4.8888790">
        <ele>434.5</ele>
      </trkpt>
      <trkpt lat="43.2436240" lon="-4.8888680">
        <ele>432.2</ele>
      </trkpt>
      <trkpt lat="43.2435690" lon="-4.8887240">
        <ele>429.4</ele>
      </trkpt>
      <trkpt lat="43.2437140" lon="-4.8884070">
        <ele>422.9</ele>
      </trkpt>
      <trkpt lat="43.2436400" lon="-4.8883850">
        <ele>421.2</ele>
      </trkpt>
      <trkpt lat="43.2436560" lon="-4.8883340">
        <ele>420.2</ele>
      </trkpt>
      <trkpt lat="43.2436160" lon="-4.8883360">
        <ele>419.3</ele>
      </trkpt>
      <trkpt lat="43.2436530" lon="-4.8882520">
        <ele>417.6</ele>
      </trkpt>
      <trkpt lat="43.2438390" lon="-4.8881490">
        <ele>412.9</ele>
      </trkpt>
      <trkpt lat="43.2439090" lon="-4.8879440">
        <ele>409.0</ele>
      </trkpt>
      <trkpt lat="43.2438050" lon="-4.8879230">
        <ele>406.5</ele>
      </trkpt>
      <trkpt lat="43.2436130" lon="-4.8879630">
        <ele>401.9</ele>
      </trkpt>
      <trkpt lat="43.2435970" lon="-4.8879470">
        <ele>401.5</ele>
      </trkpt>
      <trkpt lat="43.2435400" lon="-4.8878880">
        <ele>399.8</ele>
      </trkpt>
      <trkpt lat="43.2434660" lon="-4.8878630">
        <ele>398.0</ele>
      </trkpt>
      <trkpt lat="43.2434250" lon="-4.8879300">
        <ele>397.0</ele>
      </trkpt>
      <trkpt lat="43.2434250" lon="-4.8879520">
        <ele>397.0</ele>
      </trkpt>
      <trkpt lat="43.2434260" lon="-4.8880080">
        <ele>397.1</ele>
      </trkpt>
      <trkpt lat="43.2432370" lon="-4.8880900">
        <ele>397.2</ele>
      </trkpt>
      <trkpt lat="43.2430210" lon="-4.8880790">
        <ele>397.4</ele>
      </trkpt>
      <trkpt lat="43.2429440" lon="-4.8881060">
        <ele>397.5</ele>
      </trkpt>
      <trkpt lat="43.2428360" lon="-4.8880950">
        <ele>397.5</ele>
      </trkpt>
      <trkpt lat="43.2429440" lon="-4.8881060">
        <ele>397.6</ele>
      </trkpt>
      <trkpt lat="43.2430210" lon="-4.8880790">
        <ele>397.7</ele>
      </trkpt>
      <trkpt lat="43.2432370" lon="-4.8880900">
        <ele>397.9</ele>
      </trkpt>
      <trkpt lat="43.2434260" lon="-4.8880080">
        <ele>398.0</ele>
      </trkpt>
      <trkpt lat="43.2434250" lon="-4.8879520">
        <ele>398.1</ele>
      </trkpt>
      <trkpt lat="43.2434250" lon="-4.8879300">
        <ele>398.1</ele>
      </trkpt>
      <trkpt lat="43.2434660" lon="-4.8878630">
        <ele>398.1</ele>
      </trkpt>
      <trkpt lat="43.2435400" lon="-4.8878880">
        <ele>398.2</ele>
      </trkpt>
      <trkpt lat="43.2435970" lon="-4.8879470">
        <ele>398.3</ele>
      </trkpt>
      <trkpt lat="43.2435400" lon="-4.8878880">
        <ele>398.3</ele>
      </trkpt>
      <trkpt lat="43.2434660" lon="-4.8878630">
        <ele>398.4</ele>
      </trkpt>
      <trkpt lat="43.2434250" lon="-4.8879300">
        <ele>398.4</ele>
      </trkpt>
      <trkpt lat="43.2434250" lon="-4.8879520">
        <ele>398.5</ele>
      </trkpt>
      <trkpt lat="43.2434250" lon="-4.8879300">
        <ele>398.5</ele>
      </trkpt>
      <trkpt lat="43.2434660" lon="-4.8878630">
        <ele>399.6</ele>
      </trkpt>
      <trkpt lat="43.2435400" lon="-4.8878880">
        <ele>401.0</ele>
      </trkpt>
      <trkpt lat="43.2435970" lon="-4.8879470">
        <ele>402.3</ele>
      </trkpt>
      <trkpt lat="43.2436130" lon="-4.8879630">
        <ele>402.7</ele>
      </trkpt>
      <trkpt lat="43.2438050" lon="-4.8879230">
        <ele>406.3</ele>
      </trkpt>
      <trkpt lat="43.2439090" lon="-4.8879440">
        <ele>408.2</ele>
      </trkpt>
      <trkpt lat="43.2438390" lon="-4.8881490">
        <ele>411.3</ele>
      </trkpt>
      <trkpt lat="43.2436530" lon="-4.8882520">
        <ele>415.0</ele>
      </trkpt>
      <trkpt lat="43.2436160" lon="-4.8883360">
        <ele>416.3</ele>
      </trkpt>
      <trkpt lat="43.2436560" lon="-4.8883340">
        <ele>417.1</ele>
      </trkpt>
      <trkpt lat="43.2436400" lon="-4.8883850">
        <ele>417.8</ele>
      </trkpt>
      <trkpt lat="43.2437140" lon="-4.8884070">
        <ele>419.2</ele>
      </trkpt>
      <trkpt lat="43.2435690" lon="-4.8887240">
        <ele>424.3</ele>
      </trkpt>
      <trkpt lat="43.2436240" lon="-4.8888680">
        <ele>426.5</ele>
      </trkpt>
      <trkpt lat="43.2437220" lon="-4.8888790">
        <ele>428.3</ele>
      </trkpt>
      <trkpt lat="43.2438110" lon="-4.8888140">
        <ele>430.2</ele>
      </trkpt>
      <trkpt lat="43.2437920" lon="-4.8889240">
        <ele>431.7</ele>
      </trkpt>
      <trkpt lat="43.2438260" lon="-4.8889080">
        <ele>431.7</ele>
      </trkpt>
      <trkpt lat="43.2438160" lon="-4.8889740">
        <ele>431.6</ele>
      </trkpt>
      <trkpt lat="43.2438390" lon="-4.8889770">
        <ele>431.6</ele>
      </trkpt>
      <trkpt lat="43.2438350" lon="-4.8890380">
        <ele>431.5</ele>
      </trkpt>
      <trkpt lat="43.2438220" lon="-4.8891300">
        <ele>431.3</ele>
      </trkpt>
      <trkpt lat="43.2437390" lon="-4.8892420">
        <ele>431.0</ele>
      </trkpt>
      <trkpt lat="43.2436630" lon="-4.8892920">
        <ele>430.8</ele>
      </trkpt>
      <trkpt lat="43.2435510" lon="-4.8894690">
        <ele>430.4</ele>
      </trkpt>
      <trkpt lat="43.2435410" lon="-4.8896120">
        <ele>430.1</ele>
      </trkpt>
      <trkpt lat="43.2434950" lon="-4.8897200">
        <ele>429.9</ele>
      </trkpt>
      <trkpt lat="43.2433180" lon="-4.8897540">
        <ele>429.4</ele>
      </trkpt>
      <trkpt lat="43.2431370" lon="-4.8897250">
        <ele>429.0</ele>
      </trkpt>
      <trkpt lat="43.2430010" lon="-4.8896330">
        <ele>428.6</ele>
      </trkpt>
      <trkpt lat="43.2429380" lon="-4.8895600">
        <ele>428.4</ele>
      </trkpt>
      <trkpt lat="43.2429120" lon="-4.8894790">
        <ele>428.2</ele>
      </trkpt>
      <trkpt lat="43.2427780" lon="-4.8893930">
        <ele>427.9</ele>
      </trkpt>
      <trkpt lat="43.2426390" lon="-4.8894650">
        <ele>427.5</ele>
      </trkpt>
      <trkpt lat="43.2424800" lon="-4.8897980">
        <ele>429.9</ele>
      </trkpt>
      <trkpt lat="43.2423880" lon="-4.8900980">
        <ele>432.6</ele>
      </trkpt>
      <trkpt lat="43.2423160" lon="-4.8901570">
        <ele>433.5</ele>
      </trkpt>
      <trkpt lat="43.2420890" lon="-4.8900070">
        <ele>436.4</ele>
      </trkpt>
      <trkpt lat="43.2417400" lon="-4.8899040">
        <ele>440.4</ele>
      </trkpt>
      <trkpt lat="43.2413870" lon="-4.8899720">
        <ele>444.4</ele>
      </trkpt>
      <trkpt lat="43.2409160" lon="-4.8901370">
        <ele>453.0</ele>
      </trkpt>
      <trkpt lat="43.2407000" lon="-4.8902710">
        <ele>459.2</ele>
      </trkpt>
      <trkpt lat="43.2405470" lon="-4.8904270">
        <ele>464.3</ele>
      </trkpt>
      <trkpt lat="43.2404950" lon="-4.8904800">
        <ele>466.0</ele>
      </trkpt>
      <trkpt lat="43.2404670" lon="-4.8904880">
        <ele>466.8</ele>
      </trkpt>
      <trkpt lat="43.2404950" lon="-4.8904800">
        <ele>467.5</ele>
      </trkpt>
      <trkpt lat="43.2405470" lon="-4.8904270">
        <ele>469.2</ele>
      </trkpt>
      <trkpt lat="43.2404950" lon="-4.8904800">
        <ele>470.9</ele>
      </trkpt>
      <trkpt lat="43.2404670" lon="-4.8904880">
        <ele>471.7</ele>
      </trkpt>
      <trkpt lat="43.2402210" lon="-4.8905560">
        <ele>478.3</ele>
      </trkpt>
      <trkpt lat="43.2397840" lon="-4.8909330">
        <ele>492.0</ele>
      </trkpt>
      <trkpt lat="43.2396370" lon="-4.8910050">
        <ele>494.8</ele>
      </trkpt>
      <trkpt lat="43.2394790" lon="-4.8910170">
        <ele>493.3</ele>
      </trkpt>
      <trkpt lat="43.2393200" lon="-4.8909710">
        <ele>491.8</ele>
      </trkpt>
      <trkpt lat="43.2390510" lon="-4.8909980">
        <ele>489.2</ele>
      </trkpt>
      <trkpt lat="43.2387370" lon="-4.8908560">
        <ele>486.1</ele>
      </trkpt>
      <trkpt lat="43.2386250" lon="-4.8908300">
        <ele>485.0</ele>
      </trkpt>
      <trkpt lat="43.2385470" lon="-4.8908470">
        <ele>484.3</ele>
      </trkpt>
      <trkpt lat="43.2384030" lon="-4.8908560">
        <ele>482.9</ele>
      </trkpt>
      <trkpt lat="43.2382200" lon="-4.8909400">
        <ele>481.1</ele>
      </trkpt>
      <trkpt lat="43.2380960" lon="-4.8909300">
        <ele>479.9</ele>
      </trkpt>
      <trkpt lat="43.2380080" lon="-4.8909030">
        <ele>479.1</ele>
      </trkpt>
      <trkpt lat="43.2371850" lon="-4.8906890">
        <ele>466.4</ele>
      </trkpt>
      <trkpt lat="43.2370840" lon="-4.8907460">
        <ele>464.7</ele>
      </trkpt>
      <trkpt lat="43.2369640" lon="-4.8907300">
        <ele>462.8</ele>
      </trkpt>
      <trkpt lat="43.2368580" lon="-4.8908320">
        <ele>460.8</ele>
      </trkpt>
      <trkpt lat="43.2366150" lon="-4.8908970">
        <ele>456.9</ele>
      </trkpt>
      <trkpt lat="43.2364590" lon="-4.8909050">
        <ele>454.4</ele>
      </trkpt>
      <trkpt lat="43.2364170" lon="-4.8909460">
        <ele>453.6</ele>
      </trkpt>
      <trkpt lat="43.2363870" lon="-4.8910260">
        <ele>452.5</ele>
      </trkpt>
      <trkpt lat="43.2363090" lon="-4.8913500">
        <ele>449.0</ele>
      </trkpt>
      <trkpt lat="43.2362860" lon="-4.8915480">
        <ele>447.6</ele>
      </trkpt>
      <trkpt lat="43.2362920" lon="-4.8919300">
        <ele>444.8</ele>
      </trkpt>
      <trkpt lat="43.2362710" lon="-4.8920740">
        <ele>443.8</ele>
      </trkpt>
      <trkpt lat="43.2362520" lon="-4.8921350">
        <ele>443.3</ele>
      </trkpt>
      <trkpt lat="43.2360600" lon="-4.8923530">
        <ele>440.8</ele>
      </trkpt>
      <trkpt lat="43.2360030" lon="-4.8923470">
        <ele>440.3</ele>
      </trkpt>
      <trkpt lat="43.2360240" lon="-4.8918720">
        <ele>436.9</ele>
      </trkpt>
      <trkpt lat="43.2359820" lon="-4.8916320">
        <ele>435.1</ele>
      </trkpt>
      <trkpt lat="43.2358490" lon="-4.8913180">
        <ele>432.5</ele>
      </trkpt>
      <trkpt lat="43.2357150" lon="-4.8911320">
        <ele>431.7</ele>
      </trkpt>
      <trkpt lat="43.2354580" lon="-4.8910620">
        <ele>431.4</ele>
      </trkpt>
      <trkpt lat="43.2352500" lon="-4.8909670">
        <ele>431.0</ele>
      </trkpt>
      <trkpt lat="43.2351070" lon="-4.8909440">
        <ele>430.8</ele>
      </trkpt>
      <trkpt lat="43.2349600" lon="-4.8908330">
        <ele>430.6</ele>
      </trkpt>
      <trkpt lat="43.2347240" lon="-4.8908470">
        <ele>430.2</ele>
      </trkpt>
      <trkpt lat="43.2345470" lon="-4.8907990">
        <ele>430.0</ele>
      </trkpt>
      <trkpt lat="43.2343420" lon="-4.8906970">
        <ele>429.6</ele>
      </trkpt>
      <trkpt lat="43.2342940" lon="-4.8907070">
        <ele>429.6</ele>
      </trkpt>
      <trkpt lat="43.2341700" lon="-4.8908180">
        <ele>429.4</ele>
      </trkpt>
      <trkpt lat="43.2339720" lon="-4.8909100">
        <ele>430.8</ele>
      </trkpt>
      <trkpt lat="43.2339280" lon="-4.8912290">
        <ele>432.8</ele>
      </trkpt>
      <trkpt lat="43.2338480" lon="-4.8913380">
        <ele>433.7</ele>
      </trkpt>
      <trkpt lat="43.2338500" lon="-4.8915750">
        <ele>435.2</ele>
      </trkpt>
      <trkpt lat="43.2338240" lon="-4.8916380">
        <ele>435.7</ele>
      </trkpt>
      <trkpt lat="43.2337420" lon="-4.8916780">
        <ele>436.4</ele>
      </trkpt>
      <trkpt lat="43.2336670" lon="-4.8915820">
        <ele>437.3</ele>
      </trkpt>
      <trkpt lat="43.2335430" lon="-4.8910870">
        <ele>440.5</ele>
      </trkpt>
      <trkpt lat="43.2334230" lon="-4.8907350">
        <ele>442.9</ele>
      </trkpt>
      <trkpt lat="43.2332400" lon="-4.8907090">
        <ele>444.5</ele>
      </trkpt>
      <trkpt lat="43.2328080" lon="-4.8902440">
        <ele>449.0</ele>
      </trkpt>
      <trkpt lat="43.2326770" lon="-4.8902010">
        <ele>450.1</ele>
      </trkpt>
      <trkpt lat="43.2326390" lon="-4.8902140">
        <ele>450.4</ele>
      </trkpt>
      <trkpt lat="43.2325370" lon="-4.8903440">
        <ele>451.5</ele>
      </trkpt>
      <trkpt lat="43.2325230" lon="-4.8904130">
        <ele>452.0</ele>
      </trkpt>
      <trkpt lat="43.2325380" lon="-4.8905430">
        <ele>452.7</ele>
      </trkpt>
      <trkpt lat="43.2325210" lon="-4.8905780">
        <ele>453.0</ele>
      </trkpt>
      <trkpt lat="43.2322610" lon="-4.8907970">
        <ele>455.5</ele>
      </trkpt>
      <trkpt lat="43.2321680" lon="-4.8909630">
        <ele>456.7</ele>
      </trkpt>
      <trkpt lat="43.2321270" lon="-4.8909860">
        <ele>457.1</ele>
      </trkpt>
      <trkpt lat="43.2318750" lon="-4.8909250">
        <ele>459.2</ele>
      </trkpt>
      <trkpt lat="43.2318370" lon="-4.8909410">
        <ele>459.6</ele>
      </trkpt>
      <trkpt lat="43.2317240" lon="-4.8913060">
        <ele>463.0</ele>
      </trkpt>
      <trkpt lat="43.2317410" lon="-4.8915730">
        <ele>465.3</ele>
      </trkpt>
      <trkpt lat="43.2316800" lon="-4.8916990">
        <ele>466.6</ele>
      </trkpt>
      <trkpt lat="43.2316820" lon="-4.8918000">
        <ele>467.4</ele>
      </trkpt>
      <trkpt lat="43.2317330" lon="-4.8919160">
        <ele>468.6</ele>
      </trkpt>
      <trkpt lat="43.2317630" lon="-4.8920970">
        <ele>470.2</ele>
      </trkpt>
      <trkpt lat="43.2317550" lon="-4.8922160">
        <ele>471.2</ele>
      </trkpt>
      <trkpt lat="43.2317330" lon="-4.8922780">
        <ele>471.8</ele>
      </trkpt>
      <trkpt lat="43.2315170" lon="-4.8923100">
        <ele>474.3</ele>
      </trkpt>
      <trkpt lat="43.2314470" lon="-4.8924940">
        <ele>476.1</ele>
      </trkpt>
      <trkpt lat="43.2314400" lon="-4.8925750">
        <ele>476.8</ele>
      </trkpt>
      <trkpt lat="43.2312110" lon="-4.8926860">
        <ele>479.6</ele>
      </trkpt>
      <trkpt lat="43.2311020" lon="-4.8928280">
        <ele>480.4</ele>
      </trkpt>
      <trkpt lat="43.2310030" lon="-4.8930530">
        <ele>480.4</ele>
      </trkpt>
      <trkpt lat="43.2309810" lon="-4.8931660">
        <ele>480.4</ele>
      </trkpt>
      <trkpt lat="43.2311210" lon="-4.8935940">
        <ele>480.5</ele>
      </trkpt>
      <trkpt lat="43.2310850" lon="-4.8937220">
        <ele>480.5</ele>
      </trkpt>
      <trkpt lat="43.2310460" lon="-4.8938230">
        <ele>480.5</ele>
      </trkpt>
      <trkpt lat="43.2309570" lon="-4.8939360">
        <ele>480.5</ele>
      </trkpt>
      <trkpt lat="43.2305810" lon="-4.8942430">
        <ele>480.6</ele>
      </trkpt>
      <trkpt lat="43.2304110" lon="-4.8941980">
        <ele>480.6</ele>
      </trkpt>
      <trkpt lat="43.2299630" lon="-4.8942080">
        <ele>477.5</ele>
      </trkpt>
      <trkpt lat="43.2296640" lon="-4.8942640">
        <ele>474.1</ele>
      </trkpt>
      <trkpt lat="43.2292550" lon="-4.8943390">
        <ele>469.3</ele>
      </trkpt>
      <trkpt lat="43.2290720" lon="-4.8943220">
        <ele>467.2</ele>
      </trkpt>
      <trkpt lat="43.2289510" lon="-4.8942760">
        <ele>465.7</ele>
      </trkpt>
      <trkpt lat="43.2287890" lon="-4.8944160">
        <ele>463.5</ele>
      </trkpt>
      <trkpt lat="43.2287380" lon="-4.8946040">
        <ele>461.8</ele>
      </trkpt>
      <trkpt lat="43.2286780" lon="-4.8946890">
        <ele>460.8</ele>
      </trkpt>
      <trkpt lat="43.2285600" lon="-4.8947710">
        <ele>459.7</ele>
      </trkpt>
      <trkpt lat="43.2283970" lon="-4.8949960">
        <ele>458.9</ele>
      </trkpt>
      <trkpt lat="43.2283100" lon="-4.8950430">
        <ele>458.6</ele>
      </trkpt>
      <trkpt lat="43.2280440" lon="-4.8950390">
        <ele>457.6</ele>
      </trkpt>
      <trkpt lat="43.2278210" lon="-4.8949130">
        <ele>456.8</ele>
      </trkpt>
      <trkpt lat="43.2276610" lon="-4.8947440">
        <ele>456.1</ele>
      </trkpt>
      <trkpt lat="43.2276370" lon="-4.8947190">
        <ele>456.0</ele>
      </trkpt>
      <trkpt lat="43.2276230" lon="-4.8947040">
        <ele>455.9</ele>
      </trkpt>
      <trkpt lat="43.2275900" lon="-4.8946980">
        <ele>455.8</ele>
      </trkpt>
      <trkpt lat="43.2275620" lon="-4.8947330">
        <ele>455.7</ele>
      </trkpt>
      <trkpt lat="43.2275250" lon="-4.8948770">
        <ele>455.3</ele>
      </trkpt>
      <trkpt lat="43.2274760" lon="-4.8949520">
        <ele>455.0</ele>
      </trkpt>
      <trkpt lat="43.2273860" lon="-4.8948150">
        <ele>454.5</ele>
      </trkpt>
      <trkpt lat="43.2273540" lon="-4.8948300">
        <ele>454.4</ele>
      </trkpt>
      <trkpt lat="43.2272240" lon="-4.8946860">
        <ele>453.8</ele>
      </trkpt>
      <trkpt lat="43.2273540" lon="-4.8948300">
        <ele>454.2</ele>
      </trkpt>
      <trkpt lat="43.2273860" lon="-4.8948150">
        <ele>454.4</ele>
      </trkpt>
      <trkpt lat="43.2274760" lon="-4.8949520">
        <ele>455.3</ele>
      </trkpt>
      <trkpt lat="43.2275250" lon="-4.8948770">
        <ele>455.8</ele>
      </trkpt>
      <trkpt lat="43.2275620" lon="-4.8947330">
        <ele>456.6</ele>
      </trkpt>
      <trkpt lat="43.2275900" lon="-4.8946980">
        <ele>456.8</ele>
      </trkpt>
      <trkpt lat="43.2276230" lon="-4.8947040">
        <ele>457.0</ele>
      </trkpt>
      <trkpt lat="43.2276370" lon="-4.8947190">
        <ele>457.1</ele>
      </trkpt>
      <trkpt lat="43.2276610" lon="-4.8947440">
        <ele>457.3</ele>
      </trkpt>
      <trkpt lat="43.2278210" lon="-4.8949130">
        <ele>458.7</ele>
      </trkpt>
      <trkpt lat="43.2278390" lon="-4.8952200">
        <ele>460.2</ele>
      </trkpt>
      <trkpt lat="43.2278310" lon="-4.8953170">
        <ele>460.7</ele>
      </trkpt>
      <trkpt lat="43.2277800" lon="-4.8953760">
        <ele>461.1</ele>
      </trkpt>
      <trkpt lat="43.2277320" lon="-4.8955800">
        <ele>462.2</ele>
      </trkpt>
      <trkpt lat="43.2277560" lon="-4.8957240">
        <ele>462.9</ele>
      </trkpt>
      <trkpt lat="43.2276710" lon="-4.8957730">
        <ele>463.5</ele>
      </trkpt>
      <trkpt lat="43.2276350" lon="-4.8957510">
        <ele>463.8</ele>
      </trkpt>
      <trkpt lat="43.2275820" lon="-4.8958180">
        <ele>464.3</ele>
      </trkpt>
      <trkpt lat="43.2276350" lon="-4.8957510">
        <ele>464.7</ele>
      </trkpt>
      <trkpt lat="43.2276710" lon="-4.8957730">
        <ele>465.0</ele>
      </trkpt>
      <trkpt lat="43.2277560" lon="-4.8957240">
        <ele>465.6</ele>
      </trkpt>
      <trkpt lat="43.2277320" lon="-4.8955800">
        <ele>465.1</ele>
      </trkpt>
      <trkpt lat="43.2277800" lon="-4.8953760">
        <ele>464.3</ele>
      </trkpt>
      <trkpt lat="43.2278310" lon="-4.8953170">
        <ele>463.9</ele>
      </trkpt>
      <trkpt lat="43.2278390" lon="-4.8952200">
        <ele>463.6</ele>
      </trkpt>
      <trkpt lat="43.2278210" lon="-4.8949130">
        <ele>462.4</ele>
      </trkpt>
      <trkpt lat="43.2276610" lon="-4.8947440">
        <ele>461.4</ele>
      </trkpt>
      <trkpt lat="43.2276370" lon="-4.8947190">
        <ele>461.2</ele>
      </trkpt>
      <trkpt lat="43.2276230" lon="-4.8947040">
        <ele>461.1</ele>
      </trkpt>
      <trkpt lat="43.2275900" lon="-4.8946980">
        <ele>461.0</ele>
      </trkpt>
      <trkpt lat="43.2275620" lon="-4.8947330">
        <ele>460.8</ele>
      </trkpt>
      <trkpt lat="43.2275250" lon="-4.8948770">
        <ele>460.2</ele>
      </trkpt>
      <trkpt lat="43.2274760" lon="-4.8949520">
        <ele>459.8</ele>
      </trkpt>
      <trkpt lat="43.2273860" lon="-4.8948150">
        <ele>459.1</ele>
      </trkpt>
      <trkpt lat="43.2273540" lon="-4.8948300">
        <ele>459.0</ele>
      </trkpt>
      <trkpt lat="43.2272240" lon="-4.8946860">
        <ele>458.1</ele>
      </trkpt>
      <trkpt lat="43.2273540" lon="-4.8948300">
        <ele>457.3</ele>
      </trkpt>
      <trkpt lat="43.2273860" lon="-4.8948150">
        <ele>457.1</ele>
      </trkpt>
      <trkpt lat="43.2274760" lon="-4.8949520">
        <ele>456.6</ele>
      </trkpt>
      <trkpt lat="43.2275250" lon="-4.8948770">
        <ele>458.8</ele>
      </trkpt>
      <trkpt lat="43.2275620" lon="-4.8947330">
        <ele>462.2</ele>
      </trkpt>
      <trkpt lat="43.2275900" lon="-4.8946980">
        <ele>463.3</ele>
      </trkpt>
      <trkpt lat="43.2276230" lon="-4.8947040">
        <ele>464.4</ele>
      </trkpt>
      <trkpt lat="43.2276370" lon="-4.8947190">
        <ele>464.9</ele>
      </trkpt>
      <trkpt lat="43.2276610" lon="-4.8947440">
        <ele>465.8</ele>
      </trkpt>
      <trkpt lat="43.2276370" lon="-4.8947190">
        <ele>466.7</ele>
      </trkpt>
      <trkpt lat="43.2276610" lon="-4.8947440">
        <ele>467.6</ele>
      </trkpt>
      <trkpt lat="43.2278210" lon="-4.8949130">
        <ele>473.8</ele>
      </trkpt>
      <trkpt lat="43.2278390" lon="-4.8952200">
        <ele>480.6</ele>
      </trkpt>
      <trkpt lat="43.2278310" lon="-4.8953170">
        <ele>482.7</ele>
      </trkpt>
      <trkpt lat="43.2277800" lon="-4.8953760">
        <ele>484.8</ele>
      </trkpt>
      <trkpt lat="43.2277320" lon="-4.8955800">
        <ele>489.5</ele>
      </trkpt>
      <trkpt lat="43.2277560" lon="-4.8957240">
        <ele>492.8</ele>
      </trkpt>
      <trkpt lat="43.2276710" lon="-4.8957730">
        <ele>495.6</ele>
      </trkpt>
      <trkpt lat="43.2276350" lon="-4.8957510">
        <ele>496.8</ele>
      </trkpt>
      <trkpt lat="43.2275820" lon="-4.8958180">
        <ele>499.0</ele>
      </trkpt>
      <trkpt lat="43.2275530" lon="-4.8958530">
        <ele>500.1</ele>
      </trkpt>
      <trkpt lat="43.2275380" lon="-4.8959500">
        <ele>502.3</ele>
      </trkpt>
      <trkpt lat="43.2275610" lon="-4.8962550">
        <ele>509.1</ele>
      </trkpt>
      <trkpt lat="43.2275220" lon="-4.8963630">
        <ele>512.3</ele>
      </trkpt>
      <trkpt lat="43.2273340" lon="-4.8963990">
        <ele>522.5</ele>
      </trkpt>
      <trkpt lat="43.2272450" lon="-4.8964760">
        <ele>528.2</ele>
      </trkpt>
      <trkpt lat="43.2272330" lon="-4.8966420">
        <ele>534.7</ele>
      </trkpt>
      <trkpt lat="43.2272100" lon="-4.8966880">
        <ele>536.9</ele>
      </trkpt>
      <trkpt lat="43.2270960" lon="-4.8966790">
        <ele>543.0</ele>
      </trkpt>
      <trkpt lat="43.2270450" lon="-4.8967170">
        <ele>546.1</ele>
      </trkpt>
      <trkpt lat="43.2270570" lon="-4.8967810">
        <ele>548.7</ele>
      </trkpt>
      <trkpt lat="43.2270330" lon="-4.8968510">
        <ele>551.7</ele>
      </trkpt>
      <trkpt lat="43.2270450" lon="-4.8969370">
        <ele>555.2</ele>
      </trkpt>
      <trkpt lat="43.2270840" lon="-4.8969900">
        <ele>558.1</ele>
      </trkpt>
      <trkpt lat="43.2271660" lon="-4.8970550">
        <ele>563.2</ele>
      </trkpt>
      <trkpt lat="43.2272050" lon="-4.8971250">
        <ele>566.7</ele>
      </trkpt>
      <trkpt lat="43.2272640" lon="-4.8971460">
        <ele>569.9</ele>
      </trkpt>
      <trkpt lat="43.2272250" lon="-4.8972000">
        <ele>572.9</ele>
      </trkpt>
      <trkpt lat="43.2272210" lon="-4.8972750">
        <ele>575.8</ele>
      </trkpt>
      <trkpt lat="43.2271590" lon="-4.8974730">
        <ele>584.3</ele>
      </trkpt>
      <trkpt lat="43.2271820" lon="-4.8976340">
        <ele>590.7</ele>
      </trkpt>
      <trkpt lat="43.2273340" lon="-4.8976560">
        <ele>598.9</ele>
      </trkpt>
      <trkpt lat="43.2273850" lon="-4.8976930">
        <ele>602.0</ele>
      </trkpt>
      <trkpt lat="43.2273930" lon="-4.8977900">
        <ele>605.8</ele>
      </trkpt>
      <trkpt lat="43.2273700" lon="-4.8978170">
        <ele>607.4</ele>
      </trkpt>
      <trkpt lat="43.2274240" lon="-4.8979080">
        <ele>612.1</ele>
      </trkpt>
      <trkpt lat="43.2274520" lon="-4.8981870">
        <ele>623.1</ele>
      </trkpt>
      <trkpt lat="43.2275650" lon="-4.8982350">
        <ele>629.5</ele>
      </trkpt>
      <trkpt lat="43.2276510" lon="-4.8983150">
        <ele>635.1</ele>
      </trkpt>
      <trkpt lat="43.2278460" lon="-4.8984010">
        <ele>646.2</ele>
      </trkpt>
      <trkpt lat="43.2279170" lon="-4.8985890">
        <ele>654.5</ele>
      </trkpt>
      <trkpt lat="43.2278460" lon="-4.8987980">
        <ele>663.6</ele>
      </trkpt>
      <trkpt lat="43.2278540" lon="-4.8989110">
        <ele>668.0</ele>
      </trkpt>
      <trkpt lat="43.2277450" lon="-4.8991200">
        <ele>678.1</ele>
      </trkpt>
      <trkpt lat="43.2277100" lon="-4.8991150">
        <ele>680.0</ele>
      </trkpt>
      <trkpt lat="43.2276820" lon="-4.8991520">
        <ele>682.1</ele>
      </trkpt>
      <trkpt lat="43.2277410" lon="-4.8992110">
        <ele>686.1</ele>
      </trkpt>
      <trkpt lat="43.2277490" lon="-4.8992970">
        <ele>689.5</ele>
      </trkpt>
      <trkpt lat="43.2277840" lon="-4.8993670">
        <ele>692.8</ele>
      </trkpt>
      <trkpt lat="43.2277390" lon="-4.8995350">
        <ele>699.8</ele>
      </trkpt>
      <trkpt lat="43.2276940" lon="-4.8996990">
        <ele>706.6</ele>
      </trkpt>
      <trkpt lat="43.2276550" lon="-4.8997480">
        <ele>709.2</ele>
      </trkpt>
      <trkpt lat="43.2276630" lon="-4.8998600">
        <ele>713.3</ele>
      </trkpt>
      <trkpt lat="43.2276550" lon="-4.8997480">
        <ele>717.3</ele>
      </trkpt>
      <trkpt lat="43.2276940" lon="-4.8996990">
        <ele>719.9</ele>
      </trkpt>
      <trkpt lat="43.2277390" lon="-4.8995350">
        <ele>726.3</ele>
      </trkpt>
      <trkpt lat="43.2276940" lon="-4.8996990">
        <ele>732.6</ele>
      </trkpt>
      <trkpt lat="43.2276550" lon="-4.8997480">
        <ele>735.2</ele>
      </trkpt>
      <trkpt lat="43.2276630" lon="-4.8998600">
        <ele>739.3</ele>
      </trkpt>
      <trkpt lat="43.2276040" lon="-4.8998820">
        <ele>742.3</ele>
      </trkpt>
      <trkpt lat="43.2276040" lon="-4.9000190">
        <ele>747.3</ele>
      </trkpt>
      <trkpt lat="43.2275780" lon="-4.9000780">
        <ele>749.8</ele>
      </trkpt>
      <trkpt lat="43.2276090" lon="-4.9001160">
        <ele>751.8</ele>
      </trkpt>
      <trkpt lat="43.2275730" lon="-4.9002570">
        <ele>757.2</ele>
      </trkpt>
      <trkpt lat="43.2275850" lon="-4.9004080">
        <ele>762.7</ele>
      </trkpt>
      <trkpt lat="43.2277330" lon="-4.9006220">
        <ele>773.4</ele>
      </trkpt>
      <trkpt lat="43.2277560" lon="-4.9008900">
        <ele>783.1</ele>
      </trkpt>
      <trkpt lat="43.2278150" lon="-4.9010080">
        <ele>788.3</ele>
      </trkpt>
      <trkpt lat="43.2279170" lon="-4.9010890">
        <ele>794.1</ele>
      </trkpt>
      <trkpt lat="43.2279870" lon="-4.9012010">
        <ele>799.2</ele>
      </trkpt>
      <trkpt lat="43.2280690" lon="-4.9015130">
        <ele>810.6</ele>
      </trkpt>
      <trkpt lat="43.2280690" lon="-4.9016840">
        <ele>816.4</ele>
      </trkpt>
      <trkpt lat="43.2280070" lon="-4.9020650">
        <ele>829.8</ele>
      </trkpt>
      <trkpt lat="43.2279640" lon="-4.9021990">
        <ele>834.9</ele>
      </trkpt>
      <trkpt lat="43.2278970" lon="-4.9027410">
        <ele>853.7</ele>
      </trkpt>
      <trkpt lat="43.2278150" lon="-4.9028750">
        <ele>859.8</ele>
      </trkpt>
      <trkpt lat="43.2278260" lon="-4.9029590">
        <ele>862.7</ele>
      </trkpt>
      <trkpt lat="43.2278390" lon="-4.9030580">
        <ele>866.1</ele>
      </trkpt>
      <trkpt lat="43.2279110" lon="-4.9031300">
        <ele>870.3</ele>
      </trkpt>
      <trkpt lat="43.2279130" lon="-4.9031700">
        <ele>871.7</ele>
      </trkpt>
      <trkpt lat="43.2279110" lon="-4.9031300">
        <ele>873.1</ele>
      </trkpt>
      <trkpt lat="43.2278390" lon="-4.9030580">
        <ele>877.3</ele>
      </trkpt>
      <trkpt lat="43.2278260" lon="-4.9029590">
        <ele>880.3</ele>
      </trkpt>
      <trkpt lat="43.2278390" lon="-4.9030580">
        <ele>882.9</ele>
      </trkpt>
      <trkpt lat="43.2279110" lon="-4.9031300">
        <ele>886.2</ele>
      </trkpt>
      <trkpt lat="43.2279130" lon="-4.9031700">
        <ele>887.2</ele>
      </trkpt>
      <trkpt lat="43.2278270" lon="-4.9032400">
        <ele>890.9</ele>
      </trkpt>
      <trkpt lat="43.2278050" lon="-4.9033180">
        <ele>893.1</ele>
      </trkpt>
      <trkpt lat="43.2279360" lon="-4.9034760">
        <ele>899.5</ele>
      </trkpt>
      <trkpt lat="43.2279950" lon="-4.9037010">
        <ele>905.8</ele>
      </trkpt>
      <trkpt lat="43.2279750" lon="-4.9037820">
        <ele>908.1</ele>
      </trkpt>
      <trkpt lat="43.2280870" lon="-4.9040690">
        <ele>916.7</ele>
      </trkpt>
      <trkpt lat="43.2281200" lon="-4.9042440">
        <ele>921.5</ele>
      </trkpt>
      <trkpt lat="43.2281640" lon="-4.9042880">
        <ele>923.5</ele>
      </trkpt>
      <trkpt lat="43.2281860" lon="-4.9045010">
        <ele>929.2</ele>
      </trkpt>
      <trkpt lat="43.2282730" lon="-4.9046030">
        <ele>933.4</ele>
      </trkpt>
      <trkpt lat="43.2283310" lon="-4.9047260">
        <ele>937.3</ele>
      </trkpt>
      <trkpt lat="43.2283710" lon="-4.9048590">
        <ele>941.1</ele>
      </trkpt>
      <trkpt lat="43.2283680" lon="-4.9049190">
        <ele>942.7</ele>
      </trkpt>
      <trkpt lat="43.2284800" lon="-4.9051280">
        <ele>952.9</ele>
      </trkpt>
      <trkpt lat="43.2285070" lon="-4.9052300">
        <ele>957.5</ele>
      </trkpt>
      <trkpt lat="43.2284950" lon="-4.9052950">
        <ele>960.4</ele>
      </trkpt>
      <trkpt lat="43.2285660" lon="-4.9054390">
        <ele>967.8</ele>
      </trkpt>
      <trkpt lat="43.2286320" lon="-4.9054880">
        <ele>972.2</ele>
      </trkpt>
      <trkpt lat="43.2286120" lon="-4.9055600">
        <ele>975.5</ele>
      </trkpt>
      <trkpt lat="43.2289040" lon="-4.9057500">
        <ele>994.4</ele>
      </trkpt>
      <trkpt lat="43.2290880" lon="-4.9059340">
        <ele>1007.7</ele>
      </trkpt>
      <trkpt lat="43.2292640" lon="-4.9060230">
        <ele>1018.7</ele>
      </trkpt>
      <trkpt lat="43.2294330" lon="-4.9059920">
        <ele>1028.7</ele>
      </trkpt>
      <trkpt lat="43.2295100" lon="-4.9058810">
        <ele>1035.2</ele>
      </trkpt>
      <trkpt lat="43.2295910" lon="-4.9058410">
        <ele>1040.3</ele>
      </trkpt>
      <trkpt lat="43.2296240" lon="-4.9057750">
        <ele>1043.7</ele>
      </trkpt>
      <trkpt lat="43.2297250" lon="-4.9057980">
        <ele>1049.7</ele>
      </trkpt>
      <trkpt lat="43.2297160" lon="-4.9058330">
        <ele>1050.9</ele>
      </trkpt>
      <trkpt lat="43.2297630" lon="-4.9058400">
        <ele>1053.1</ele>
      </trkpt>
      <trkpt lat="43.2298330" lon="-4.9059270">
        <ele>1057.5</ele>
      </trkpt>
      <trkpt lat="43.2298730" lon="-4.9061550">
        <ele>1065.5</ele>
      </trkpt>
      <trkpt lat="43.2297680" lon="-4.9064710">
        <ele>1077.2</ele>
      </trkpt>
      <trkpt lat="43.2296640" lon="-4.9066640">
        <ele>1085.4</ele>
      </trkpt>
      <trkpt lat="43.2296000" lon="-4.9071160">
        <ele>1101.0</ele>
      </trkpt>
      <trkpt lat="43.2296170" lon="-4.9072780">
        <ele>1106.5</ele>
      </trkpt>
      <trkpt lat="43.2297850" lon="-4.9075780">
        <ele>1119.4</ele>
      </trkpt>
      <trkpt lat="43.2298520" lon="-4.9078660">
        <ele>1129.6</ele>
      </trkpt>
      <trkpt lat="43.2298480" lon="-4.9080870">
        <ele>1137.1</ele>
      </trkpt>
      <trkpt lat="43.2299210" lon="-4.9083090">
        <ele>1145.4</ele>
      </trkpt>
      <trkpt lat="43.2300690" lon="-4.9082910">
        <ele>1152.4</ele>
      </trkpt>
      <trkpt lat="43.2301240" lon="-4.9083310">
        <ele>1155.3</ele>
      </trkpt>
      <trkpt lat="43.2302360" lon="-4.9085000">
        <ele>1163.1</ele>
      </trkpt>
      <trkpt lat="43.2302660" lon="-4.9086460">
        <ele>1168.2</ele>
      </trkpt>
      <trkpt lat="43.2303480" lon="-4.9087730">
        <ele>1174.0</ele>
      </trkpt>
      <trkpt lat="43.2304320" lon="-4.9088110">
        <ele>1178.1</ele>
      </trkpt>
      <trkpt lat="43.2305010" lon="-4.9090170">
        <ele>1185.9</ele>
      </trkpt>
      <trkpt lat="43.2304840" lon="-4.9092880">
        <ele>1195.1</ele>
      </trkpt>
      <trkpt lat="43.2304830" lon="-4.9093020">
        <ele>1195.6</ele>
      </trkpt>
      <trkpt lat="43.2304840" lon="-4.9092880">
        <ele>1196.1</ele>
      </trkpt>
      <trkpt lat="43.2304830" lon="-4.9093020">
        <ele>1196.6</ele>
      </trkpt>
      <trkpt lat="43.2304740" lon="-4.9094370">
        <ele>1201.2</ele>
      </trkpt>
      <trkpt lat="43.2305020" lon="-4.9094420">
        <ele>1202.5</ele>
      </trkpt>
      <trkpt lat="43.2306320" lon="-4.9094640">
        <ele>1208.6</ele>
      </trkpt>
      <trkpt lat="43.2305020" lon="-4.9094420">
        <ele>1214.8</ele>
      </trkpt>
      <trkpt lat="43.2306320" lon="-4.9094640">
        <ele>1220.5</ele>
      </trkpt>
      <trkpt lat="43.2307210" lon="-4.9103340">
        <ele>1246.9</ele>
      </trkpt>
      <trkpt lat="43.2308180" lon="-4.9104910">
        <ele>1253.1</ele>
      </trkpt>
      <trkpt lat="43.2308440" lon="-4.9105790">
        <ele>1256.0</ele>
      </trkpt>
      <trkpt lat="43.2308340" lon="-4.9106470">
        <ele>1258.1</ele>
      </trkpt>
      <trkpt lat="43.2309420" lon="-4.9107380">
        <ele>1263.3</ele>
      </trkpt>
      <trkpt lat="43.2310320" lon="-4.9109120">
        <ele>1269.7</ele>
      </trkpt>
      <trkpt lat="43.2310200" lon="-4.9109810">
        <ele>1271.9</ele>
      </trkpt>
      <trkpt lat="43.2310630" lon="-4.9110990">
        <ele>1275.9</ele>
      </trkpt>
      <trkpt lat="43.2310430" lon="-4.9113680">
        <ele>1284.0</ele>
      </trkpt>
      <trkpt lat="43.2311290" lon="-4.9114480">
        <ele>1288.3</ele>
      </trkpt>
      <trkpt lat="43.2311570" lon="-4.9115340">
        <ele>1291.1</ele>
      </trkpt>
      <trkpt lat="43.2313680" lon="-4.9116930">
        <ele>1301.6</ele>
      </trkpt>
      <trkpt lat="43.2316890" lon="-4.9117930">
        <ele>1315.9</ele>
      </trkpt>
      <trkpt lat="43.2318710" lon="-4.9117520">
        <ele>1323.9</ele>
      </trkpt>
      <trkpt lat="43.2320820" lon="-4.9116360">
        <ele>1333.8</ele>
      </trkpt>
      <trkpt lat="43.2321020" lon="-4.9116250">
        <ele>1334.7</ele>
      </trkpt>
      <trkpt lat="43.2322810" lon="-4.9114390">
        <ele>1344.4</ele>
      </trkpt>
      <trkpt lat="43.2321020" lon="-4.9116250">
        <ele>1354.2</ele>
      </trkpt>
      <trkpt lat="43.2320820" lon="-4.9116360">
        <ele>1355.1</ele>
      </trkpt>
      <trkpt lat="43.2321020" lon="-4.9116250">
        <ele>1356.1</ele>
      </trkpt>
      <trkpt lat="43.2322810" lon="-4.9114390">
        <ele>1365.8</ele>
      </trkpt>
      <trkpt lat="43.2323460" lon="-4.9113720">
        <ele>1369.4</ele>
      </trkpt>
      <trkpt lat="43.2325400" lon="-4.9112940">
        <ele>1375.3</ele>
      </trkpt>
      <trkpt lat="43.2326800" lon="-4.9113020">
        <ele>1379.4</ele>
      </trkpt>
      <trkpt lat="43.2329650" lon="-4.9112110">
        <ele>1387.8</ele>
      </trkpt>
      <trkpt lat="43.2331190" lon="-4.9113400">
        <ele>1393.0</ele>
      </trkpt>
      <trkpt lat="43.2331230" lon="-4.9114840">
        <ele>1396.0</ele>
      </trkpt>
      <trkpt lat="43.2331820" lon="-4.9115760">
        <ele>1398.6</ele>
      </trkpt>
      <trkpt lat="43.2332210" lon="-4.9117450">
        <ele>1402.3</ele>
      </trkpt>
      <trkpt lat="43.2331980" lon="-4.9118470">
        <ele>1404.6</ele>
      </trkpt>
      <trkpt lat="43.2332440" lon="-4.9119210">
        <ele>1406.6</ele>
      </trkpt>
      <trkpt lat="43.2331940" lon="-4.9120290">
        <ele>1409.3</ele>
      </trkpt>
      <trkpt lat="43.2332810" lon="-4.9121750">
        <ele>1413.2</ele>
      </trkpt>
      <trkpt lat="43.2333970" lon="-4.9122490">
        <ele>1416.9</ele>
      </trkpt>
      <trkpt lat="43.2333770" lon="-4.9124080">
        <ele>1420.3</ele>
      </trkpt>
      <trkpt lat="43.2333900" lon="-4.9125200">
        <ele>1422.2</ele>
      </trkpt>
      <trkpt lat="43.2334370" lon="-4.9125750">
        <ele>1423.2</ele>
      </trkpt>
      <trkpt lat="43.2333900" lon="-4.9125200">
        <ele>1424.3</ele>
      </trkpt>
      <trkpt lat="43.2334370" lon="-4.9125750">
        <ele>1425.3</ele>
      </trkpt>
      <trkpt lat="43.2335420" lon="-4.9126970">
        <ele>1427.6</ele>
      </trkpt>
      <trkpt lat="43.2336240" lon="-4.9127280">
        <ele>1429.0</ele>
      </trkpt>
      <trkpt lat="43.2336520" lon="-4.9127890">
        <ele>1429.8</ele>
      </trkpt>
      <trkpt lat="43.2336350" lon="-4.9128410">
        <ele>1430.5</ele>
      </trkpt>
      <trkpt lat="43.2336780" lon="-4.9128790">
        <ele>1431.4</ele>
      </trkpt>
      <trkpt lat="43.2337320" lon="-4.9128530">
        <ele>1432.3</ele>
      </trkpt>
      <trkpt lat="43.2338200" lon="-4.9128810">
        <ele>1433.8</ele>
      </trkpt>
      <trkpt lat="43.2339800" lon="-4.9125330">
        <ele>1438.8</ele>
      </trkpt>
      <trkpt lat="43.2342010" lon="-4.9122290">
        <ele>1443.9</ele>
      </trkpt>
      <trkpt lat="43.2343540" lon="-4.9122560">
        <ele>1446.5</ele>
      </trkpt>
      <trkpt lat="43.2343870" lon="-4.9121920">
        <ele>1447.4</ele>
      </trkpt>
      <trkpt lat="43.2345270" lon="-4.9122450">
        <ele>1449.8</ele>
      </trkpt>
      <trkpt lat="43.2345230" lon="-4.9124210">
        <ele>1452.0</ele>
      </trkpt>
      <trkpt lat="43.2344740" lon="-4.9125990">
        <ele>1454.4</ele>
      </trkpt>
      <trkpt lat="43.2344300" lon="-4.9129800">
        <ele>1459.2</ele>
      </trkpt>
      <trkpt lat="43.2342100" lon="-4.9134040">
        <ele>1465.7</ele>
      </trkpt>
      <trkpt lat="43.2342760" lon="-4.9134920">
        <ele>1467.3</ele>
      </trkpt>
      <trkpt lat="43.2343560" lon="-4.9138010">
        <ele>1471.4</ele>
      </trkpt>
      <trkpt lat="43.2343080" lon="-4.9138910">
        <ele>1472.8</ele>
      </trkpt>
      <trkpt lat="43.2342160" lon="-4.9140640">
        <ele>1475.4</ele>
      </trkpt>
      <trkpt lat="43.2343080" lon="-4.9138910">
        <ele>1478.1</ele>
      </trkpt>
      <trkpt lat="43.2342160" lon="-4.9140640">
        <ele>1480.8</ele>
      </trkpt>
      <trkpt lat="43.2341190" lon="-4.9142450">
        <ele>1483.6</ele>
      </trkpt>
      <trkpt lat="43.2341130" lon="-4.9144240">
        <ele>1485.9</ele>
      </trkpt>
      <trkpt lat="43.2340670" lon="-4.9145010">
        <ele>1487.2</ele>
      </trkpt>
      <trkpt lat="43.2340550" lon="-4.9146400">
        <ele>1489.0</ele>
      </trkpt>
      <trkpt lat="43.2341420" lon="-4.9147700">
        <ele>1491.3</ele>
      </trkpt>
      <trkpt lat="43.2342370" lon="-4.9150290">
        <ele>1495.0</ele>
      </trkpt>
      <trkpt lat="43.2341440" lon="-4.9151960">
        <ele>1497.7</ele>
      </trkpt>
      <trkpt lat="43.2341000" lon="-4.9153620">
        <ele>1500.0</ele>
      </trkpt>
      <trkpt lat="43.2340030" lon="-4.9154500">
        <ele>1502.1</ele>
      </trkpt>
      <trkpt lat="43.2340160" lon="-4.9155030">
        <ele>1502.8</ele>
      </trkpt>
      <trkpt lat="43.2339700" lon="-4.9156760">
        <ele>1505.2</ele>
      </trkpt>
      <trkpt lat="43.2338520" lon="-4.9158420">
        <ele>1508.2</ele>
      </trkpt>
      <trkpt lat="43.2338840" lon="-4.9159230">
        <ele>1509.3</ele>
      </trkpt>
      <trkpt lat="43.2338170" lon="-4.9160260">
        <ele>1511.1</ele>
      </trkpt>
      <trkpt lat="43.2338340" lon="-4.9161120">
        <ele>1512.3</ele>
      </trkpt>
      <trkpt lat="43.2337100" lon="-4.9162230">
        <ele>1514.6</ele>
      </trkpt>
      <trkpt lat="43.2336960" lon="-4.9163080">
        <ele>1515.3</ele>
      </trkpt>
      <trkpt lat="43.2337390" lon="-4.9164300">
        <ele>1516.4</ele>
      </trkpt>
      <trkpt lat="43.2337350" lon="-4.9164890">
        <ele>1516.9</ele>
      </trkpt>
      <trkpt lat="43.2338440" lon="-4.9167730">
        <ele>1519.5</ele>
      </trkpt>
      <trkpt lat="43.2339790" lon="-4.9169020">
        <ele>1521.4</ele>
      </trkpt>
      <trkpt lat="43.2340030" lon="-4.9170290">
        <ele>1522.5</ele>
      </trkpt>
      <trkpt lat="43.2339820" lon="-4.9172160">
        <ele>1524.1</ele>
      </trkpt>
      <trkpt lat="43.2338660" lon="-4.9175190">
        <ele>1526.9</ele>
      </trkpt>
      <trkpt lat="43.2338440" lon="-4.9176670">
        <ele>1528.1</ele>
      </trkpt>
      <trkpt lat="43.2337410" lon="-4.9178320">
        <ele>1529.9</ele>
      </trkpt>
      <trkpt lat="43.2337270" lon="-4.9180540">
        <ele>1531.8</ele>
      </trkpt>
      <trkpt lat="43.2337810" lon="-4.9180880">
        <ele>1532.5</ele>
      </trkpt>
      <trkpt lat="43.2338840" lon="-4.9185700">
        <ele>1536.8</ele>
      </trkpt>
      <trkpt lat="43.2339720" lon="-4.9187130">
        <ele>1538.5</ele>
      </trkpt>
      <trkpt lat="43.2340430" lon="-4.9188020">
        <ele>1539.6</ele>
      </trkpt>
      <trkpt lat="43.2343150" lon="-4.9188010">
        <ele>1543.0</ele>
      </trkpt>
      <trkpt lat="43.2344990" lon="-4.9189580">
        <ele>1545.6</ele>
      </trkpt>
      <trkpt lat="43.2345850" lon="-4.9190800">
        <ele>1547.2</ele>
      </trkpt>
      <trkpt lat="43.2347260" lon="-4.9193650">
        <ele>1550.2</ele>
      </trkpt>
      <trkpt lat="43.2347530" lon="-4.9194390">
        <ele>1551.0</ele>
      </trkpt>
      <trkpt lat="43.2347760" lon="-4.9196750">
        <ele>1553.1</ele>
      </trkpt>
      <trkpt lat="43.2349400" lon="-4.9197320">
        <ele>1555.2</ele>
      </trkpt>
      <trkpt lat="43.2348870" lon="-4.9198020">
        <ele>1556.1</ele>
      </trkpt>
      <trkpt lat="43.2349400" lon="-4.9197320">
        <ele>1557.0</ele>
      </trkpt>
      <trkpt lat="43.2354360" lon="-4.9195320">
        <ele>1563.6</ele>
      </trkpt>
      <trkpt lat="43.2355230" lon="-4.9195470">
        <ele>1564.7</ele>
      </trkpt>
      <trkpt lat="43.2358200" lon="-4.9196430">
        <ele>1568.6</ele>
      </trkpt>
      <trkpt lat="43.2360700" lon="-4.9198260">
        <ele>1572.1</ele>
      </trkpt>
      <trkpt lat="43.2363380" lon="-4.9197910">
        <ele>1575.6</ele>
      </trkpt>
      <trkpt lat="43.2365140" lon="-4.9199670">
        <ele>1578.3</ele>
      </trkpt>
      <trkpt lat="43.2368640" lon="-4.9200050">
        <ele>1582.6</ele>
      </trkpt>
      <trkpt lat="43.2374840" lon="-4.9201760">
        <ele>1590.1</ele>
      </trkpt>
      <trkpt lat="43.2379030" lon="-4.9206730">
        <ele>1596.7</ele>
      </trkpt>
      <trkpt lat="43.2379630" lon="-4.9206980">
        <ele>1597.5</ele>
      </trkpt>
      <trkpt lat="43.2380080" lon="-4.9207160">
        <ele>1598.0</ele>
      </trkpt>
      <trkpt lat="43.2381520" lon="-4.9206910">
        <ele>1599.8</ele>
      </trkpt>
      <trkpt lat="43.2384140" lon="-4.9204170">
        <ele>1602.0</ele>
      </trkpt>
      <trkpt lat="43.2387470" lon="-4.9203730">
        <ele>1603.8</ele>
      </trkpt>
      <trkpt lat="43.2389060" lon="-4.9202360">
        <ele>1604.7</ele>
      </trkpt>
      <trkpt lat="43.2391340" lon="-4.9204820">
        <ele>1606.2</ele>
      </trkpt>
      <trkpt lat="43.2398710" lon="-4.9210860">
        <ele>1610.3</ele>
      </trkpt>
      <trkpt lat="43.2400540" lon="-4.9213000">
        <ele>1610.7</ele>
      </trkpt>
      <trkpt lat="43.2404350" lon="-4.9214470">
        <ele>1611.5</ele>
      </trkpt>
      <trkpt lat="43.2410490" lon="-4.9220980">
        <ele>1612.9</ele>
      </trkpt>
      <trkpt lat="43.2412810" lon="-4.9222920">
        <ele>1613.4</ele>
      </trkpt>
      <trkpt lat="43.2413120" lon="-4.9223550">
        <ele>1613.4</ele>
      </trkpt>
      <trkpt lat="43.2415670" lon="-4.9225110">
        <ele>1613.4</ele>
      </trkpt>
      <trkpt lat="43.2416310" lon="-4.9225950">
        <ele>1613.4</ele>
      </trkpt>
      <trkpt lat="43.2417470" lon="-4.9226350">
        <ele>1613.4</ele>
      </trkpt>
      <trkpt lat="43.2418740" lon="-4.9226210">
        <ele>1613.4</ele>
      </trkpt>
      <trkpt lat="43.2425200" lon="-4.9228980">
        <ele>1613.4</ele>
      </trkpt>
      <trkpt lat="43.2426360" lon="-4.9229050">
        <ele>1613.4</ele>
      </trkpt>
      <trkpt lat="43.2429250" lon="-4.9229230">
        <ele>1613.4</ele>
      </trkpt>
      <trkpt lat="43.2429440" lon="-4.9228980">
        <ele>1613.4</ele>
      </trkpt>
      <trkpt lat="43.2430220" lon="-4.9230010">
        <ele>1613.4</ele>
      </trkpt>
      <trkpt lat="43.2428250" lon="-4.9230520">
        <ele>1625.5</ele>
      </trkpt>
      <trkpt lat="43.2428120" lon="-4.9231030">
        <ele>1625.5</ele>
      </trkpt>
      <trkpt lat="43.2428610" lon="-4.9231530">
        <ele>1625.5</ele>
      </trkpt>
      <trkpt lat="43.2428780" lon="-4.9232690">
        <ele>1625.5</ele>
      </trkpt>
      <trkpt lat="43.2428520" lon="-4.9234270">
        <ele>1625.5</ele>
      </trkpt>
      <trkpt lat="43.2427920" lon="-4.9235230">
        <ele>1625.5</ele>
      </trkpt>
      <trkpt lat="43.2426580" lon="-4.9236280">
        <ele>1625.5</ele>
      </trkpt>
      <trkpt lat="43.2425840" lon="-4.9236430">
        <ele>1625.5</ele>
      </trkpt>
      <trkpt lat="43.2424050" lon="-4.9235900">
        <ele>1625.5</ele>
      </trkpt>
      <trkpt lat="43.2421290" lon="-4.9235810">
        <ele>1625.8</ele>
      </trkpt>
      <trkpt lat="43.2418650" lon="-4.9235420">
        <ele>1626.1</ele>
      </trkpt>
      <trkpt lat="43.2416460" lon="-4.9235780">
        <ele>1626.4</ele>
      </trkpt>
      <trkpt lat="43.2412890" lon="-4.9234910">
        <ele>1626.9</ele>
      </trkpt>
      <trkpt lat="43.2410390" lon="-4.9233690">
        <ele>1627.2</ele>
      </trkpt>
      <trkpt lat="43.2407870" lon="-4.9233140">
        <ele>1627.6</ele>
      </trkpt>
      <trkpt lat="43.2406990" lon="-4.9233140">
        <ele>1627.7</ele>
      </trkpt>
      <trkpt lat="43.2406390" lon="-4.9233770">
        <ele>1627.8</ele>
      </trkpt>
      <trkpt lat="43.2405440" lon="-4.9234160">
        <ele>1627.9</ele>
      </trkpt>
      <trkpt lat="43.2403450" lon="-4.9236850">
        <ele>1628.4</ele>
      </trkpt>
      <trkpt lat="43.2403350" lon="-4.9237790">
        <ele>1628.5</ele>
      </trkpt>
      <trkpt lat="43.2402250" lon="-4.9237880">
        <ele>1628.7</ele>
      </trkpt>
      <trkpt lat="43.2401280" lon="-4.9238910">
        <ele>1628.9</ele>
      </trkpt>
      <trkpt lat="43.2400280" lon="-4.9240900">
        <ele>1629.1</ele>
      </trkpt>
      <trkpt lat="43.2399580" lon="-4.9241650">
        <ele>1629.3</ele>
      </trkpt>
      <trkpt lat="43.2398600" lon="-4.9243610">
        <ele>1629.6</ele>
      </trkpt>
      <trkpt lat="43.2397900" lon="-4.9244230">
        <ele>1629.7</ele>
      </trkpt>
      <trkpt lat="43.2396710" lon="-4.9246390">
        <ele>1630.0</ele>
      </trkpt>
      <trkpt lat="43.2395370" lon="-4.9248100">
        <ele>1630.3</ele>
      </trkpt>
      <trkpt lat="43.2393750" lon="-4.9249400">
        <ele>1630.6</ele>
      </trkpt>
      <trkpt lat="43.2393360" lon="-4.9250450">
        <ele>1630.8</ele>
      </trkpt>
      <trkpt lat="43.2393270" lon="-4.9251420">
        <ele>1630.8</ele>
      </trkpt>
      <trkpt lat="43.2393490" lon="-4.9252330">
        <ele>1630.9</ele>
      </trkpt>
      <trkpt lat="43.2396110" lon="-4.9260330">
        <ele>1631.3</ele>
      </trkpt>
      <trkpt lat="43.2396280" lon="-4.9261760">
        <ele>1631.3</ele>
      </trkpt>
      <trkpt lat="43.2396230" lon="-4.9265080">
        <ele>1631.5</ele>
      </trkpt>
      <trkpt lat="43.2396470" lon="-4.9266730">
        <ele>1631.6</ele>
      </trkpt>
      <trkpt lat="43.2393540" lon="-4.9269420">
        <ele>1631.8</ele>
      </trkpt>
      <trkpt lat="43.2391840" lon="-4.9270450">
        <ele>1631.9</ele>
      </trkpt>
      <trkpt lat="43.2390330" lon="-4.9269750">
        <ele>1631.3</ele>
      </trkpt>
      <trkpt lat="43.2388980" lon="-4.9269520">
        <ele>1630.6</ele>
      </trkpt>
      <trkpt lat="43.2387480" lon="-4.9269700">
        <ele>1629.9</ele>
      </trkpt>
      <trkpt lat="43.2386080" lon="-4.9271480">
        <ele>1629.0</ele>
      </trkpt>
      <trkpt lat="43.2383950" lon="-4.9276000">
        <ele>1627.0</ele>
      </trkpt>
      <trkpt lat="43.2383400" lon="-4.9277170">
        <ele>1626.5</ele>
      </trkpt>
      <trkpt lat="43.2381900" lon="-4.9278860">
        <ele>1625.6</ele>
      </trkpt>
      <trkpt lat="43.2380950" lon="-4.9282030">
        <ele>1624.4</ele>
      </trkpt>
      <trkpt lat="43.2380100" lon="-4.9283560">
        <ele>1623.7</ele>
      </trkpt>
      <trkpt lat="43.2379050" lon="-4.9284460">
        <ele>1623.2</ele>
      </trkpt>
      <trkpt lat="43.2378030" lon="-4.9284830">
        <ele>1624.0</ele>
      </trkpt>
      <trkpt lat="43.2376600" lon="-4.9286980">
        <ele>1625.7</ele>
      </trkpt>
      <trkpt lat="43.2376120" lon="-4.9289780">
        <ele>1627.3</ele>
      </trkpt>
      <trkpt lat="43.2376010" lon="-4.9298050">
        <ele>1632.1</ele>
      </trkpt>
      <trkpt lat="43.2373810" lon="-4.9299440">
        <ele>1634.1</ele>
      </trkpt>
      <trkpt lat="43.2372990" lon="-4.9300710">
        <ele>1635.0</ele>
      </trkpt>
      <trkpt lat="43.2372020" lon="-4.9305650">
        <ele>1638.5</ele>
      </trkpt>
      <trkpt lat="43.2371870" lon="-4.9309720">
        <ele>1642.7</ele>
      </trkpt>
      <trkpt lat="43.2371190" lon="-4.9312250">
        <ele>1645.5</ele>
      </trkpt>
      <trkpt lat="43.2370540" lon="-4.9314660">
        <ele>1648.2</ele>
      </trkpt>
      <trkpt lat="43.2370100" lon="-4.9319530">
        <ele>1653.3</ele>
      </trkpt>
      <trkpt lat="43.2369750" lon="-4.9325520">
        <ele>1659.5</ele>
      </trkpt>
      <trkpt lat="43.2369620" lon="-4.9326660">
        <ele>1660.7</ele>
      </trkpt>
      <trkpt lat="43.2367920" lon="-4.9332930">
        <ele>1669.5</ele>
      </trkpt>
      <trkpt lat="43.2366580" lon="-4.9333650">
        <ele>1672.4</ele>
      </trkpt>
      <trkpt lat="43.2366090" lon="-4.9333920">
        <ele>1673.5</ele>
      </trkpt>
      <trkpt lat="43.2364730" lon="-4.9336370">
        <ele>1678.0</ele>
      </trkpt>
      <trkpt lat="43.2364500" lon="-4.9336680">
        <ele>1678.6</ele>
      </trkpt>
      <trkpt lat="43.2364730" lon="-4.9336370">
        <ele>1679.3</ele>
      </trkpt>
      <trkpt lat="43.2366090" lon="-4.9333920">
        <ele>1683.8</ele>
      </trkpt>
      <trkpt lat="43.2366580" lon="-4.9333650">
        <ele>1684.8</ele>
      </trkpt>
      <trkpt lat="43.2366090" lon="-4.9333920">
        <ele>1685.9</ele>
      </trkpt>
      <trkpt lat="43.2364730" lon="-4.9336370">
        <ele>1690.4</ele>
      </trkpt>
      <trkpt lat="43.2364500" lon="-4.9336680">
        <ele>1691.1</ele>
      </trkpt>
      <trkpt lat="43.2358720" lon="-4.9344380">
        <ele>1708.8</ele>
      </trkpt>
      <trkpt lat="43.2356250" lon="-4.9344390">
        <ele>1714.7</ele>
      </trkpt>
      <trkpt lat="43.2353860" lon="-4.9346690">
        <ele>1721.7</ele>
      </trkpt>
      <trkpt lat="43.2351820" lon="-4.9348040">
        <ele>1727.1</ele>
      </trkpt>
      <trkpt lat="43.2348390" lon="-4.9353040">
        <ele>1739.1</ele>
      </trkpt>
      <trkpt lat="43.2346520" lon="-4.9354860">
        <ele>1742.9</ele>
      </trkpt>
      <trkpt lat="43.2346290" lon="-4.9355870">
        <ele>1743.4</ele>
      </trkpt>
      <trkpt lat="43.2348420" lon="-4.9358640">
        <ele>1745.3</ele>
      </trkpt>
      <trkpt lat="43.2348500" lon="-4.9363380">
        <ele>1747.5</ele>
      </trkpt>
      <trkpt lat="43.2347890" lon="-4.9365510">
        <ele>1748.6</ele>
      </trkpt>
      <trkpt lat="43.2348440" lon="-4.9373600">
        <ele>1752.4</ele>
      </trkpt>
      <trkpt lat="43.2347890" lon="-4.9374670">
        <ele>1753.1</ele>
      </trkpt>
      <trkpt lat="43.2345980" lon="-4.9374350">
        <ele>1753.9</ele>
      </trkpt>
      <trkpt lat="43.2342440" lon="-4.9379130">
        <ele>1754.2</ele>
      </trkpt>
      <trkpt lat="43.2342300" lon="-4.9381090">
        <ele>1754.2</ele>
      </trkpt>
      <trkpt lat="43.2340090" lon="-4.9383450">
        <ele>1754.4</ele>
      </trkpt>
      <trkpt lat="43.2340080" lon="-4.9388310">
        <ele>1754.6</ele>
      </trkpt>
      <trkpt lat="43.2342070" lon="-4.9396100">
        <ele>1755.4</ele>
      </trkpt>
      <trkpt lat="43.2341580" lon="-4.9399410">
        <ele>1756.6</ele>
      </trkpt>
      <trkpt lat="43.2338600" lon="-4.9400600">
        <ele>1758.0</ele>
      </trkpt>
      <trkpt lat="43.2335680" lon="-4.9406400">
        <ele>1760.5</ele>
      </trkpt>
      <trkpt lat="43.2332420" lon="-4.9412110">
        <ele>1762.9</ele>
      </trkpt>
      <trkpt lat="43.2330560" lon="-4.9418930">
        <ele>1766.9</ele>
      </trkpt>
      <trkpt lat="43.2328960" lon="-4.9419260">
        <ele>1768.1</ele>
      </trkpt>
      <trkpt lat="43.2323650" lon="-4.9424260">
        <ele>1773.1</ele>
      </trkpt>
      <trkpt lat="43.2322310" lon="-4.9424200">
        <ele>1774.1</ele>
      </trkpt>
      <trkpt lat="43.2321320" lon="-4.9424840">
        <ele>1774.9</ele>
      </trkpt>
      <trkpt lat="43.2320790" lon="-4.9430170">
        <ele>1777.5</ele>
      </trkpt>
      <trkpt lat="43.2320050" lon="-4.9433170">
        <ele>1778.4</ele>
      </trkpt>
      <trkpt lat="43.2320340" lon="-4.9439370">
        <ele>1780.2</ele>
      </trkpt>
      <trkpt lat="43.2316750" lon="-4.9442800">
        <ele>1782.0</ele>
      </trkpt>
      <trkpt lat="43.2315070" lon="-4.9445930">
        <ele>1783.1</ele>
      </trkpt>
      <trkpt lat="43.2313240" lon="-4.9447870">
        <ele>1784.0</ele>
      </trkpt>
      <trkpt lat="43.2313560" lon="-4.9452230">
        <ele>1783.4</ele>
      </trkpt>
      <trkpt lat="43.2315770" lon="-4.9462600">
        <ele>1780.9</ele>
      </trkpt>
      <trkpt lat="43.2316940" lon="-4.9466880">
        <ele>1779.8</ele>
      </trkpt>
      <trkpt lat="43.2318740" lon="-4.9467480">
        <ele>1779.2</ele>
      </trkpt>
      <trkpt lat="43.2319840" lon="-4.9469560">
        <ele>1778.6</ele>
      </trkpt>
      <trkpt lat="43.2321800" lon="-4.9470430">
        <ele>1778.0</ele>
      </trkpt>
      <trkpt lat="43.2322300" lon="-4.9475390">
        <ele>1776.9</ele>
      </trkpt>
      <trkpt lat="43.2323190" lon="-4.9478410">
        <ele>1776.2</ele>
      </trkpt>
      <trkpt lat="43.2323590" lon="-4.9482360">
        <ele>1775.3</ele>
      </trkpt>
      <trkpt lat="43.2322910" lon="-4.9485990">
        <ele>1774.4</ele>
      </trkpt>
      <trkpt lat="43.2321200" lon="-4.9489760">
        <ele>1773.4</ele>
      </trkpt>
      <trkpt lat="43.2320170" lon="-4.9490550">
        <ele>1773.1</ele>
      </trkpt>
      <trkpt lat="43.2319870" lon="-4.9492560">
        <ele>1773.3</ele>
      </trkpt>
      <trkpt lat="43.2320810" lon="-4.9495160">
        <ele>1773.7</ele>
      </trkpt>
      <trkpt lat="43.2321140" lon="-4.9498190">
        <ele>1774.2</ele>
      </trkpt>
      <trkpt lat="43.2319870" lon="-4.9507140">
        <ele>1775.5</ele>
      </trkpt>
      <trkpt lat="43.2320590" lon="-4.9510120">
        <ele>1776.0</ele>
      </trkpt>
      <trkpt lat="43.2320630" lon="-4.9511660">
        <ele>1776.2</ele>
      </trkpt>
      <trkpt lat="43.2319350" lon="-4.9513090">
        <ele>1776.6</ele>
      </trkpt>
      <trkpt lat="43.2319250" lon="-4.9515920">
        <ele>1778.0</ele>
      </trkpt>
      <trkpt lat="43.2320890" lon="-4.9522110">
        <ele>1782.3</ele>
      </trkpt>
      <trkpt lat="43.2319840" lon="-4.9524900">
        <ele>1784.3</ele>
      </trkpt>
      <trkpt lat="43.2320170" lon="-4.9526650">
        <ele>1785.5</ele>
      </trkpt>
      <trkpt lat="43.2319600" lon="-4.9528100">
        <ele>1786.5</ele>
      </trkpt>
      <trkpt lat="43.2317800" lon="-4.9530080">
        <ele>1788.6</ele>
      </trkpt>
      <trkpt lat="43.2317970" lon="-4.9533120">
        <ele>1790.6</ele>
      </trkpt>
      <trkpt lat="43.2318280" lon="-4.9538710">
        <ele>1795.8</ele>
      </trkpt>
      <trkpt lat="43.2318810" lon="-4.9541310">
        <ele>1799.5</ele>
      </trkpt>
      <trkpt lat="43.2317100" lon="-4.9544690">
        <ele>1805.1</ele>
      </trkpt>
      <trkpt lat="43.2316640" lon="-4.9549030">
        <ele>1811.1</ele>
      </trkpt>
      <trkpt lat="43.2315670" lon="-4.9549880">
        <ele>1813.2</ele>
      </trkpt>
      <trkpt lat="43.2314710" lon="-4.9552450">
        <ele>1817.2</ele>
      </trkpt>
      <trkpt lat="43.2312030" lon="-4.9556120">
        <ele>1824.3</ele>
      </trkpt>
      <trkpt lat="43.2313260" lon="-4.9560370">
        <ele>1831.6</ele>
      </trkpt>
      <trkpt lat="43.2312340" lon="-4.9564050">
        <ele>1838.4</ele>
      </trkpt>
      <trkpt lat="43.2310270" lon="-4.9568730">
        <ele>1847.9</ele>
      </trkpt>
      <trkpt lat="43.2309240" lon="-4.9571840">
        <ele>1853.9</ele>
      </trkpt>
      <trkpt lat="43.2306650" lon="-4.9577120">
        <ele>1865.0</ele>
      </trkpt>
      <trkpt lat="43.2306540" lon="-4.9577340">
        <ele>1865.4</ele>
      </trkpt>
      <trkpt lat="43.2306460" lon="-4.9577500">
        <ele>1865.8</ele>
      </trkpt>
      <trkpt lat="43.2303470" lon="-4.9579480">
        <ele>1869.2</ele>
      </trkpt>
      <trkpt lat="43.2302420" lon="-4.9581920">
        <ele>1869.0</ele>
      </trkpt>
      <trkpt lat="43.2303470" lon="-4.9579480">
        <ele>1868.7</ele>
      </trkpt>
      <trkpt lat="43.2306460" lon="-4.9577500">
        <ele>1868.3</ele>
      </trkpt>
      <trkpt lat="43.2306540" lon="-4.9577340">
        <ele>1868.3</ele>
      </trkpt>
      <trkpt lat="43.2306650" lon="-4.9577120">
        <ele>1868.3</ele>
      </trkpt>
      <trkpt lat="43.2306540" lon="-4.9577340">
        <ele>1868.3</ele>
      </trkpt>
      <trkpt lat="43.2306460" lon="-4.9577500">
        <ele>1868.3</ele>
      </trkpt>
      <trkpt lat="43.2306540" lon="-4.9577340">
        <ele>1868.2</ele>
      </trkpt>
      <trkpt lat="43.2306460" lon="-4.9577500">
        <ele>1868.2</ele>
      </trkpt>
      <trkpt lat="43.2303470" lon="-4.9579480">
        <ele>1867.8</ele>
      </trkpt>
      <trkpt lat="43.2302420" lon="-4.9581920">
        <ele>1867.6</ele>
      </trkpt>
      <trkpt lat="43.2302130" lon="-4.9582600">
        <ele>1867.5</ele>
      </trkpt>
      <trkpt lat="43.2302760" lon="-4.9589340">
        <ele>1859.9</ele>
      </trkpt>
      <trkpt lat="43.2303950" lon="-4.9595600">
        <ele>1848.6</ele>
      </trkpt>
      <trkpt lat="43.2303490" lon="-4.9596290">
        <ele>1847.0</ele>
      </trkpt>
      <trkpt lat="43.2302240" lon="-4.9598180">
        <ele>1842.5</ele>
      </trkpt>
      <trkpt lat="43.2300550" lon="-4.9601920">
        <ele>1834.9</ele>
      </trkpt>
      <trkpt lat="43.2297470" lon="-4.9601980">
        <ele>1827.5</ele>
      </trkpt>
      <trkpt lat="43.2294720" lon="-4.9602430">
        <ele>1823.1</ele>
      </trkpt>
      <trkpt lat="43.2295130" lon="-4.9604230">
        <ele>1821.9</ele>
      </trkpt>
      <trkpt lat="43.2294680" lon="-4.9608600">
        <ele>1819.0</ele>
      </trkpt>
      <trkpt lat="43.2295520" lon="-4.9612430">
        <ele>1816.5</ele>
      </trkpt>
      <trkpt lat="43.2294470" lon="-4.9615700">
        <ele>1814.2</ele>
      </trkpt>
      <trkpt lat="43.2292660" lon="-4.9616640">
        <ele>1812.5</ele>
      </trkpt>
      <trkpt lat="43.2292820" lon="-4.9618120">
        <ele>1811.5</ele>
      </trkpt>
      <trkpt lat="43.2289830" lon="-4.9624010">
        <ele>1809.0</ele>
      </trkpt>
      <trkpt lat="43.2289710" lon="-4.9627840">
        <ele>1809.8</ele>
      </trkpt>
      <trkpt lat="43.2287870" lon="-4.9629700">
        <ele>1810.4</ele>
      </trkpt>
      <trkpt lat="43.2287030" lon="-4.9636970">
        <ele>1811.9</ele>
      </trkpt>
      <trkpt lat="43.2285920" lon="-4.9639660">
        <ele>1812.5</ele>
      </trkpt>
      <trkpt lat="43.2283640" lon="-4.9642670">
        <ele>1813.4</ele>
      </trkpt>
      <trkpt lat="43.2280780" lon="-4.9645540">
        <ele>1811.9</ele>
      </trkpt>
      <trkpt lat="43.2278670" lon="-4.9651030">
        <ele>1809.6</ele>
      </trkpt>
      <trkpt lat="43.2277780" lon="-4.9654440">
        <ele>1808.2</ele>
      </trkpt>
      <trkpt lat="43.2276710" lon="-4.9655300">
        <ele>1807.6</ele>
      </trkpt>
      <trkpt lat="43.2274630" lon="-4.9656000">
        <ele>1806.5</ele>
      </trkpt>
      <trkpt lat="43.2274440" lon="-4.9657950">
        <ele>1805.8</ele>
      </trkpt>
      <trkpt lat="43.2274770" lon="-4.9660070">
        <ele>1805.0</ele>
      </trkpt>
      <trkpt lat="43.2276900" lon="-4.9662110">
        <ele>1804.4</ele>
      </trkpt>
      <trkpt lat="43.2277470" lon="-4.9663040">
        <ele>1804.5</ele>
      </trkpt>
      <trkpt lat="43.2280070" lon="-4.9664200">
        <ele>1804.5</ele>
      </trkpt>
      <trkpt lat="43.2280250" lon="-4.9666170">
        <ele>1804.5</ele>
      </trkpt>
      <trkpt lat="43.2279980" lon="-4.9670770">
        <ele>1804.6</ele>
      </trkpt>
      <trkpt lat="43.2279530" lon="-4.9673390">
        <ele>1804.6</ele>
      </trkpt>
      <trkpt lat="43.2280180" lon="-4.9676020">
        <ele>1804.7</ele>
      </trkpt>
      <trkpt lat="43.2280260" lon="-4.9677620">
        <ele>1804.7</ele>
      </trkpt>
      <trkpt lat="43.2277810" lon="-4.9686880">
        <ele>1801.4</ele>
      </trkpt>
      <trkpt lat="43.2277950" lon="-4.9692960">
        <ele>1798.0</ele>
      </trkpt>
      <trkpt lat="43.2279160" lon="-4.9694530">
        <ele>1796.6</ele>
      </trkpt>
      <trkpt lat="43.2282920" lon="-4.9701210">
        <ele>1791.8</ele>
      </trkpt>
      <trkpt lat="43.2282750" lon="-4.9702410">
        <ele>1791.1</ele>
      </trkpt>
      <trkpt lat="43.2284700" lon="-4.9706910">
        <ele>1788.0</ele>
      </trkpt>
      <trkpt lat="43.2283320" lon="-4.9709470">
        <ele>1786.1</ele>
      </trkpt>
      <trkpt lat="43.2283720" lon="-4.9714020">
        <ele>1783.5</ele>
      </trkpt>
      <trkpt lat="43.2284240" lon="-4.9717490">
        <ele>1781.4</ele>
      </trkpt>
      <trkpt lat="43.2285390" lon="-4.9722750">
        <ele>1778.1</ele>
      </trkpt>
      <trkpt lat="43.2287520" lon="-4.9725840">
        <ele>1775.5</ele>
      </trkpt>
      <trkpt lat="43.2287910" lon="-4.9728620">
        <ele>1773.1</ele>
      </trkpt>
      <trkpt lat="43.2287840" lon="-4.9734220">
        <ele>1768.4</ele>
      </trkpt>
      <trkpt lat="43.2288330" lon="-4.9736150">
        <ele>1766.7</ele>
      </trkpt>
      <trkpt lat="43.2289050" lon="-4.9737870">
        <ele>1765.0</ele>
      </trkpt>
      <trkpt lat="43.2291490" lon="-4.9738060">
        <ele>1762.2</ele>
      </trkpt>
      <trkpt lat="43.2292940" lon="-4.9737100">
        <ele>1760.4</ele>
      </trkpt>
      <trkpt lat="43.2295960" lon="-4.9738690">
        <ele>1756.7</ele>
      </trkpt>
      <trkpt lat="43.2295680" lon="-4.9743550">
        <ele>1754.7</ele>
      </trkpt>
      <trkpt lat="43.2296510" lon="-4.9744430">
        <ele>1754.4</ele>
      </trkpt>
      <trkpt lat="43.2297060" lon="-4.9746050">
        <ele>1754.0</ele>
      </trkpt>
      <trkpt lat="43.2295920" lon="-4.9746830">
        <ele>1753.7</ele>
      </trkpt>
      <trkpt lat="43.2295780" lon="-4.9748240">
        <ele>1753.4</ele>
      </trkpt>
      <trkpt lat="43.2295930" lon="-4.9750910">
        <ele>1752.8</ele>
      </trkpt>
      <trkpt lat="43.2295330" lon="-4.9753350">
        <ele>1752.2</ele>
      </trkpt>
      <trkpt lat="43.2293570" lon="-4.9755020">
        <ele>1751.6</ele>
      </trkpt>
      <trkpt lat="43.2292200" lon="-4.9758380">
        <ele>1750.8</ele>
      </trkpt>
      <trkpt lat="43.2295230" lon="-4.9763490">
        <ele>1749.7</ele>
      </trkpt>
      <trkpt lat="43.2297250" lon="-4.9768300">
        <ele>1749.0</ele>
      </trkpt>
      <trkpt lat="43.2297230" lon="-4.9770350">
        <ele>1748.7</ele>
      </trkpt>
      <trkpt lat="43.2297640" lon="-4.9774580">
        <ele>1748.2</ele>
      </trkpt>
      <trkpt lat="43.2297450" lon="-4.9777860">
        <ele>1747.7</ele>
      </trkpt>
      <trkpt lat="43.2295290" lon="-4.9779290">
        <ele>1747.3</ele>
      </trkpt>
      <trkpt lat="43.2295370" lon="-4.9781490">
        <ele>1747.0</ele>
      </trkpt>
      <trkpt lat="43.2294190" lon="-4.9782220">
        <ele>1746.1</ele>
      </trkpt>
      <trkpt lat="43.2294330" lon="-4.9790300">
        <ele>1741.4</ele>
      </trkpt>
      <trkpt lat="43.2295230" lon="-4.9791870">
        <ele>1740.2</ele>
      </trkpt>
      <trkpt lat="43.2295700" lon="-4.9794390">
        <ele>1738.7</ele>
      </trkpt>
      <trkpt lat="43.2296870" lon="-4.9796670">
        <ele>1737.1</ele>
      </trkpt>
      <trkpt lat="43.2297540" lon="-4.9799710">
        <ele>1735.2</ele>
      </trkpt>
      <trkpt lat="43.2298590" lon="-4.9801450">
        <ele>1733.9</ele>
      </trkpt>
      <trkpt lat="43.2300020" lon="-4.9807300">
        <ele>1727.6</ele>
      </trkpt>
      <trkpt lat="43.2301990" lon="-4.9810160">
        <ele>1722.5</ele>
      </trkpt>
      <trkpt lat="43.2304040" lon="-4.9814120">
        <ele>1716.2</ele>
      </trkpt>
      <trkpt lat="43.2306770" lon="-4.9817470">
        <ele>1709.7</ele>
      </trkpt>
      <trkpt lat="43.2307110" lon="-4.9818450">
        <ele>1708.3</ele>
      </trkpt>
      <trkpt lat="43.2310570" lon="-4.9823080">
        <ele>1699.4</ele>
      </trkpt>
      <trkpt lat="43.2313060" lon="-4.9825140">
        <ele>1691.7</ele>
      </trkpt>
      <trkpt lat="43.2313450" lon="-4.9826400">
        <ele>1689.1</ele>
      </trkpt>
      <trkpt lat="43.2314360" lon="-4.9827570">
        <ele>1685.8</ele>
      </trkpt>
      <trkpt lat="43.2315550" lon="-4.9828040">
        <ele>1682.5</ele>
      </trkpt>
      <trkpt lat="43.2316340" lon="-4.9829890">
        <ele>1678.4</ele>
      </trkpt>
      <trkpt lat="43.2317410" lon="-4.9830230">
        <ele>1675.5</ele>
      </trkpt>
      <trkpt lat="43.2317550" lon="-4.9832010">
        <ele>1672.1</ele>
      </trkpt>
      <trkpt lat="43.2318370" lon="-4.9833960">
        <ele>1667.7</ele>
      </trkpt>
      <trkpt lat="43.2318900" lon="-4.9834340">
        <ele>1666.2</ele>
      </trkpt>
      <trkpt lat="43.2319790" lon="-4.9836530">
        <ele>1661.3</ele>
      </trkpt>
      <trkpt lat="43.2320560" lon="-4.9837620">
        <ele>1658.4</ele>
      </trkpt>
      <trkpt lat="43.2321990" lon="-4.9838840">
        <ele>1654.0</ele>
      </trkpt>
      <trkpt lat="43.2323660" lon="-4.9839100">
        <ele>1649.5</ele>
      </trkpt>
      <trkpt lat="43.2326410" lon="-4.9841950">
        <ele>1640.4</ele>
      </trkpt>
      <trkpt lat="43.2327140" lon="-4.9844320">
        <ele>1635.4</ele>
      </trkpt>
      <trkpt lat="43.2329190" lon="-4.9845770">
        <ele>1629.2</ele>
      </trkpt>
      <trkpt lat="43.2331750" lon="-4.9846850">
        <ele>1622.1</ele>
      </trkpt>
      <trkpt lat="43.2332450" lon="-4.9849260">
        <ele>1617.1</ele>
      </trkpt>
      <trkpt lat="43.2333610" lon="-4.9851130">
        <ele>1612.3</ele>
      </trkpt>
      <trkpt lat="43.2334160" lon="-4.9853690">
        <ele>1607.2</ele>
      </trkpt>
      <trkpt lat="43.2334560" lon="-4.9854510">
        <ele>1605.3</ele>
      </trkpt>
      <trkpt lat="43.2334970" lon="-4.9857850">
        <ele>1599.2</ele>
      </trkpt>
      <trkpt lat="43.2336500" lon="-4.9862270">
        <ele>1590.6</ele>
      </trkpt>
      <trkpt lat="43.2336580" lon="-4.9869970">
        <ele>1576.9</ele>
      </trkpt>
      <trkpt lat="43.2338970" lon="-4.9877370">
        <ele>1562.5</ele>
      </trkpt>
      <trkpt lat="43.2342360" lon="-4.9883260">
        <ele>1551.8</ele>
      </trkpt>
      <trkpt lat="43.2341740" lon="-4.9886660">
        <ele>1546.8</ele>
      </trkpt>
      <trkpt lat="43.2341610" lon="-4.9889690">
        <ele>1542.5</ele>
      </trkpt>
      <trkpt lat="43.2342120" lon="-4.9892370">
        <ele>1538.6</ele>
      </trkpt>
      <trkpt lat="43.2337290" lon="-4.9899340">
        <ele>1525.3</ele>
      </trkpt>
      <trkpt lat="43.2334520" lon="-4.9902850">
        <ele>1519.1</ele>
      </trkpt>
      <trkpt lat="43.2334630" lon="-4.9905320">
        <ele>1516.1</ele>
      </trkpt>
      <trkpt lat="43.2333570" lon="-4.9908320">
        <ele>1512.1</ele>
      </trkpt>
      <trkpt lat="43.2329590" lon="-4.9916700">
        <ele>1500.0</ele>
      </trkpt>
      <trkpt lat="43.2329820" lon="-4.9917760">
        <ele>1498.7</ele>
      </trkpt>
      <trkpt lat="43.2330970" lon="-4.9917780">
        <ele>1496.9</ele>
      </trkpt>
      <trkpt lat="43.2331230" lon="-4.9918290">
        <ele>1496.3</ele>
      </trkpt>
      <trkpt lat="43.2331930" lon="-4.9918650">
        <ele>1495.5</ele>
      </trkpt>
      <trkpt lat="43.2333080" lon="-4.9918610">
        <ele>1494.1</ele>
      </trkpt>
      <trkpt lat="43.2336270" lon="-4.9921300">
        <ele>1489.7</ele>
      </trkpt>
      <trkpt lat="43.2336820" lon="-4.9921460">
        <ele>1489.0</ele>
      </trkpt>
      <trkpt lat="43.2337360" lon="-4.9922230">
        <ele>1488.1</ele>
      </trkpt>
      <trkpt lat="43.2337400" lon="-4.9924480">
        <ele>1486.2</ele>
      </trkpt>
      <trkpt lat="43.2337600" lon="-4.9925090">
        <ele>1485.6</ele>
      </trkpt>
      <trkpt lat="43.2339870" lon="-4.9925950">
        <ele>1482.8</ele>
      </trkpt>
      <trkpt lat="43.2340890" lon="-4.9925690">
        <ele>1481.6</ele>
      </trkpt>
      <trkpt lat="43.2343550" lon="-4.9926060">
        <ele>1478.5</ele>
      </trkpt>
      <trkpt lat="43.2343540" lon="-4.9927990">
        <ele>1476.8</ele>
      </trkpt>
      <trkpt lat="43.2343550" lon="-4.9926060">
        <ele>1476.8</ele>
      </trkpt>
      <trkpt lat="43.2340890" lon="-4.9925690">
        <ele>1480.9</ele>
      </trkpt>
      <trkpt lat="43.2339870" lon="-4.9925950">
        <ele>1482.5</ele>
      </trkpt>
      <trkpt lat="43.2337600" lon="-4.9925090">
        <ele>1486.1</ele>
      </trkpt>
      <trkpt lat="43.2337400" lon="-4.9924480">
        <ele>1486.8</ele>
      </trkpt>
      <trkpt lat="43.2337360" lon="-4.9922230">
        <ele>1489.3</ele>
      </trkpt>
      <trkpt lat="43.2336820" lon="-4.9921460">
        <ele>1490.5</ele>
      </trkpt>
      <trkpt lat="43.2336270" lon="-4.9921300">
        <ele>1491.4</ele>
      </trkpt>
      <trkpt lat="43.2333080" lon="-4.9918610">
        <ele>1497.1</ele>
      </trkpt>
      <trkpt lat="43.2331930" lon="-4.9918650">
        <ele>1498.9</ele>
      </trkpt>
      <trkpt lat="43.2331230" lon="-4.9918290">
        <ele>1500.0</ele>
      </trkpt>
      <trkpt lat="43.2330970" lon="-4.9917780">
        <ele>1500.7</ele>
      </trkpt>
      <trkpt lat="43.2329820" lon="-4.9917760">
        <ele>1502.5</ele>
      </trkpt>
      <trkpt lat="43.2328590" lon="-4.9917550">
        <ele>1504.7</ele>
      </trkpt>
      <trkpt lat="43.2326740" lon="-4.9916700">
        <ele>1508.7</ele>
      </trkpt>
      <trkpt lat="43.2326350" lon="-4.9917330">
        <ele>1510.0</ele>
      </trkpt>
      <trkpt lat="43.2322920" lon="-4.9914750">
        <ele>1518.0</ele>
      </trkpt>
      <trkpt lat="43.2316400" lon="-4.9911820">
        <ele>1532.1</ele>
      </trkpt>
      <trkpt lat="43.2313530" lon="-4.9912140">
        <ele>1538.0</ele>
      </trkpt>
      <trkpt lat="43.2306480" lon="-4.9907850">
        <ele>1555.7</ele>
      </trkpt>
      <trkpt lat="43.2303080" lon="-4.9905780">
        <ele>1564.4</ele>
      </trkpt>
      <trkpt lat="43.2301070" lon="-4.9903840">
        <ele>1570.2</ele>
      </trkpt>
      <trkpt lat="43.2299810" lon="-4.9901530">
        <ele>1575.1</ele>
      </trkpt>
      <trkpt lat="43.2291920" lon="-4.9895750">
        <ele>1599.1</ele>
      </trkpt>
      <trkpt lat="43.2291420" lon="-4.9894860">
        <ele>1601.4</ele>
      </trkpt>
      <trkpt lat="43.2289320" lon="-4.9893780">
        <ele>1607.9</ele>
      </trkpt>
      <trkpt lat="43.2287860" lon="-4.9892670">
        <ele>1612.7</ele>
      </trkpt>
      <trkpt lat="43.2285470" lon="-4.9891720">
        <ele>1619.8</ele>
      </trkpt>
      <trkpt lat="43.2284600" lon="-4.9890750">
        <ele>1623.0</ele>
      </trkpt>
      <trkpt lat="43.2282830" lon="-4.9887210">
        <ele>1632.0</ele>
      </trkpt>
      <trkpt lat="43.2281290" lon="-4.9887410">
        <ele>1636.2</ele>
      </trkpt>
      <trkpt lat="43.2276800" lon="-4.9883700">
        <ele>1649.7</ele>
      </trkpt>
      <trkpt lat="43.2275450" lon="-4.9881790">
        <ele>1654.7</ele>
      </trkpt>
      <trkpt lat="43.2274100" lon="-4.9880850">
        <ele>1658.6</ele>
      </trkpt>
      <trkpt lat="43.2272890" lon="-4.9879360">
        <ele>1662.7</ele>
      </trkpt>
      <trkpt lat="43.2271660" lon="-4.9878960">
        <ele>1666.0</ele>
      </trkpt>
      <trkpt lat="43.2269980" lon="-4.9877770">
        <ele>1670.8</ele>
      </trkpt>
      <trkpt lat="43.2268150" lon="-4.9878340">
        <ele>1675.7</ele>
      </trkpt>
      <trkpt lat="43.2267130" lon="-4.9878190">
        <ele>1678.3</ele>
      </trkpt>
      <trkpt lat="43.2266340" lon="-4.9877570">
        <ele>1680.6</ele>
      </trkpt>
      <trkpt lat="43.2265530" lon="-4.9876680">
        <ele>1682.5</ele>
      </trkpt>
      <trkpt lat="43.2265170" lon="-4.9874260">
        <ele>1686.0</ele>
      </trkpt>
      <trkpt lat="43.2264340" lon="-4.9873490">
        <ele>1687.9</ele>
      </trkpt>
      <trkpt lat="43.2263470" lon="-4.9873340">
        <ele>1689.6</ele>
      </trkpt>
      <trkpt lat="43.2262680" lon="-4.9873910">
        <ele>1691.3</ele>
      </trkpt>
      <trkpt lat="43.2262050" lon="-4.9874000">
        <ele>1692.5</ele>
      </trkpt>
      <trkpt lat="43.2261330" lon="-4.9875430">
        <ele>1695.0</ele>
      </trkpt>
      <trkpt lat="43.2260990" lon="-4.9874830">
        <ele>1696.0</ele>
      </trkpt>
      <trkpt lat="43.2260830" lon="-4.9873510">
        <ele>1697.9</ele>
      </trkpt>
      <trkpt lat="43.2261010" lon="-4.9872340">
        <ele>1699.6</ele>
      </trkpt>
      <trkpt lat="43.2260370" lon="-4.9870570">
        <ele>1702.3</ele>
      </trkpt>
      <trkpt lat="43.2260320" lon="-4.9868560">
        <ele>1705.1</ele>
      </trkpt>
      <trkpt lat="43.2258750" lon="-4.9863390">
        <ele>1712.9</ele>
      </trkpt>
      <trkpt lat="43.2256770" lon="-4.9861590">
        <ele>1719.0</ele>
      </trkpt>
      <trkpt lat="43.2255490" lon="-4.9861600">
        <ele>1722.8</ele>
      </trkpt>
      <trkpt lat="43.2253830" lon="-4.9861600">
        <ele>1727.8</ele>
      </trkpt>
      <trkpt lat="43.2252610" lon="-4.9861940">
        <ele>1731.5</ele>
      </trkpt>
      <trkpt lat="43.2250250" lon="-4.9861230">
        <ele>1738.7</ele>
      </trkpt>
      <trkpt lat="43.2249690" lon="-4.9860620">
        <ele>1740.8</ele>
      </trkpt>
      <trkpt lat="43.2249270" lon="-4.9861800">
        <ele>1743.7</ele>
      </trkpt>
      <trkpt lat="43.2248630" lon="-4.9862070">
        <ele>1745.7</ele>
      </trkpt>
      <trkpt lat="43.2246610" lon="-4.9861670">
        <ele>1751.8</ele>
      </trkpt>
      <trkpt lat="43.2246160" lon="-4.9862370">
        <ele>1753.8</ele>
      </trkpt>
      <trkpt lat="43.2245300" lon="-4.9862620">
        <ele>1756.4</ele>
      </trkpt>
      <trkpt lat="43.2243200" lon="-4.9861430">
        <ele>1763.2</ele>
      </trkpt>
      <trkpt lat="43.2242500" lon="-4.9861450">
        <ele>1765.3</ele>
      </trkpt>
      <trkpt lat="43.2242120" lon="-4.9861670">
        <ele>1766.5</ele>
      </trkpt>
      <trkpt lat="43.2242140" lon="-4.9862490">
        <ele>1768.3</ele>
      </trkpt>
      <trkpt lat="43.2241870" lon="-4.9862790">
        <ele>1769.3</ele>
      </trkpt>
      <trkpt lat="43.2241040" lon="-4.9862110">
        <ele>1772.0</ele>
      </trkpt>
      <trkpt lat="43.2240630" lon="-4.9860730">
        <ele>1775.1</ele>
      </trkpt>
      <trkpt lat="43.2240000" lon="-4.9859910">
        <ele>1777.6</ele>
      </trkpt>
      <trkpt lat="43.2238130" lon="-4.9858750">
        <ele>1783.4</ele>
      </trkpt>
      <trkpt lat="43.2238220" lon="-4.9857560">
        <ele>1785.9</ele>
      </trkpt>
      <trkpt lat="43.2238510" lon="-4.9857140">
        <ele>1787.1</ele>
      </trkpt>
      <trkpt lat="43.2238270" lon="-4.9856840">
        <ele>1788.0</ele>
      </trkpt>
      <trkpt lat="43.2236420" lon="-4.9857080">
        <ele>1793.3</ele>
      </trkpt>
      <trkpt lat="43.2235610" lon="-4.9857670">
        <ele>1795.9</ele>
      </trkpt>
      <trkpt lat="43.2235280" lon="-4.9858290">
        <ele>1797.5</ele>
      </trkpt>
      <trkpt lat="43.2235520" lon="-4.9859870">
        <ele>1800.9</ele>
      </trkpt>
      <trkpt lat="43.2235270" lon="-4.9859870">
        <ele>1801.6</ele>
      </trkpt>
      <trkpt lat="43.2234120" lon="-4.9858380">
        <ele>1806.1</ele>
      </trkpt>
      <trkpt lat="43.2233480" lon="-4.9856280">
        <ele>1810.8</ele>
      </trkpt>
      <trkpt lat="43.2233880" lon="-4.9855010">
        <ele>1813.7</ele>
      </trkpt>
      <trkpt lat="43.2235230" lon="-4.9853300">
        <ele>1818.9</ele>
      </trkpt>
      <trkpt lat="43.2235320" lon="-4.9852610">
        <ele>1820.0</ele>
      </trkpt>
      <trkpt lat="43.2234930" lon="-4.9851140">
        <ele>1821.9</ele>
      </trkpt>
      <trkpt lat="43.2235040" lon="-4.9850330">
        <ele>1822.9</ele>
      </trkpt>
      <trkpt lat="43.2234930" lon="-4.9850060">
        <ele>1823.2</ele>
      </trkpt>
      <trkpt lat="43.2234180" lon="-4.9850210">
        <ele>1824.5</ele>
      </trkpt>
      <trkpt lat="43.2233980" lon="-4.9851380">
        <ele>1825.9</ele>
      </trkpt>
      <trkpt lat="43.2232650" lon="-4.9852970">
        <ele>1828.8</ele>
      </trkpt>
      <trkpt lat="43.2232650" lon="-4.9848560">
        <ele>1834.1</ele>
      </trkpt>
      <trkpt lat="43.2232500" lon="-4.9848160">
        <ele>1834.6</ele>
      </trkpt>
      <trkpt lat="43.2230130" lon="-4.9850960">
        <ele>1839.8</ele>
      </trkpt>
      <trkpt lat="43.2229280" lon="-4.9851480">
        <ele>1841.3</ele>
      </trkpt>
      <trkpt lat="43.2227510" lon="-4.9850800">
        <ele>1844.3</ele>
      </trkpt>
      <trkpt lat="43.2226050" lon="-4.9851130">
        <ele>1846.7</ele>
      </trkpt>
      <trkpt lat="43.2225920" lon="-4.9851430">
        <ele>1847.1</ele>
      </trkpt>
      <trkpt lat="43.2225680" lon="-4.9852780">
        <ele>1848.8</ele>
      </trkpt>
      <trkpt lat="43.2226080" lon="-4.9854510">
        <ele>1850.4</ele>
      </trkpt>
      <trkpt lat="43.2226490" lon="-4.9855060">
        <ele>1851.1</ele>
      </trkpt>
      <trkpt lat="43.2226430" lon="-4.9857260">
        <ele>1852.9</ele>
      </trkpt>
      <trkpt lat="43.2226060" lon="-4.9859810">
        <ele>1855.1</ele>
      </trkpt>
      <trkpt lat="43.2226260" lon="-4.9860950">
        <ele>1856.1</ele>
      </trkpt>
      <trkpt lat="43.2225940" lon="-4.9861700">
        <ele>1856.8</ele>
      </trkpt>
      <trkpt lat="43.2225850" lon="-4.9862760">
        <ele>1857.7</ele>
      </trkpt>
      <trkpt lat="43.2226450" lon="-4.9863070">
        <ele>1858.5</ele>
      </trkpt>
      <trkpt lat="43.2225340" lon="-4.9863800">
        <ele>1859.9</ele>
      </trkpt>
      <trkpt lat="43.2224070" lon="-4.9865430">
        <ele>1861.9</ele>
      </trkpt>
      <trkpt lat="43.2223030" lon="-4.9868960">
        <ele>1865.1</ele>
      </trkpt>
      <trkpt lat="43.2222770" lon="-4.9870130">
        <ele>1866.1</ele>
      </trkpt>
      <trkpt lat="43.2222650" lon="-4.9872440">
        <ele>1868.1</ele>
      </trkpt>
      <trkpt lat="43.2221410" lon="-4.9875320">
        <ele>1871.1</ele>
      </trkpt>
      <trkpt lat="43.2221690" lon="-4.9877080">
        <ele>1872.9</ele>
      </trkpt>
      <trkpt lat="43.2220810" lon="-4.9881710">
        <ele>1877.6</ele>
      </trkpt>
      <trkpt lat="43.2220180" lon="-4.9882920">
        <ele>1879.1</ele>
      </trkpt>
      <trkpt lat="43.2219900" lon="-4.9884490">
        <ele>1880.7</ele>
      </trkpt>
      <trkpt lat="43.2218840" lon="-4.9886560">
        <ele>1883.2</ele>
      </trkpt>
      <trkpt lat="43.2218850" lon="-4.9887500">
        <ele>1884.1</ele>
      </trkpt>
      <trkpt lat="43.2219440" lon="-4.9888050">
        <ele>1885.1</ele>
      </trkpt>
      <trkpt lat="43.2219470" lon="-4.9888360">
        <ele>1885.4</ele>
      </trkpt>
      <trkpt lat="43.2218230" lon="-4.9888190">
        <ele>1887.1</ele>
      </trkpt>
      <trkpt lat="43.2216970" lon="-4.9886730">
        <ele>1889.3</ele>
      </trkpt>
      <trkpt lat="43.2216710" lon="-4.9886860">
        <ele>1889.7</ele>
      </trkpt>
      <trkpt lat="43.2216980" lon="-4.9888470">
        <ele>1891.3</ele>
      </trkpt>
      <trkpt lat="43.2217700" lon="-4.9889530">
        <ele>1892.8</ele>
      </trkpt>
      <trkpt lat="43.2217720" lon="-4.9890140">
        <ele>1893.4</ele>
      </trkpt>
      <trkpt lat="43.2217310" lon="-4.9890400">
        <ele>1894.0</ele>
      </trkpt>
      <trkpt lat="43.2216720" lon="-4.9889870">
        <ele>1895.3</ele>
      </trkpt>
      <trkpt lat="43.2217090" lon="-4.9892080">
        <ele>1898.9</ele>
      </trkpt>
      <trkpt lat="43.2215950" lon="-4.9891620">
        <ele>1901.4</ele>
      </trkpt>
      <trkpt lat="43.2215940" lon="-4.9892570">
        <ele>1902.9</ele>
      </trkpt>
      <trkpt lat="43.2215670" lon="-4.9892680">
        <ele>1903.5</ele>
      </trkpt>
      <trkpt lat="43.2215290" lon="-4.9892500">
        <ele>1904.4</ele>
      </trkpt>
      <trkpt lat="43.2215010" lon="-4.9891130">
        <ele>1906.6</ele>
      </trkpt>
      <trkpt lat="43.2213920" lon="-4.9889600">
        <ele>1910.0</ele>
      </trkpt>
      <trkpt lat="43.2212710" lon="-4.9889110">
        <ele>1912.7</ele>
      </trkpt>
      <trkpt lat="43.2210640" lon="-4.9887500">
        <ele>1917.8</ele>
      </trkpt>
      <trkpt lat="43.2210670" lon="-4.9886510">
        <ele>1919.4</ele>
      </trkpt>
      <trkpt lat="43.2207720" lon="-4.9886630">
        <ele>1925.8</ele>
      </trkpt>
      <trkpt lat="43.2207430" lon="-4.9886340">
        <ele>1926.5</ele>
      </trkpt>
      <trkpt lat="43.2207580" lon="-4.9885790">
        <ele>1927.4</ele>
      </trkpt>
      <trkpt lat="43.2208440" lon="-4.9884790">
        <ele>1929.9</ele>
      </trkpt>
      <trkpt lat="43.2208290" lon="-4.9884570">
        <ele>1930.3</ele>
      </trkpt>
      <trkpt lat="43.2206930" lon="-4.9884150">
        <ele>1933.4</ele>
      </trkpt>
      <trkpt lat="43.2204520" lon="-4.9885990">
        <ele>1940.2</ele>
      </trkpt>
      <trkpt lat="43.2204310" lon="-4.9885920">
        <ele>1940.7</ele>
      </trkpt>
      <trkpt lat="43.2205230" lon="-4.9882920">
        <ele>1946.6</ele>
      </trkpt>
      <trkpt lat="43.2205250" lon="-4.9882180">
        <ele>1947.9</ele>
      </trkpt>
      <trkpt lat="43.2204920" lon="-4.9881520">
        <ele>1949.4</ele>
      </trkpt>
      <trkpt lat="43.2204410" lon="-4.9878950">
        <ele>1954.2</ele>
      </trkpt>
      <trkpt lat="43.2202650" lon="-4.9875680">
        <ele>1961.5</ele>
      </trkpt>
      <trkpt lat="43.2202360" lon="-4.9876140">
        <ele>1962.6</ele>
      </trkpt>
      <trkpt lat="43.2201990" lon="-4.9874960">
        <ele>1964.9</ele>
      </trkpt>
      <trkpt lat="43.2201660" lon="-4.9875880">
        <ele>1966.7</ele>
      </trkpt>
      <trkpt lat="43.2200970" lon="-4.9874940">
        <ele>1969.1</ele>
      </trkpt>
      <trkpt lat="43.2201000" lon="-4.9873350">
        <ele>1972.0</ele>
      </trkpt>
      <trkpt lat="43.2200820" lon="-4.9873090">
        <ele>1972.6</ele>
      </trkpt>
      <trkpt lat="43.2199320" lon="-4.9874620">
        <ele>1977.2</ele>
      </trkpt>
      <trkpt lat="43.2199350" lon="-4.9873130">
        <ele>1980.0</ele>
      </trkpt>
      <trkpt lat="43.2199610" lon="-4.9872570">
        <ele>1981.2</ele>
      </trkpt>
      <trkpt lat="43.2199460" lon="-4.9872340">
        <ele>1981.8</ele>
      </trkpt>
      <trkpt lat="43.2198280" lon="-4.9873940">
        <ele>1986.0</ele>
      </trkpt>
      <trkpt lat="43.2197280" lon="-4.9874790">
        <ele>1989.0</ele>
      </trkpt>
      <trkpt lat="43.2193330" lon="-4.9874060">
        <ele>1999.0</ele>
      </trkpt>
      <trkpt lat="43.2190940" lon="-4.9875250">
        <ele>2005.5</ele>
      </trkpt>
      <trkpt lat="43.2188130" lon="-4.9875250">
        <ele>2012.6</ele>
      </trkpt>
      <trkpt lat="43.2186510" lon="-4.9875870">
        <ele>2016.9</ele>
      </trkpt>
      <trkpt lat="43.2187410" lon="-4.9872550">
        <ele>2023.4</ele>
      </trkpt>
      <trkpt lat="43.2186510" lon="-4.9872650">
        <ele>2025.4</ele>
      </trkpt>
      <trkpt lat="43.2184100" lon="-4.9874550">
        <ele>2031.7</ele>
      </trkpt>
      <trkpt lat="43.2183910" lon="-4.9874360">
        <ele>2032.2</ele>
      </trkpt>
      <trkpt lat="43.2184800" lon="-4.9869750">
        <ele>2040.0</ele>
      </trkpt>
      <trkpt lat="43.2183480" lon="-4.9870860">
        <ele>2043.5</ele>
      </trkpt>
      <trkpt lat="43.2182920" lon="-4.9870950">
        <ele>2044.8</ele>
      </trkpt>
      <trkpt lat="43.2183530" lon="-4.9867330">
        <ele>2050.9</ele>
      </trkpt>
      <trkpt lat="43.2183440" lon="-4.9866700">
        <ele>2052.0</ele>
      </trkpt>
      <trkpt lat="43.2181190" lon="-4.9868140">
        <ele>2057.6</ele>
      </trkpt>
      <trkpt lat="43.2179320" lon="-4.9868860">
        <ele>2062.0</ele>
      </trkpt>
      <trkpt lat="43.2178660" lon="-4.9869630">
        <ele>2063.7</ele>
      </trkpt>
      <trkpt lat="43.2178590" lon="-4.9870250">
        <ele>2064.2</ele>
      </trkpt>
      <trkpt lat="43.2178250" lon="-4.9870390">
        <ele>2064.5</ele>
      </trkpt>
      <trkpt lat="43.2177490" lon="-4.9867870">
        <ele>2066.4</ele>
      </trkpt>
      <trkpt lat="43.2177530" lon="-4.9867150">
        <ele>2066.9</ele>
      </trkpt>
      <trkpt lat="43.2178930" lon="-4.9864130">
        <ele>2069.5</ele>
      </trkpt>
      <trkpt lat="43.2179810" lon="-4.9861320">
        <ele>2071.6</ele>
      </trkpt>
      <trkpt lat="43.2176020" lon="-4.9862730">
        <ele>2075.4</ele>
      </trkpt>
      <trkpt lat="43.2175270" lon="-4.9863300">
        <ele>2076.2</ele>
      </trkpt>
      <trkpt lat="43.2173240" lon="-4.9865870">
        <ele>2078.9</ele>
      </trkpt>
      <trkpt lat="43.2171730" lon="-4.9867110">
        <ele>2080.6</ele>
      </trkpt>
      <trkpt lat="43.2169830" lon="-4.9867580">
        <ele>2081.7</ele>
      </trkpt>
      <trkpt lat="43.2168390" lon="-4.9867240">
        <ele>2082.4</ele>
      </trkpt>
      <trkpt lat="43.2167710" lon="-4.9866700">
        <ele>2082.7</ele>
      </trkpt>
      <trkpt lat="43.2167110" lon="-4.9863590">
        <ele>2083.8</ele>
      </trkpt>
      <trkpt lat="43.2166530" lon="-4.9862160">
        <ele>2084.4</ele>
      </trkpt>
      <trkpt lat="43.2165770" lon="-4.9860280">
        <ele>2085.1</ele>
      </trkpt>
      <trkpt lat="43.2165200" lon="-4.9857670">
        <ele>2086.0</ele>
      </trkpt>
      <trkpt lat="43.2165190" lon="-4.9857090">
        <ele>2086.2</ele>
      </trkpt>
      <trkpt lat="43.2165550" lon="-4.9856170">
        <ele>2086.6</ele>
      </trkpt>
      <trkpt lat="43.2165500" lon="-4.9854090">
        <ele>2087.3</ele>
      </trkpt>
      <trkpt lat="43.2165550" lon="-4.9856170">
        <ele>2088.0</ele>
      </trkpt>
      <trkpt lat="43.2165500" lon="-4.9854090">
        <ele>2088.7</ele>
      </trkpt>
      <trkpt lat="43.2164670" lon="-4.9852710">
        <ele>2089.3</ele>
      </trkpt>
      <trkpt lat="43.2162820" lon="-4.9850660">
        <ele>2090.3</ele>
      </trkpt>
      <trkpt lat="43.2161030" lon="-4.9850260">
        <ele>2091.0</ele>
      </trkpt>
      <trkpt lat="43.2159910" lon="-4.9849040">
        <ele>2091.6</ele>
      </trkpt>
      <trkpt lat="43.2159590" lon="-4.9847580">
        <ele>2092.1</ele>
      </trkpt>
      <trkpt lat="43.2159800" lon="-4.9846190">
        <ele>2092.5</ele>
      </trkpt>
      <trkpt lat="43.2159320" lon="-4.9844680">
        <ele>2093.0</ele>
      </trkpt>
      <trkpt lat="43.2156570" lon="-4.9841310">
        <ele>2094.5</ele>
      </trkpt>
      <trkpt lat="43.2154780" lon="-4.9840430">
        <ele>2095.2</ele>
      </trkpt>
      <trkpt lat="43.2152880" lon="-4.9840490">
        <ele>2096.0</ele>
      </trkpt>
      <trkpt lat="43.2152110" lon="-4.9841530">
        <ele>2096.4</ele>
      </trkpt>
      <trkpt lat="43.2151790" lon="-4.9843540">
        <ele>2096.6</ele>
      </trkpt>
      <trkpt lat="43.2150770" lon="-4.9845380">
        <ele>2096.4</ele>
      </trkpt>
      <trkpt lat="43.2150060" lon="-4.9846030">
        <ele>2096.4</ele>
      </trkpt>
      <trkpt lat="43.2146150" lon="-4.9847680">
        <ele>2096.1</ele>
      </trkpt>
      <trkpt lat="43.2145000" lon="-4.9846820">
        <ele>2096.0</ele>
      </trkpt>
      <trkpt lat="43.2144080" lon="-4.9844840">
        <ele>2095.9</ele>
      </trkpt>
      <trkpt lat="43.2143560" lon="-4.9842740">
        <ele>2095.8</ele>
      </trkpt>
      <trkpt lat="43.2143570" lon="-4.9841080">
        <ele>2095.7</ele>
      </trkpt>
      <trkpt lat="43.2142980" lon="-4.9840080">
        <ele>2095.6</ele>
      </trkpt>
      <trkpt lat="43.2142650" lon="-4.9838670">
        <ele>2095.6</ele>
      </trkpt>
      <trkpt lat="43.2143080" lon="-4.9833040">
        <ele>2095.1</ele>
      </trkpt>
      <trkpt lat="43.2143350" lon="-4.9832220">
        <ele>2095.0</ele>
      </trkpt>
      <trkpt lat="43.2142900" lon="-4.9831400">
        <ele>2094.8</ele>
      </trkpt>
      <trkpt lat="43.2141780" lon="-4.9827500">
        <ele>2094.2</ele>
      </trkpt>
      <trkpt lat="43.2140060" lon="-4.9825470">
        <ele>2093.8</ele>
      </trkpt>
      <trkpt lat="43.2139700" lon="-4.9824820">
        <ele>2093.7</ele>
      </trkpt>
      <trkpt lat="43.2139350" lon="-4.9823030">
        <ele>2093.5</ele>
      </trkpt>
      <trkpt lat="43.2137040" lon="-4.9819940">
        <ele>2092.9</ele>
      </trkpt>
      <trkpt lat="43.2134010" lon="-4.9818470">
        <ele>2092.3</ele>
      </trkpt>
      <trkpt lat="43.2132590" lon="-4.9818960">
        <ele>2091.9</ele>
      </trkpt>
      <trkpt lat="43.2131410" lon="-4.9819860">
        <ele>2091.2</ele>
      </trkpt>
      <trkpt lat="43.2130580" lon="-4.9822950">
        <ele>2090.0</ele>
      </trkpt>
      <trkpt lat="43.2129810" lon="-4.9823600">
        <ele>2089.6</ele>
      </trkpt>
      <trkpt lat="43.2128620" lon="-4.9822540">
        <ele>2088.8</ele>
      </trkpt>
      <trkpt lat="43.2128260" lon="-4.9821240">
        <ele>2088.3</ele>
      </trkpt>
      <trkpt lat="43.2124650" lon="-4.9821650">
        <ele>2086.5</ele>
      </trkpt>
      <trkpt lat="43.2123640" lon="-4.9821240">
        <ele>2086.0</ele>
      </trkpt>
      <trkpt lat="43.2121840" lon="-4.9819540">
        <ele>2084.8</ele>
      </trkpt>
      <trkpt lat="43.2120180" lon="-4.9820750">
        <ele>2083.9</ele>
      </trkpt>
      <trkpt lat="43.2117280" lon="-4.9823550">
        <ele>2083.0</ele>
      </trkpt>
      <trkpt lat="43.2115850" lon="-4.9824860">
        <ele>2083.1</ele>
      </trkpt>
      <trkpt lat="43.2113850" lon="-4.9826170">
        <ele>2083.2</ele>
      </trkpt>
      <trkpt lat="43.2110490" lon="-4.9826180">
        <ele>2083.3</ele>
      </trkpt>
      <trkpt lat="43.2104760" lon="-4.9826990">
        <ele>2083.6</ele>
      </trkpt>
      <trkpt lat="43.2102090" lon="-4.9829840">
        <ele>2083.7</ele>
      </trkpt>
      <trkpt lat="43.2099890" lon="-4.9831220">
        <ele>2081.9</ele>
      </trkpt>
      <trkpt lat="43.2098930" lon="-4.9833090">
        <ele>2080.6</ele>
      </trkpt>
      <trkpt lat="43.2098380" lon="-4.9833630">
        <ele>2080.1</ele>
      </trkpt>
      <trkpt lat="43.2098210" lon="-4.9834110">
        <ele>2079.8</ele>
      </trkpt>
      <trkpt lat="43.2098380" lon="-4.9835080">
        <ele>2079.3</ele>
      </trkpt>
      <trkpt lat="43.2096460" lon="-4.9836350">
        <ele>2077.7</ele>
      </trkpt>
      <trkpt lat="43.2095980" lon="-4.9837390">
        <ele>2077.0</ele>
      </trkpt>
      <trkpt lat="43.2095350" lon="-4.9839450">
        <ele>2075.8</ele>
      </trkpt>
      <trkpt lat="43.2092540" lon="-4.9843580">
        <ele>2072.7</ele>
      </trkpt>
      <trkpt lat="43.2090350" lon="-4.9845920">
        <ele>2070.7</ele>
      </trkpt>
      <trkpt lat="43.2089100" lon="-4.9849240">
        <ele>2069.7</ele>
      </trkpt>
      <trkpt lat="43.2088320" lon="-4.9850400">
        <ele>2069.4</ele>
      </trkpt>
      <trkpt lat="43.2087180" lon="-4.9853590">
        <ele>2068.8</ele>
      </trkpt>
      <trkpt lat="43.2086240" lon="-4.9855520">
        <ele>2068.4</ele>
      </trkpt>
      <trkpt lat="43.2085680" lon="-4.9856060">
        <ele>2068.2</ele>
      </trkpt>
      <trkpt lat="43.2080680" lon="-4.9855930">
        <ele>2066.9</ele>
      </trkpt>
      <trkpt lat="43.2077550" lon="-4.9855160">
        <ele>2066.1</ele>
      </trkpt>
      <trkpt lat="43.2076390" lon="-4.9855270">
        <ele>2065.8</ele>
      </trkpt>
      <trkpt lat="43.2073290" lon="-4.9854800">
        <ele>2067.6</ele>
      </trkpt>
      <trkpt lat="43.2072750" lon="-4.9855010">
        <ele>2068.0</ele>
      </trkpt>
      <trkpt lat="43.2072030" lon="-4.9854660">
        <ele>2068.5</ele>
      </trkpt>
      <trkpt lat="43.2069980" lon="-4.9852620">
        <ele>2070.2</ele>
      </trkpt>
      <trkpt lat="43.2069220" lon="-4.9852270">
        <ele>2070.7</ele>
      </trkpt>
      <trkpt lat="43.2068960" lon="-4.9851650">
        <ele>2071.0</ele>
      </trkpt>
      <trkpt lat="43.2067340" lon="-4.9850540">
        <ele>2072.2</ele>
      </trkpt>
      <trkpt lat="43.2066630" lon="-4.9849840">
        <ele>2072.8</ele>
      </trkpt>
      <trkpt lat="43.2066360" lon="-4.9848970">
        <ele>2073.3</ele>
      </trkpt>
      <trkpt lat="43.2065970" lon="-4.9849400">
        <ele>2073.6</ele>
      </trkpt>
      <trkpt lat="43.2064050" lon="-4.9849580">
        <ele>2074.9</ele>
      </trkpt>
      <trkpt lat="43.2062470" lon="-4.9852110">
        <ele>2076.5</ele>
      </trkpt>
      <trkpt lat="43.2062110" lon="-4.9852670">
        <ele>2076.9</ele>
      </trkpt>
      <trkpt lat="43.2061600" lon="-4.9853020">
        <ele>2077.2</ele>
      </trkpt>
      <trkpt lat="43.2061080" lon="-4.9852410">
        <ele>2077.6</ele>
      </trkpt>
      <trkpt lat="43.2060730" lon="-4.9852490">
        <ele>2077.2</ele>
      </trkpt>
      <trkpt lat="43.2059440" lon="-4.9850960">
        <ele>2075.4</ele>
      </trkpt>
      <trkpt lat="43.2058830" lon="-4.9850810">
        <ele>2074.7</ele>
      </trkpt>
      <trkpt lat="43.2057280" lon="-4.9849640">
        <ele>2072.8</ele>
      </trkpt>
      <trkpt lat="43.2057170" lon="-4.9849560">
        <ele>2072.7</ele>
      </trkpt>
      <trkpt lat="43.2056990" lon="-4.9849550">
        <ele>2072.5</ele>
      </trkpt>
      <trkpt lat="43.2057170" lon="-4.9849560">
        <ele>2072.3</ele>
      </trkpt>
      <trkpt lat="43.2057280" lon="-4.9849640">
        <ele>2072.1</ele>
      </trkpt>
      <trkpt lat="43.2057170" lon="-4.9849560">
        <ele>2072.0</ele>
      </trkpt>
      <trkpt lat="43.2056990" lon="-4.9849550">
        <ele>2071.8</ele>
      </trkpt>
      <trkpt lat="43.2055180" lon="-4.9849360">
        <ele>2069.8</ele>
      </trkpt>
      <trkpt lat="43.2055090" lon="-4.9847940">
        <ele>2068.7</ele>
      </trkpt>
      <trkpt lat="43.2054650" lon="-4.9847000">
        <ele>2067.8</ele>
      </trkpt>
      <trkpt lat="43.2053570" lon="-4.9845730">
        <ele>2066.3</ele>
      </trkpt>
      <trkpt lat="43.2053540" lon="-4.9844290">
        <ele>2065.2</ele>
      </trkpt>
      <trkpt lat="43.2053110" lon="-4.9842430">
        <ele>2063.6</ele>
      </trkpt>
      <trkpt lat="43.2052510" lon="-4.9841600">
        <ele>2062.7</ele>
      </trkpt>
      <trkpt lat="43.2052100" lon="-4.9840360">
        <ele>2061.6</ele>
      </trkpt>
      <trkpt lat="43.2051780" lon="-4.9837650">
        <ele>2059.4</ele>
      </trkpt>
      <trkpt lat="43.2051950" lon="-4.9835930">
        <ele>2058.0</ele>
      </trkpt>
      <trkpt lat="43.2054870" lon="-4.9831320">
        <ele>2050.1</ele>
      </trkpt>
      <trkpt lat="43.2056450" lon="-4.9827190">
        <ele>2044.1</ele>
      </trkpt>
      <trkpt lat="43.2057660" lon="-4.9826520">
        <ele>2041.8</ele>
      </trkpt>
      <trkpt lat="43.2058870" lon="-4.9826900">
        <ele>2039.6</ele>
      </trkpt>
      <trkpt lat="43.2059830" lon="-4.9825560">
        <ele>2037.2</ele>
      </trkpt>
      <trkpt lat="43.2059320" lon="-4.9824140">
        <ele>2035.1</ele>
      </trkpt>
      <trkpt lat="43.2059810" lon="-4.9823140">
        <ele>2033.6</ele>
      </trkpt>
      <trkpt lat="43.2059670" lon="-4.9822390">
        <ele>2032.6</ele>
      </trkpt>
      <trkpt lat="43.2059320" lon="-4.9822100">
        <ele>2031.9</ele>
      </trkpt>
      <trkpt lat="43.2059750" lon="-4.9821290">
        <ele>2030.6</ele>
      </trkpt>
      <trkpt lat="43.2059380" lon="-4.9821080">
        <ele>2029.9</ele>
      </trkpt>
      <trkpt lat="43.2059600" lon="-4.9820360">
        <ele>2028.8</ele>
      </trkpt>
      <trkpt lat="43.2059360" lon="-4.9819900">
        <ele>2028.1</ele>
      </trkpt>
      <trkpt lat="43.2059670" lon="-4.9819420">
        <ele>2027.3</ele>
      </trkpt>
      <trkpt lat="43.2059360" lon="-4.9819120">
        <ele>2026.6</ele>
      </trkpt>
      <trkpt lat="43.2059460" lon="-4.9818210">
        <ele>2026.2</ele>
      </trkpt>
      <trkpt lat="43.2058250" lon="-4.9816570">
        <ele>2025.9</ele>
      </trkpt>
      <trkpt lat="43.2058130" lon="-4.9815020">
        <ele>2025.6</ele>
      </trkpt>
      <trkpt lat="43.2058230" lon="-4.9813780">
        <ele>2025.5</ele>
      </trkpt>
      <trkpt lat="43.2058620" lon="-4.9812840">
        <ele>2025.3</ele>
      </trkpt>
      <trkpt lat="43.2059440" lon="-4.9809040">
        <ele>2024.7</ele>
      </trkpt>
      <trkpt lat="43.2059360" lon="-4.9807000">
        <ele>2024.4</ele>
      </trkpt>
      <trkpt lat="43.2058850" lon="-4.9805760">
        <ele>2024.2</ele>
      </trkpt>
      <trkpt lat="43.2058850" lon="-4.9804400">
        <ele>2024.0</ele>
      </trkpt>
      <trkpt lat="43.2059170" lon="-4.9803640">
        <ele>2023.8</ele>
      </trkpt>
      <trkpt lat="43.2060790" lon="-4.9801690">
        <ele>2023.4</ele>
      </trkpt>
      <trkpt lat="43.2061300" lon="-4.9797820">
        <ele>2022.8</ele>
      </trkpt>
      <trkpt lat="43.2061280" lon="-4.9796720">
        <ele>2022.6</ele>
      </trkpt>
      <trkpt lat="43.2061000" lon="-4.9795810">
        <ele>2023.4</ele>
      </trkpt>
      <trkpt lat="43.2060970" lon="-4.9794770">
        <ele>2024.3</ele>
      </trkpt>
      <trkpt lat="43.2061260" lon="-4.9793770">
        <ele>2025.2</ele>
      </trkpt>
      <trkpt lat="43.2060810" lon="-4.9788760">
        <ele>2029.6</ele>
      </trkpt>
      <trkpt lat="43.2059830" lon="-4.9786130">
        <ele>2032.2</ele>
      </trkpt>
      <trkpt lat="43.2057800" lon="-4.9787200">
        <ele>2034.8</ele>
      </trkpt>
      <trkpt lat="43.2056450" lon="-4.9783880">
        <ele>2038.1</ele>
      </trkpt>
      <trkpt lat="43.2055960" lon="-4.9781300">
        <ele>2040.5</ele>
      </trkpt>
      <trkpt lat="43.2055570" lon="-4.9781060">
        <ele>2041.0</ele>
      </trkpt>
      <trkpt lat="43.2055140" lon="-4.9780230">
        <ele>2041.9</ele>
      </trkpt>
      <trkpt lat="43.2054260" lon="-4.9780520">
        <ele>2042.9</ele>
      </trkpt>
      <trkpt lat="43.2053770" lon="-4.9780280">
        <ele>2043.6</ele>
      </trkpt>
      <trkpt lat="43.2052950" lon="-4.9780440">
        <ele>2044.8</ele>
      </trkpt>
      <trkpt lat="43.2052700" lon="-4.9780850">
        <ele>2045.6</ele>
      </trkpt>
      <trkpt lat="43.2052320" lon="-4.9780010">
        <ele>2047.0</ele>
      </trkpt>
      <trkpt lat="43.2050980" lon="-4.9778670">
        <ele>2050.1</ele>
      </trkpt>
      <trkpt lat="43.2050680" lon="-4.9777900">
        <ele>2051.4</ele>
      </trkpt>
      <trkpt lat="43.2049780" lon="-4.9776930">
        <ele>2053.6</ele>
      </trkpt>
      <trkpt lat="43.2049370" lon="-4.9776100">
        <ele>2055.0</ele>
      </trkpt>
      <trkpt lat="43.2048410" lon="-4.9775190">
        <ele>2057.2</ele>
      </trkpt>
      <trkpt lat="43.2047770" lon="-4.9773900">
        <ele>2059.4</ele>
      </trkpt>
      <trkpt lat="43.2046730" lon="-4.9773070">
        <ele>2061.7</ele>
      </trkpt>
      <trkpt lat="43.2044500" lon="-4.9769870">
        <ele>2068.0</ele>
      </trkpt>
      <trkpt lat="43.2042820" lon="-4.9768400">
        <ele>2071.8</ele>
      </trkpt>
      <trkpt lat="43.2042680" lon="-4.9767600">
        <ele>2073.0</ele>
      </trkpt>
      <trkpt lat="43.2041980" lon="-4.9766950">
        <ele>2074.6</ele>
      </trkpt>
      <trkpt lat="43.2041690" lon="-4.9766090">
        <ele>2075.9</ele>
      </trkpt>
      <trkpt lat="43.2038010" lon="-4.9762820">
        <ele>2083.1</ele>
      </trkpt>
      <trkpt lat="43.2035970" lon="-4.9760210">
        <ele>2087.2</ele>
      </trkpt>
      <trkpt lat="43.2034950" lon="-4.9760210">
        <ele>2088.7</ele>
      </trkpt>
      <trkpt lat="43.2033040" lon="-4.9761610">
        <ele>2091.9</ele>
      </trkpt>
      <trkpt lat="43.2031750" lon="-4.9761140">
        <ele>2093.9</ele>
      </trkpt>
      <trkpt lat="43.2030930" lon="-4.9760390">
        <ele>2095.3</ele>
      </trkpt>
      <trkpt lat="43.2030310" lon="-4.9758840">
        <ele>2097.2</ele>
      </trkpt>
      <trkpt lat="43.2029200" lon="-4.9759050">
        <ele>2098.9</ele>
      </trkpt>
      <trkpt lat="43.2026610" lon="-4.9758840">
        <ele>2102.7</ele>
      </trkpt>
      <trkpt lat="43.2024270" lon="-4.9758110">
        <ele>2104.8</ele>
      </trkpt>
      <trkpt lat="43.2022220" lon="-4.9756750">
        <ele>2102.5</ele>
      </trkpt>
      <trkpt lat="43.2019090" lon="-4.9757180">
        <ele>2099.5</ele>
      </trkpt>
      <trkpt lat="43.2016290" lon="-4.9756100">
        <ele>2096.6</ele>
      </trkpt>
      <trkpt lat="43.2014980" lon="-4.9756210">
        <ele>2095.3</ele>
      </trkpt>
      <trkpt lat="43.2013010" lon="-4.9754900">
        <ele>2093.2</ele>
      </trkpt>
      <trkpt lat="43.2009470" lon="-4.9750750">
        <ele>2088.6</ele>
      </trkpt>
      <trkpt lat="43.2008980" lon="-4.9749420">
        <ele>2087.4</ele>
      </trkpt>
      <trkpt lat="43.2006820" lon="-4.9747290">
        <ele>2083.5</ele>
      </trkpt>
      <trkpt lat="43.2005930" lon="-4.9746920">
        <ele>2082.1</ele>
      </trkpt>
      <trkpt lat="43.2005320" lon="-4.9745830">
        <ele>2080.7</ele>
      </trkpt>
      <trkpt lat="43.2002820" lon="-4.9743420">
        <ele>2076.2</ele>
      </trkpt>
      <trkpt lat="43.2002390" lon="-4.9742660">
        <ele>2075.1</ele>
      </trkpt>
      <trkpt lat="43.2000960" lon="-4.9741220">
        <ele>2072.5</ele>
      </trkpt>
      <trkpt lat="43.2000200" lon="-4.9740920">
        <ele>2071.3</ele>
      </trkpt>
      <trkpt lat="43.1998420" lon="-4.9738990">
        <ele>2068.0</ele>
      </trkpt>
      <trkpt lat="43.1997210" lon="-4.9735990">
        <ele>2064.3</ele>
      </trkpt>
      <trkpt lat="43.1996480" lon="-4.9734750">
        <ele>2062.6</ele>
      </trkpt>
      <trkpt lat="43.1996000" lon="-4.9733170">
        <ele>2061.1</ele>
      </trkpt>
      <trkpt lat="43.1995230" lon="-4.9732900">
        <ele>2061.1</ele>
      </trkpt>
      <trkpt lat="43.1994300" lon="-4.9731370">
        <ele>2060.9</ele>
      </trkpt>
      <trkpt lat="43.1993430" lon="-4.9730800">
        <ele>2060.8</ele>
      </trkpt>
      <trkpt lat="43.1989940" lon="-4.9729410">
        <ele>2060.5</ele>
      </trkpt>
      <trkpt lat="43.1988990" lon="-4.9729410">
        <ele>2060.4</ele>
      </trkpt>
      <trkpt lat="43.1988110" lon="-4.9729600">
        <ele>2060.3</ele>
      </trkpt>
      <trkpt lat="43.1987290" lon="-4.9730250">
        <ele>2060.2</ele>
      </trkpt>
      <trkpt lat="43.1986750" lon="-4.9730240">
        <ele>2060.1</ele>
      </trkpt>
      <trkpt lat="43.1985390" lon="-4.9731130">
        <ele>2060.0</ele>
      </trkpt>
      <trkpt lat="43.1984900" lon="-4.9731450">
        <ele>2059.9</ele>
      </trkpt>
      <trkpt lat="43.1982910" lon="-4.9731400">
        <ele>2059.7</ele>
      </trkpt>
      <trkpt lat="43.1982110" lon="-4.9731160">
        <ele>2059.6</ele>
      </trkpt>
      <trkpt lat="43.1981120" lon="-4.9731990">
        <ele>2059.5</ele>
      </trkpt>
      <trkpt lat="43.1980160" lon="-4.9732090">
        <ele>2059.4</ele>
      </trkpt>
      <trkpt lat="43.1981120" lon="-4.9731990">
        <ele>2059.7</ele>
      </trkpt>
      <trkpt lat="43.1982110" lon="-4.9731160">
        <ele>2060.7</ele>
      </trkpt>
      <trkpt lat="43.1982910" lon="-4.9731400">
        <ele>2061.3</ele>
      </trkpt>
      <trkpt lat="43.1982110" lon="-4.9731160">
        <ele>2062.0</ele>
      </trkpt>
      <trkpt lat="43.1981120" lon="-4.9731990">
        <ele>2062.9</ele>
      </trkpt>
      <trkpt lat="43.1979120" lon="-4.9732190">
        <ele>2064.6</ele>
      </trkpt>
      <trkpt lat="43.1978280" lon="-4.9732630">
        <ele>2065.3</ele>
      </trkpt>
      <trkpt lat="43.1975930" lon="-4.9732610">
        <ele>2067.2</ele>
      </trkpt>
      <trkpt lat="43.1975120" lon="-4.9732010">
        <ele>2068.0</ele>
      </trkpt>
      <trkpt lat="43.1974740" lon="-4.9730960">
        <ele>2068.7</ele>
      </trkpt>
      <trkpt lat="43.1973900" lon="-4.9730810">
        <ele>2069.3</ele>
      </trkpt>
      <trkpt lat="43.1971830" lon="-4.9729170">
        <ele>2071.3</ele>
      </trkpt>
      <trkpt lat="43.1969830" lon="-4.9728450">
        <ele>2073.0</ele>
      </trkpt>
      <trkpt lat="43.1968780" lon="-4.9728500">
        <ele>2073.8</ele>
      </trkpt>
      <trkpt lat="43.1968090" lon="-4.9728050">
        <ele>2074.6</ele>
      </trkpt>
      <trkpt lat="43.1965550" lon="-4.9725580">
        <ele>2078.0</ele>
      </trkpt>
      <trkpt lat="43.1964690" lon="-4.9724210">
        <ele>2079.5</ele>
      </trkpt>
      <trkpt lat="43.1964200" lon="-4.9722170">
        <ele>2081.2</ele>
      </trkpt>
      <trkpt lat="43.1964240" lon="-4.9721150">
        <ele>2082.0</ele>
      </trkpt>
      <trkpt lat="43.1964810" lon="-4.9719730">
        <ele>2083.3</ele>
      </trkpt>
      <trkpt lat="43.1964770" lon="-4.9718150">
        <ele>2084.6</ele>
      </trkpt>
      <trkpt lat="43.1965430" lon="-4.9716410">
        <ele>2086.2</ele>
      </trkpt>
      <trkpt lat="43.1967470" lon="-4.9712920">
        <ele>2089.8</ele>
      </trkpt>
      <trkpt lat="43.1968370" lon="-4.9710690">
        <ele>2091.8</ele>
      </trkpt>
      <trkpt lat="43.1969900" lon="-4.9707040">
        <ele>2092.6</ele>
      </trkpt>
      <trkpt lat="43.1970210" lon="-4.9704200">
        <ele>2090.7</ele>
      </trkpt>
      <trkpt lat="43.1968800" lon="-4.9702030">
        <ele>2088.7</ele>
      </trkpt>
      <trkpt lat="43.1968410" lon="-4.9700370">
        <ele>2087.5</ele>
      </trkpt>
      <trkpt lat="43.1968600" lon="-4.9694490">
        <ele>2083.5</ele>
      </trkpt>
      <trkpt lat="43.1967800" lon="-4.9689340">
        <ele>2079.9</ele>
      </trkpt>
      <trkpt lat="43.1967960" lon="-4.9688060">
        <ele>2079.0</ele>
      </trkpt>
      <trkpt lat="43.1967490" lon="-4.9687680">
        <ele>2078.5</ele>
      </trkpt>
      <trkpt lat="43.1968070" lon="-4.9682660">
        <ele>2074.0</ele>
      </trkpt>
      <trkpt lat="43.1968490" lon="-4.9681750">
        <ele>2072.9</ele>
      </trkpt>
      <trkpt lat="43.1967610" lon="-4.9678080">
        <ele>2068.8</ele>
      </trkpt>
      <trkpt lat="43.1966670" lon="-4.9676630">
        <ele>2066.8</ele>
      </trkpt>
      <trkpt lat="43.1963790" lon="-4.9674510">
        <ele>2062.2</ele>
      </trkpt>
      <trkpt lat="43.1961010" lon="-4.9671420">
        <ele>2057.1</ele>
      </trkpt>
      <trkpt lat="43.1960020" lon="-4.9671050">
        <ele>2055.6</ele>
      </trkpt>
      <trkpt lat="43.1959280" lon="-4.9670300">
        <ele>2054.3</ele>
      </trkpt>
      <trkpt lat="43.1956770" lon="-4.9668980">
        <ele>2050.6</ele>
      </trkpt>
      <trkpt lat="43.1955790" lon="-4.9668020">
        <ele>2049.1</ele>
      </trkpt>
      <trkpt lat="43.1955250" lon="-4.9667910">
        <ele>2048.4</ele>
      </trkpt>
      <trkpt lat="43.1954930" lon="-4.9667130">
        <ele>2047.6</ele>
      </trkpt>
      <trkpt lat="43.1953080" lon="-4.9666330">
        <ele>2045.2</ele>
      </trkpt>
      <trkpt lat="43.1952900" lon="-4.9666810">
        <ele>2044.7</ele>
      </trkpt>
      <trkpt lat="43.1950750" lon="-4.9664690">
        <ele>2041.4</ele>
      </trkpt>
      <trkpt lat="43.1950030" lon="-4.9663620">
        <ele>2040.1</ele>
      </trkpt>
      <trkpt lat="43.1949730" lon="-4.9661070">
        <ele>2037.8</ele>
      </trkpt>
      <trkpt lat="43.1948990" lon="-4.9660000">
        <ele>2036.5</ele>
      </trkpt>
      <trkpt lat="43.1948680" lon="-4.9657770">
        <ele>2034.4</ele>
      </trkpt>
      <trkpt lat="43.1948700" lon="-4.9657000">
        <ele>2033.7</ele>
      </trkpt>
      <trkpt lat="43.1949480" lon="-4.9654580">
        <ele>2031.4</ele>
      </trkpt>
      <trkpt lat="43.1949350" lon="-4.9653320">
        <ele>2030.2</ele>
      </trkpt>
      <trkpt lat="43.1947870" lon="-4.9650690">
        <ele>2027.8</ele>
      </trkpt>
      <trkpt lat="43.1947410" lon="-4.9650800">
        <ele>2027.4</ele>
      </trkpt>
      <trkpt lat="43.1946540" lon="-4.9650450">
        <ele>2026.6</ele>
      </trkpt>
      <trkpt lat="43.1945140" lon="-4.9648550">
        <ele>2024.9</ele>
      </trkpt>
      <trkpt lat="43.1945270" lon="-4.9647100">
        <ele>2024.0</ele>
      </trkpt>
      <trkpt lat="43.1944880" lon="-4.9646610">
        <ele>2023.5</ele>
      </trkpt>
      <trkpt lat="43.1942910" lon="-4.9639250">
        <ele>2018.6</ele>
      </trkpt>
      <trkpt lat="43.1939700" lon="-4.9633360">
        <ele>2014.0</ele>
      </trkpt>
      <trkpt lat="43.1936640" lon="-4.9628980">
        <ele>2014.9</ele>
      </trkpt>
      <trkpt lat="43.1931100" lon="-4.9618670">
        <ele>2018.0</ele>
      </trkpt>
      <trkpt lat="43.1927770" lon="-4.9616120">
        <ele>2019.2</ele>
      </trkpt>
      <trkpt lat="43.1926970" lon="-4.9616550">
        <ele>2019.5</ele>
      </trkpt>
      <trkpt lat="43.1926460" lon="-4.9616170">
        <ele>2019.5</ele>
      </trkpt>
      <trkpt lat="43.1924410" lon="-4.9616390">
        <ele>2019.5</ele>
      </trkpt>
      <trkpt lat="43.1922750" lon="-4.9617000">
        <ele>2019.5</ele>
      </trkpt>
      <trkpt lat="43.1921240" lon="-4.9615980">
        <ele>2019.5</ele>
      </trkpt>
      <trkpt lat="43.1919480" lon="-4.9611610">
        <ele>2019.5</ele>
      </trkpt>
      <trkpt lat="43.1918940" lon="-4.9608210">
        <ele>2019.5</ele>
      </trkpt>
      <trkpt lat="43.1917350" lon="-4.9605580">
        <ele>2034.8</ele>
      </trkpt>
      <trkpt lat="43.1916740" lon="-4.9606850">
        <ele>2034.8</ele>
      </trkpt>
      <trkpt lat="43.1916140" lon="-4.9609800">
        <ele>2034.8</ele>
      </trkpt>
      <trkpt lat="43.1914530" lon="-4.9613040">
        <ele>2034.8</ele>
      </trkpt>
      <trkpt lat="43.1914380" lon="-4.9616030">
        <ele>2034.8</ele>
      </trkpt>
      <trkpt lat="43.1914380" lon="-4.9619590">
        <ele>2036.5</ele>
      </trkpt>
      <trkpt lat="43.1914230" lon="-4.9619760">
        <ele>2036.6</ele>
      </trkpt>
      <trkpt lat="43.1913810" lon="-4.9620230">
        <ele>2037.1</ele>
      </trkpt>
      <trkpt lat="43.1910560" lon="-4.9621730">
        <ele>2040.1</ele>
      </trkpt>
      <trkpt lat="43.1908450" lon="-4.9623260">
        <ele>2042.2</ele>
      </trkpt>
      <trkpt lat="43.1906690" lon="-4.9625610">
        <ele>2044.3</ele>
      </trkpt>
      <trkpt lat="43.1906240" lon="-4.9625890">
        <ele>2044.7</ele>
      </trkpt>
      <trkpt lat="43.1906220" lon="-4.9626800">
        <ele>2045.3</ele>
      </trkpt>
      <trkpt lat="43.1905340" lon="-4.9628040">
        <ele>2046.4</ele>
      </trkpt>
      <trkpt lat="43.1904380" lon="-4.9628820">
        <ele>2047.3</ele>
      </trkpt>
      <trkpt lat="43.1903210" lon="-4.9629140">
        <ele>2048.4</ele>
      </trkpt>
      <trkpt lat="43.1902700" lon="-4.9629750">
        <ele>2049.0</ele>
      </trkpt>
      <trkpt lat="43.1901940" lon="-4.9631790">
        <ele>2050.4</ele>
      </trkpt>
      <trkpt lat="43.1901350" lon="-4.9632280">
        <ele>2051.1</ele>
      </trkpt>
      <trkpt lat="43.1900140" lon="-4.9632380">
        <ele>2052.2</ele>
      </trkpt>
      <trkpt lat="43.1898790" lon="-4.9631010">
        <ele>2053.8</ele>
      </trkpt>
      <trkpt lat="43.1893530" lon="-4.9628170">
        <ele>2059.1</ele>
      </trkpt>
      <trkpt lat="43.1892510" lon="-4.9627130">
        <ele>2060.3</ele>
      </trkpt>
      <trkpt lat="43.1889780" lon="-4.9625840">
        <ele>2063.0</ele>
      </trkpt>
      <trkpt lat="43.1887820" lon="-4.9623960">
        <ele>2065.3</ele>
      </trkpt>
      <trkpt lat="43.1887450" lon="-4.9623180">
        <ele>2065.9</ele>
      </trkpt>
      <trkpt lat="43.1883170" lon="-4.9621010">
        <ele>2068.1</ele>
      </trkpt>
      <trkpt lat="43.1882680" lon="-4.9620260">
        <ele>2068.3</ele>
      </trkpt>
      <trkpt lat="43.1881900" lon="-4.9619750">
        <ele>2068.5</ele>
      </trkpt>
      <trkpt lat="43.1880510" lon="-4.9617740">
        <ele>2069.0</ele>
      </trkpt>
      <trkpt lat="43.1879900" lon="-4.9617390">
        <ele>2069.2</ele>
      </trkpt>
      <trkpt lat="43.1877670" lon="-4.9616830">
        <ele>2069.8</ele>
      </trkpt>
      <trkpt lat="43.1877140" lon="-4.9616420">
        <ele>2069.9</ele>
      </trkpt>
      <trkpt lat="43.1874420" lon="-4.9615910">
        <ele>2070.6</ele>
      </trkpt>
      <trkpt lat="43.1872700" lon="-4.9615970">
        <ele>2071.1</ele>
      </trkpt>
      <trkpt lat="43.1871960" lon="-4.9616960">
        <ele>2071.3</ele>
      </trkpt>
      <trkpt lat="43.1871410" lon="-4.9616880">
        <ele>2071.5</ele>
      </trkpt>
      <trkpt lat="43.1871000" lon="-4.9617260">
        <ele>2071.6</ele>
      </trkpt>
      <trkpt lat="43.1870080" lon="-4.9617010">
        <ele>2071.8</ele>
      </trkpt>
      <trkpt lat="43.1869300" lon="-4.9615590">
        <ele>2072.0</ele>
      </trkpt>
      <trkpt lat="43.1868170" lon="-4.9615270">
        <ele>2072.2</ele>
      </trkpt>
      <trkpt lat="43.1867440" lon="-4.9615460">
        <ele>2072.3</ele>
      </trkpt>
      <trkpt lat="43.1866890" lon="-4.9616400">
        <ele>2072.4</ele>
      </trkpt>
      <trkpt lat="43.1865960" lon="-4.9616420">
        <ele>2072.5</ele>
      </trkpt>
      <trkpt lat="43.1865350" lon="-4.9617440">
        <ele>2072.6</ele>
      </trkpt>
      <trkpt lat="43.1864510" lon="-4.9617710">
        <ele>2072.7</ele>
      </trkpt>
      <trkpt lat="43.1863610" lon="-4.9618920">
        <ele>2072.9</ele>
      </trkpt>
      <trkpt lat="43.1863350" lon="-4.9619780">
        <ele>2073.0</ele>
      </trkpt>
      <trkpt lat="43.1862900" lon="-4.9619780">
        <ele>2073.0</ele>
      </trkpt>
      <trkpt lat="43.1862260" lon="-4.9620260">
        <ele>2073.1</ele>
      </trkpt>
      <trkpt lat="43.1861260" lon="-4.9621840">
        <ele>2073.3</ele>
      </trkpt>
      <trkpt lat="43.1860640" lon="-4.9623500">
        <ele>2073.5</ele>
      </trkpt>
      <trkpt lat="43.1860230" lon="-4.9623830">
        <ele>2073.6</ele>
      </trkpt>
      <trkpt lat="43.1857800" lon="-4.9624020">
        <ele>2073.9</ele>
      </trkpt>
      <trkpt lat="43.1856770" lon="-4.9625340">
        <ele>2074.0</ele>
      </trkpt>
      <trkpt lat="43.1856910" lon="-4.9626610">
        <ele>2074.2</ele>
      </trkpt>
      <trkpt lat="43.1856630" lon="-4.9627370">
        <ele>2074.4</ele>
      </trkpt>
      <trkpt lat="43.1855840" lon="-4.9628040">
        <ele>2074.9</ele>
      </trkpt>
      <trkpt lat="43.1854850" lon="-4.9629840">
        <ele>2075.8</ele>
      </trkpt>
      <trkpt lat="43.1854170" lon="-4.9629600">
        <ele>2076.1</ele>
      </trkpt>
      <trkpt lat="43.1852820" lon="-4.9629930">
        <ele>2076.8</ele>
      </trkpt>
      <trkpt lat="43.1852550" lon="-4.9630570">
        <ele>2077.1</ele>
      </trkpt>
      <trkpt lat="43.1851130" lon="-4.9631260">
        <ele>2077.9</ele>
      </trkpt>
      <trkpt lat="43.1850390" lon="-4.9632200">
        <ele>2078.4</ele>
      </trkpt>
      <trkpt lat="43.1849730" lon="-4.9632280">
        <ele>2078.7</ele>
      </trkpt>
      <trkpt lat="43.1846880" lon="-4.9629330">
        <ele>2080.5</ele>
      </trkpt>
      <trkpt lat="43.1846050" lon="-4.9629270">
        <ele>2081.0</ele>
      </trkpt>
      <trkpt lat="43.1844890" lon="-4.9629920">
        <ele>2081.6</ele>
      </trkpt>
      <trkpt lat="43.1844460" lon="-4.9631150">
        <ele>2082.1</ele>
      </trkpt>
      <trkpt lat="43.1843260" lon="-4.9630500">
        <ele>2082.8</ele>
      </trkpt>
      <trkpt lat="43.1842640" lon="-4.9631420">
        <ele>2083.3</ele>
      </trkpt>
      <trkpt lat="43.1841100" lon="-4.9631850">
        <ele>2084.1</ele>
      </trkpt>
      <trkpt lat="43.1838120" lon="-4.9634040">
        <ele>2086.0</ele>
      </trkpt>
      <trkpt lat="43.1837610" lon="-4.9634150">
        <ele>2086.2</ele>
      </trkpt>
      <trkpt lat="43.1837350" lon="-4.9633740">
        <ele>2086.5</ele>
      </trkpt>
      <trkpt lat="43.1836770" lon="-4.9633880">
        <ele>2086.8</ele>
      </trkpt>
      <trkpt lat="43.1836440" lon="-4.9634390">
        <ele>2087.1</ele>
      </trkpt>
      <trkpt lat="43.1835950" lon="-4.9634390">
        <ele>2087.3</ele>
      </trkpt>
      <trkpt lat="43.1835520" lon="-4.9635300">
        <ele>2087.8</ele>
      </trkpt>
      <trkpt lat="43.1834420" lon="-4.9635730">
        <ele>2088.4</ele>
      </trkpt>
      <trkpt lat="43.1833680" lon="-4.9634520">
        <ele>2089.0</ele>
      </trkpt>
      <trkpt lat="43.1833330" lon="-4.9634500">
        <ele>2089.2</ele>
      </trkpt>
      <trkpt lat="43.1832520" lon="-4.9635190">
        <ele>2089.7</ele>
      </trkpt>
      <trkpt lat="43.1829900" lon="-4.9633990">
        <ele>2091.3</ele>
      </trkpt>
      <trkpt lat="43.1829380" lon="-4.9634040">
        <ele>2091.5</ele>
      </trkpt>
      <trkpt lat="43.1828500" lon="-4.9634820">
        <ele>2092.1</ele>
      </trkpt>
      <trkpt lat="43.1827110" lon="-4.9634150">
        <ele>2092.9</ele>
      </trkpt>
      <trkpt lat="43.1824990" lon="-4.9633830">
        <ele>2093.1</ele>
      </trkpt>
      <trkpt lat="43.1824370" lon="-4.9633020">
        <ele>2092.9</ele>
      </trkpt>
      <trkpt lat="43.1823610" lon="-4.9633320">
        <ele>2092.8</ele>
      </trkpt>
      <trkpt lat="43.1820550" lon="-4.9633260">
        <ele>2092.4</ele>
      </trkpt>
      <trkpt lat="43.1819990" lon="-4.9633640">
        <ele>2092.3</ele>
      </trkpt>
      <trkpt lat="43.1818560" lon="-4.9633100">
        <ele>2092.1</ele>
      </trkpt>
      <trkpt lat="43.1817310" lon="-4.9633600">
        <ele>2092.0</ele>
      </trkpt>
      <trkpt lat="43.1816990" lon="-4.9634540">
        <ele>2091.9</ele>
      </trkpt>
      <trkpt lat="43.1815720" lon="-4.9635140">
        <ele>2091.7</ele>
      </trkpt>
      <trkpt lat="43.1815090" lon="-4.9636230">
        <ele>2091.5</ele>
      </trkpt>
      <trkpt lat="43.1813760" lon="-4.9635660">
        <ele>2091.3</ele>
      </trkpt>
      <trkpt lat="43.1813290" lon="-4.9634590">
        <ele>2091.2</ele>
      </trkpt>
      <trkpt lat="43.1812670" lon="-4.9634040">
        <ele>2091.1</ele>
      </trkpt>
      <trkpt lat="43.1811630" lon="-4.9632190">
        <ele>2090.9</ele>
      </trkpt>
      <trkpt lat="43.1810900" lon="-4.9631490">
        <ele>2091.1</ele>
      </trkpt>
      <trkpt lat="43.1809130" lon="-4.9633260">
        <ele>2092.4</ele>
      </trkpt>
      <trkpt lat="43.1809100" lon="-4.9634380">
        <ele>2092.9</ele>
      </trkpt>
      <trkpt lat="43.1807350" lon="-4.9634480">
        <ele>2093.9</ele>
      </trkpt>
      <trkpt lat="43.1806470" lon="-4.9634900">
        <ele>2094.5</ele>
      </trkpt>
      <trkpt lat="43.1806050" lon="-4.9634690">
        <ele>2094.7</ele>
      </trkpt>
      <trkpt lat="43.1805790" lon="-4.9635920">
        <ele>2095.3</ele>
      </trkpt>
      <trkpt lat="43.1805300" lon="-4.9636260">
        <ele>2095.6</ele>
      </trkpt>
      <trkpt lat="43.1805120" lon="-4.9637040">
        <ele>2096.0</ele>
      </trkpt>
      <trkpt lat="43.1803860" lon="-4.9638030">
        <ele>2096.8</ele>
      </trkpt>
      <trkpt lat="43.1803130" lon="-4.9637610">
        <ele>2097.3</ele>
      </trkpt>
      <trkpt lat="43.1801310" lon="-4.9637480">
        <ele>2098.4</ele>
      </trkpt>
      <trkpt lat="43.1798970" lon="-4.9639060">
        <ele>2100.0</ele>
      </trkpt>
      <trkpt lat="43.1798150" lon="-4.9639310">
        <ele>2100.5</ele>
      </trkpt>
      <trkpt lat="43.1797570" lon="-4.9639090">
        <ele>2100.8</ele>
      </trkpt>
      <trkpt lat="43.1796650" lon="-4.9639520">
        <ele>2101.4</ele>
      </trkpt>
      <trkpt lat="43.1794730" lon="-4.9638810">
        <ele>2103.2</ele>
      </trkpt>
      <trkpt lat="43.1793180" lon="-4.9639150">
        <ele>2104.7</ele>
      </trkpt>
      <trkpt lat="43.1793080" lon="-4.9638650">
        <ele>2105.1</ele>
      </trkpt>
      <trkpt lat="43.1792200" lon="-4.9638040">
        <ele>2106.0</ele>
      </trkpt>
      <trkpt lat="43.1790950" lon="-4.9636550">
        <ele>2107.6</ele>
      </trkpt>
      <trkpt lat="43.1789600" lon="-4.9636400">
        <ele>2108.9</ele>
      </trkpt>
      <trkpt lat="43.1788530" lon="-4.9635920">
        <ele>2109.9</ele>
      </trkpt>
      <trkpt lat="43.1787850" lon="-4.9635150">
        <ele>2110.8</ele>
      </trkpt>
      <trkpt lat="43.1785110" lon="-4.9634370">
        <ele>2113.4</ele>
      </trkpt>
      <trkpt lat="43.1784160" lon="-4.9633270">
        <ele>2114.6</ele>
      </trkpt>
      <trkpt lat="43.1782660" lon="-4.9632700">
        <ele>2116.1</ele>
      </trkpt>
      <trkpt lat="43.1781040" lon="-4.9631620">
        <ele>2117.8</ele>
      </trkpt>
      <trkpt lat="43.1778560" lon="-4.9630970">
        <ele>2116.9</ele>
      </trkpt>
      <trkpt lat="43.1777840" lon="-4.9630150">
        <ele>2115.8</ele>
      </trkpt>
      <trkpt lat="43.1776340" lon="-4.9629680">
        <ele>2114.0</ele>
      </trkpt>
      <trkpt lat="43.1774070" lon="-4.9629940">
        <ele>2111.4</ele>
      </trkpt>
      <trkpt lat="43.1771410" lon="-4.9631090">
        <ele>2108.2</ele>
      </trkpt>
      <trkpt lat="43.1771070" lon="-4.9631530">
        <ele>2107.6</ele>
      </trkpt>
      <trkpt lat="43.1770710" lon="-4.9633840">
        <ele>2105.6</ele>
      </trkpt>
      <trkpt lat="43.1767730" lon="-4.9633700">
        <ele>2102.2</ele>
      </trkpt>
      <trkpt lat="43.1767510" lon="-4.9633870">
        <ele>2101.9</ele>
      </trkpt>
      <trkpt lat="43.1767590" lon="-4.9635040">
        <ele>2100.9</ele>
      </trkpt>
      <trkpt lat="43.1767090" lon="-4.9635290">
        <ele>2100.3</ele>
      </trkpt>
      <trkpt lat="43.1766490" lon="-4.9635150">
        <ele>2099.6</ele>
      </trkpt>
      <trkpt lat="43.1764810" lon="-4.9636120">
        <ele>2097.0</ele>
      </trkpt>
      <trkpt lat="43.1763870" lon="-4.9635790">
        <ele>2094.6</ele>
      </trkpt>
      <trkpt lat="43.1763090" lon="-4.9636560">
        <ele>2092.2</ele>
      </trkpt>
      <trkpt lat="43.1760570" lon="-4.9636770">
        <ele>2085.9</ele>
      </trkpt>
      <trkpt lat="43.1758690" lon="-4.9637640">
        <ele>2080.9</ele>
      </trkpt>
      <trkpt lat="43.1757870" lon="-4.9638790">
        <ele>2078.0</ele>
      </trkpt>
      <trkpt lat="43.1754840" lon="-4.9640250">
        <ele>2070.0</ele>
      </trkpt>
      <trkpt lat="43.1751930" lon="-4.9643120">
        <ele>2061.1</ele>
      </trkpt>
      <trkpt lat="43.1749880" lon="-4.9643860">
        <ele>2055.8</ele>
      </trkpt>
      <trkpt lat="43.1748220" lon="-4.9645340">
        <ele>2050.0</ele>
      </trkpt>
      <trkpt lat="43.1745320" lon="-4.9646340">
        <ele>2039.9</ele>
      </trkpt>
      <trkpt lat="43.1743260" lon="-4.9648300">
        <ele>2031.4</ele>
      </trkpt>
      <trkpt lat="43.1741900" lon="-4.9648340">
        <ele>2026.8</ele>
      </trkpt>
      <trkpt lat="43.1740400" lon="-4.9649510">
        <ele>2020.9</ele>
      </trkpt>
      <trkpt lat="43.1740540" lon="-4.9650830">
        <ele>2017.6</ele>
      </trkpt>
      <trkpt lat="43.1739050" lon="-4.9651180">
        <ele>2012.5</ele>
      </trkpt>
      <trkpt lat="43.1738510" lon="-4.9652160">
        <ele>2009.4</ele>
      </trkpt>
      <trkpt lat="43.1737380" lon="-4.9651440">
        <ele>2005.2</ele>
      </trkpt>
      <trkpt lat="43.1736290" lon="-4.9651520">
        <ele>2001.5</ele>
      </trkpt>
      <trkpt lat="43.1735500" lon="-4.9652000">
        <ele>1998.6</ele>
      </trkpt>
      <trkpt lat="43.1734350" lon="-4.9651640">
        <ele>1994.6</ele>
      </trkpt>
      <trkpt lat="43.1733550" lon="-4.9652850">
        <ele>1990.5</ele>
      </trkpt>
      <trkpt lat="43.1736370" lon="-4.9656360">
        <ele>1977.6</ele>
      </trkpt>
      <trkpt lat="43.1736300" lon="-4.9657790">
        <ele>1974.1</ele>
      </trkpt>
      <trkpt lat="43.1734230" lon="-4.9656700">
        <ele>1966.5</ele>
      </trkpt>
      <trkpt lat="43.1733900" lon="-4.9657470">
        <ele>1964.3</ele>
      </trkpt>
      <trkpt lat="43.1734700" lon="-4.9658720">
        <ele>1960.2</ele>
      </trkpt>
      <trkpt lat="43.1734090" lon="-4.9659200">
        <ele>1957.8</ele>
      </trkpt>
      <trkpt lat="43.1731710" lon="-4.9658370">
        <ele>1949.5</ele>
      </trkpt>
      <trkpt lat="43.1730200" lon="-4.9659260">
        <ele>1943.9</ele>
      </trkpt>
      <trkpt lat="43.1729280" lon="-4.9658890">
        <ele>1940.6</ele>
      </trkpt>
      <trkpt lat="43.1728990" lon="-4.9657380">
        <ele>1936.8</ele>
      </trkpt>
      <trkpt lat="43.1728000" lon="-4.9655820">
        <ele>1931.6</ele>
      </trkpt>
      <trkpt lat="43.1727670" lon="-4.9657050">
        <ele>1929.2</ele>
      </trkpt>
      <trkpt lat="43.1727260" lon="-4.9655950">
        <ele>1927.1</ele>
      </trkpt>
      <trkpt lat="43.1726880" lon="-4.9657340">
        <ele>1924.5</ele>
      </trkpt>
      <trkpt lat="43.1726000" lon="-4.9656450">
        <ele>1921.9</ele>
      </trkpt>
      <trkpt lat="43.1724520" lon="-4.9656670">
        <ele>1918.4</ele>
      </trkpt>
      <trkpt lat="43.1723440" lon="-4.9657800">
        <ele>1915.2</ele>
      </trkpt>
      <trkpt lat="43.1720030" lon="-4.9659070">
        <ele>1906.9</ele>
      </trkpt>
      <trkpt lat="43.1718400" lon="-4.9660000">
        <ele>1902.7</ele>
      </trkpt>
      <trkpt lat="43.1716850" lon="-4.9661550">
        <ele>1898.2</ele>
      </trkpt>
      <trkpt lat="43.1715580" lon="-4.9663280">
        <ele>1893.9</ele>
      </trkpt>
      <trkpt lat="43.1713990" lon="-4.9663930">
        <ele>1890.0</ele>
      </trkpt>
      <trkpt lat="43.1713140" lon="-4.9665590">
        <ele>1887.2</ele>
      </trkpt>
      <trkpt lat="43.1709650" lon="-4.9667770">
        <ele>1881.2</ele>
      </trkpt>
      <trkpt lat="43.1707940" lon="-4.9667870">
        <ele>1878.6</ele>
      </trkpt>
      <trkpt lat="43.1707280" lon="-4.9668810">
        <ele>1877.1</ele>
      </trkpt>
      <trkpt lat="43.1706220" lon="-4.9668180">
        <ele>1875.3</ele>
      </trkpt>
      <trkpt lat="43.1705840" lon="-4.9669150">
        <ele>1874.0</ele>
      </trkpt>
      <trkpt lat="43.1704990" lon="-4.9667870">
        <ele>1872.0</ele>
      </trkpt>
      <trkpt lat="43.1704710" lon="-4.9668860">
        <ele>1870.8</ele>
      </trkpt>
      <trkpt lat="43.1704140" lon="-4.9668200">
        <ele>1869.7</ele>
      </trkpt>
      <trkpt lat="43.1702980" lon="-4.9668640">
        <ele>1867.8</ele>
      </trkpt>
      <trkpt lat="43.1701890" lon="-4.9667910">
        <ele>1865.9</ele>
      </trkpt>
      <trkpt lat="43.1700130" lon="-4.9667730">
        <ele>1863.1</ele>
      </trkpt>
      <trkpt lat="43.1698400" lon="-4.9669400">
        <ele>1859.4</ele>
      </trkpt>
      <trkpt lat="43.1694180" lon="-4.9671280">
        <ele>1848.1</ele>
      </trkpt>
      <trkpt lat="43.1692100" lon="-4.9673350">
        <ele>1841.5</ele>
      </trkpt>
      <trkpt lat="43.1691830" lon="-4.9673860">
        <ele>1840.3</ele>
      </trkpt>
      <trkpt lat="43.1690790" lon="-4.9676100">
        <ele>1835.4</ele>
      </trkpt>
      <trkpt lat="43.1690480" lon="-4.9676360">
        <ele>1834.5</ele>
      </trkpt>
      <trkpt lat="43.1690010" lon="-4.9675640">
        <ele>1832.7</ele>
      </trkpt>
      <trkpt lat="43.1688110" lon="-4.9674240">
        <ele>1827.1</ele>
      </trkpt>
      <trkpt lat="43.1688280" lon="-4.9675100">
        <ele>1825.5</ele>
      </trkpt>
      <trkpt lat="43.1688540" lon="-4.9676810">
        <ele>1822.2</ele>
      </trkpt>
      <trkpt lat="43.1688220" lon="-4.9678190">
        <ele>1819.5</ele>
      </trkpt>
      <trkpt lat="43.1688330" lon="-4.9679930">
        <ele>1816.3</ele>
      </trkpt>
      <trkpt lat="43.1689940" lon="-4.9682480">
        <ele>1809.3</ele>
      </trkpt>
      <trkpt lat="43.1691220" lon="-4.9683450">
        <ele>1805.0</ele>
      </trkpt>
      <trkpt lat="43.1687550" lon="-4.9684370">
        <ele>1793.9</ele>
      </trkpt>
      <trkpt lat="43.1687210" lon="-4.9684700">
        <ele>1792.7</ele>
      </trkpt>
      <trkpt lat="43.1685340" lon="-4.9684680">
        <ele>1787.2</ele>
      </trkpt>
      <trkpt lat="43.1684780" lon="-4.9685100">
        <ele>1785.3</ele>
      </trkpt>
      <trkpt lat="43.1684340" lon="-4.9685900">
        <ele>1783.1</ele>
      </trkpt>
      <trkpt lat="43.1680120" lon="-4.9688820">
        <ele>1769.2</ele>
      </trkpt>
      <trkpt lat="43.1678510" lon="-4.9689880">
        <ele>1763.9</ele>
      </trkpt>
      <trkpt lat="43.1677750" lon="-4.9689900">
        <ele>1761.7</ele>
      </trkpt>
      <trkpt lat="43.1677750" lon="-4.9690850">
        <ele>1760.3</ele>
      </trkpt>
      <trkpt lat="43.1676630" lon="-4.9691890">
        <ele>1757.9</ele>
      </trkpt>
      <trkpt lat="43.1675150" lon="-4.9693580">
        <ele>1754.5</ele>
      </trkpt>
      <trkpt lat="43.1673640" lon="-4.9697390">
        <ele>1748.8</ele>
      </trkpt>
      <trkpt lat="43.1673070" lon="-4.9703170">
        <ele>1741.2</ele>
      </trkpt>
      <trkpt lat="43.1672430" lon="-4.9704670">
        <ele>1738.9</ele>
      </trkpt>
      <trkpt lat="43.1672210" lon="-4.9708020">
        <ele>1734.5</ele>
      </trkpt>
      <trkpt lat="43.1671870" lon="-4.9709300">
        <ele>1732.7</ele>
      </trkpt>
      <trkpt lat="43.1665010" lon="-4.9705460">
        <ele>1716.9</ele>
      </trkpt>
      <trkpt lat="43.1664370" lon="-4.9705980">
        <ele>1715.3</ele>
      </trkpt>
      <trkpt lat="43.1663460" lon="-4.9705960">
        <ele>1713.2</ele>
      </trkpt>
      <trkpt lat="43.1662960" lon="-4.9704840">
        <ele>1711.0</ele>
      </trkpt>
      <trkpt lat="43.1663930" lon="-4.9702630">
        <ele>1706.8</ele>
      </trkpt>
      <trkpt lat="43.1663370" lon="-4.9700430">
        <ele>1703.0</ele>
      </trkpt>
      <trkpt lat="43.1663590" lon="-4.9698920">
        <ele>1700.4</ele>
      </trkpt>
      <trkpt lat="43.1662640" lon="-4.9696750">
        <ele>1696.3</ele>
      </trkpt>
      <trkpt lat="43.1660870" lon="-4.9696590">
        <ele>1692.3</ele>
      </trkpt>
      <trkpt lat="43.1661220" lon="-4.9695630">
        <ele>1690.5</ele>
      </trkpt>
      <trkpt lat="43.1662270" lon="-4.9694810">
        <ele>1687.9</ele>
      </trkpt>
      <trkpt lat="43.1663590" lon="-4.9694570">
        <ele>1685.5</ele>
      </trkpt>
      <trkpt lat="43.1664200" lon="-4.9693980">
        <ele>1684.2</ele>
      </trkpt>
      <trkpt lat="43.1663670" lon="-4.9692190">
        <ele>1681.7</ele>
      </trkpt>
      <trkpt lat="43.1662570" lon="-4.9690150">
        <ele>1678.4</ele>
      </trkpt>
      <trkpt lat="43.1662120" lon="-4.9687870">
        <ele>1675.3</ele>
      </trkpt>
      <trkpt lat="43.1662000" lon="-4.9685840">
        <ele>1672.6</ele>
      </trkpt>
      <trkpt lat="43.1659960" lon="-4.9683070">
        <ele>1667.5</ele>
      </trkpt>
      <trkpt lat="43.1658010" lon="-4.9681280">
        <ele>1663.2</ele>
      </trkpt>
      <trkpt lat="43.1655490" lon="-4.9680220">
        <ele>1658.5</ele>
      </trkpt>
      <trkpt lat="43.1654100" lon="-4.9676960">
        <ele>1655.2</ele>
      </trkpt>
      <trkpt lat="43.1652470" lon="-4.9670210">
        <ele>1651.4</ele>
      </trkpt>
      <trkpt lat="43.1650520" lon="-4.9667030">
        <ele>1649.2</ele>
      </trkpt>
      <trkpt lat="43.1647380" lon="-4.9663860">
        <ele>1646.4</ele>
      </trkpt>
      <trkpt lat="43.1644650" lon="-4.9661120">
        <ele>1643.9</ele>
      </trkpt>
      <trkpt lat="43.1640120" lon="-4.9658740">
        <ele>1639.9</ele>
      </trkpt>
      <trkpt lat="43.1635950" lon="-4.9657180">
        <ele>1636.1</ele>
      </trkpt>
      <trkpt lat="43.1633150" lon="-4.9645230">
        <ele>1628.2</ele>
      </trkpt>
      <trkpt lat="43.1634620" lon="-4.9636380">
        <ele>1618.4</ele>
      </trkpt>
      <trkpt lat="43.1636360" lon="-4.9633700">
        <ele>1614.4</ele>
      </trkpt>
      <trkpt lat="43.1637560" lon="-4.9630520">
        <ele>1610.3</ele>
      </trkpt>
      <trkpt lat="43.1637930" lon="-4.9625410">
        <ele>1604.5</ele>
      </trkpt>
      <trkpt lat="43.1637670" lon="-4.9622160">
        <ele>1600.8</ele>
      </trkpt>
      <trkpt lat="43.1639440" lon="-4.9615960">
        <ele>1594.6</ele>
      </trkpt>
      <trkpt lat="43.1638450" lon="-4.9611270">
        <ele>1590.1</ele>
      </trkpt>
      <trkpt lat="43.1638370" lon="-4.9604680">
        <ele>1584.1</ele>
      </trkpt>
      <trkpt lat="43.1635160" lon="-4.9597830">
        <ele>1577.1</ele>
      </trkpt>
      <trkpt lat="43.1635190" lon="-4.9590270">
        <ele>1575.0</ele>
      </trkpt>
      <trkpt lat="43.1634070" lon="-4.9584450">
        <ele>1573.3</ele>
      </trkpt>
      <trkpt lat="43.1633100" lon="-4.9577070">
        <ele>1571.2</ele>
      </trkpt>
      <trkpt lat="43.1631880" lon="-4.9576020">
        <ele>1570.7</ele>
      </trkpt>
      <trkpt lat="43.1628570" lon="-4.9572180">
        <ele>1566.5</ele>
      </trkpt>
      <trkpt lat="43.1625910" lon="-4.9571050">
        <ele>1563.6</ele>
      </trkpt>
      <trkpt lat="43.1623970" lon="-4.9571320">
        <ele>1561.6</ele>
      </trkpt>
      <trkpt lat="43.1622370" lon="-4.9570970">
        <ele>1559.9</ele>
      </trkpt>
      <trkpt lat="43.1618800" lon="-4.9569340">
        <ele>1555.9</ele>
      </trkpt>
      <trkpt lat="43.1617290" lon="-4.9569390">
        <ele>1554.4</ele>
      </trkpt>
      <trkpt lat="43.1612240" lon="-4.9567170">
        <ele>1546.4</ele>
      </trkpt>
      <trkpt lat="43.1611110" lon="-4.9566430">
        <ele>1543.9</ele>
      </trkpt>
      <trkpt lat="43.1607730" lon="-4.9565340">
        <ele>1537.2</ele>
      </trkpt>
      <trkpt lat="43.1603330" lon="-4.9563680">
        <ele>1528.3</ele>
      </trkpt>
      <trkpt lat="43.1600880" lon="-4.9562100">
        <ele>1523.0</ele>
      </trkpt>
      <trkpt lat="43.1599720" lon="-4.9562050">
        <ele>1520.8</ele>
      </trkpt>
      <trkpt lat="43.1596660" lon="-4.9563890">
        <ele>1514.4</ele>
      </trkpt>
      <trkpt lat="43.1595860" lon="-4.9563910">
        <ele>1512.9</ele>
      </trkpt>
      <trkpt lat="43.1595410" lon="-4.9563190">
        <ele>1511.6</ele>
      </trkpt>
      <trkpt lat="43.1595620" lon="-4.9562250">
        <ele>1510.3</ele>
      </trkpt>
      <trkpt lat="43.1595450" lon="-4.9561340">
        <ele>1509.0</ele>
      </trkpt>
      <trkpt lat="43.1592010" lon="-4.9556650">
        <ele>1500.0</ele>
      </trkpt>
      <trkpt lat="43.1589650" lon="-4.9554300">
        <ele>1494.6</ele>
      </trkpt>
      <trkpt lat="43.1583050" lon="-4.9550630">
        <ele>1481.1</ele>
      </trkpt>
      <trkpt lat="43.1580980" lon="-4.9550860">
        <ele>1476.7</ele>
      </trkpt>
      <trkpt lat="43.1580260" lon="-4.9550460">
        <ele>1475.1</ele>
      </trkpt>
      <trkpt lat="43.1577950" lon="-4.9547960">
        <ele>1468.9</ele>
      </trkpt>
      <trkpt lat="43.1575980" lon="-4.9546660">
        <ele>1464.3</ele>
      </trkpt>
      <trkpt lat="43.1575200" lon="-4.9545770">
        <ele>1462.2</ele>
      </trkpt>
      <trkpt lat="43.1574980" lon="-4.9544970">
        <ele>1460.9</ele>
      </trkpt>
      <trkpt lat="43.1575160" lon="-4.9544090">
        <ele>1459.4</ele>
      </trkpt>
      <trkpt lat="43.1575630" lon="-4.9543460">
        <ele>1458.1</ele>
      </trkpt>
      <trkpt lat="43.1575740" lon="-4.9542740">
        <ele>1456.9</ele>
      </trkpt>
      <trkpt lat="43.1575530" lon="-4.9541880">
        <ele>1455.5</ele>
      </trkpt>
      <trkpt lat="43.1572600" lon="-4.9540260">
        <ele>1448.9</ele>
      </trkpt>
      <trkpt lat="43.1571240" lon="-4.9537980">
        <ele>1444.4</ele>
      </trkpt>
      <trkpt lat="43.1567330" lon="-4.9533890">
        <ele>1434.2</ele>
      </trkpt>
      <trkpt lat="43.1566390" lon="-4.9532210">
        <ele>1431.0</ele>
      </trkpt>
      <trkpt lat="43.1566900" lon="-4.9530810">
        <ele>1428.7</ele>
      </trkpt>
      <trkpt lat="43.1569340" lon="-4.9527400">
        <ele>1421.5</ele>
      </trkpt>
      <trkpt lat="43.1569620" lon="-4.9526760">
        <ele>1420.4</ele>
      </trkpt>
      <trkpt lat="43.1569550" lon="-4.9526370">
        <ele>1419.8</ele>
      </trkpt>
      <trkpt lat="43.1568750" lon="-4.9525940">
        <ele>1418.0</ele>
      </trkpt>
      <trkpt lat="43.1567780" lon="-4.9525980">
        <ele>1416.0</ele>
      </trkpt>
      <trkpt lat="43.1566760" lon="-4.9525390">
        <ele>1413.7</ele>
      </trkpt>
      <trkpt lat="43.1565920" lon="-4.9524320">
        <ele>1411.3</ele>
      </trkpt>
      <trkpt lat="43.1562750" lon="-4.9518760">
        <ele>1401.2</ele>
      </trkpt>
      <trkpt lat="43.1562090" lon="-4.9517990">
        <ele>1399.5</ele>
      </trkpt>
      <trkpt lat="43.1561120" lon="-4.9517470">
        <ele>1397.5</ele>
      </trkpt>
      <trkpt lat="43.1558930" lon="-4.9517700">
        <ele>1393.2</ele>
      </trkpt>
      <trkpt lat="43.1555940" lon="-4.9519950">
        <ele>1386.6</ele>
      </trkpt>
      <trkpt lat="43.1554030" lon="-4.9520880">
        <ele>1382.7</ele>
      </trkpt>
      <trkpt lat="43.1553500" lon="-4.9520840">
        <ele>1381.7</ele>
      </trkpt>
      <trkpt lat="43.1553150" lon="-4.9520280">
        <ele>1380.6</ele>
      </trkpt>
      <trkpt lat="43.1553110" lon="-4.9518610">
        <ele>1378.3</ele>
      </trkpt>
      <trkpt lat="43.1554200" lon="-4.9514460">
        <ele>1372.3</ele>
      </trkpt>
      <trkpt lat="43.1553990" lon="-4.9514170">
        <ele>1371.9</ele>
      </trkpt>
      <trkpt lat="43.1553200" lon="-4.9514340">
        <ele>1370.7</ele>
      </trkpt>
      <trkpt lat="43.1550340" lon="-4.9515930">
        <ele>1365.9</ele>
      </trkpt>
      <trkpt lat="43.1547970" lon="-4.9517880">
        <ele>1361.7</ele>
      </trkpt>
      <trkpt lat="43.1546680" lon="-4.9519770">
        <ele>1358.8</ele>
      </trkpt>
      <trkpt lat="43.1545700" lon="-4.9522110">
        <ele>1355.8</ele>
      </trkpt>
      <trkpt lat="43.1544450" lon="-4.9523910">
        <ele>1353.1</ele>
      </trkpt>
      <trkpt lat="43.1543710" lon="-4.9526800">
        <ele>1349.6</ele>
      </trkpt>
      <trkpt lat="43.1543400" lon="-4.9527330">
        <ele>1348.9</ele>
      </trkpt>
      <trkpt lat="43.1539970" lon="-4.9528600">
        <ele>1343.9</ele>
      </trkpt>
      <trkpt lat="43.1539550" lon="-4.9529150">
        <ele>1343.2</ele>
      </trkpt>
      <trkpt lat="43.1539320" lon="-4.9532450">
        <ele>1340.2</ele>
      </trkpt>
      <trkpt lat="43.1538930" lon="-4.9533280">
        <ele>1339.4</ele>
      </trkpt>
      <trkpt lat="43.1538240" lon="-4.9533860">
        <ele>1338.4</ele>
      </trkpt>
      <trkpt lat="43.1537010" lon="-4.9533680">
        <ele>1336.8</ele>
      </trkpt>
      <trkpt lat="43.1535140" lon="-4.9531630">
        <ele>1333.9</ele>
      </trkpt>
      <trkpt lat="43.1533110" lon="-4.9530680">
        <ele>1331.2</ele>
      </trkpt>
      <trkpt lat="43.1532330" lon="-4.9529160">
        <ele>1329.6</ele>
      </trkpt>
      <trkpt lat="43.1531070" lon="-4.9528060">
        <ele>1327.7</ele>
      </trkpt>
      <trkpt lat="43.1529090" lon="-4.9527770">
        <ele>1325.3</ele>
      </trkpt>
      <trkpt lat="43.1526630" lon="-4.9528100">
        <ele>1323.1</ele>
      </trkpt>
      <trkpt lat="43.1525690" lon="-4.9527630">
        <ele>1322.5</ele>
      </trkpt>
      <trkpt lat="43.1523590" lon="-4.9525430">
        <ele>1321.1</ele>
      </trkpt>
      <trkpt lat="43.1521420" lon="-4.9521620">
        <ele>1319.1</ele>
      </trkpt>
      <trkpt lat="43.1519700" lon="-4.9519400">
        <ele>1317.8</ele>
      </trkpt>
      <trkpt lat="43.1518570" lon="-4.9518350">
        <ele>1317.1</ele>
      </trkpt>
      <trkpt lat="43.1514930" lon="-4.9517180">
        <ele>1315.0</ele>
      </trkpt>
      <trkpt lat="43.1511450" lon="-4.9516470">
        <ele>1313.4</ele>
      </trkpt>
      <trkpt lat="43.1508380" lon="-4.9516740">
        <ele>1312.3</ele>
      </trkpt>
      <trkpt lat="43.1506200" lon="-4.9517490">
        <ele>1311.6</ele>
      </trkpt>
      <trkpt lat="43.1502990" lon="-4.9517550">
        <ele>1310.4</ele>
      </trkpt>
      <trkpt lat="43.1500560" lon="-4.9517020">
        <ele>1309.6</ele>
      </trkpt>
      <trkpt lat="43.1499240" lon="-4.9516390">
        <ele>1309.1</ele>
      </trkpt>
      <trkpt lat="43.1498060" lon="-4.9515370">
        <ele>1308.6</ele>
      </trkpt>
      <trkpt lat="43.1493840" lon="-4.9513660">
        <ele>1306.0</ele>
      </trkpt>
      <trkpt lat="43.1492310" lon="-4.9511970">
        <ele>1303.9</ele>
      </trkpt>
      <trkpt lat="43.1490860" lon="-4.9508750">
        <ele>1301.0</ele>
      </trkpt>
      <trkpt lat="43.1489060" lon="-4.9507250">
        <ele>1298.7</ele>
      </trkpt>
      <trkpt lat="43.1487220" lon="-4.9506660">
        <ele>1296.7</ele>
      </trkpt>
      <trkpt lat="43.1484030" lon="-4.9506320">
        <ele>1293.3</ele>
      </trkpt>
      <trkpt lat="43.1479940" lon="-4.9506660">
        <ele>1288.9</ele>
      </trkpt>
      <trkpt lat="43.1477850" lon="-4.9506130">
        <ele>1285.3</ele>
      </trkpt>
      <trkpt lat="43.1477130" lon="-4.9506620">
        <ele>1283.9</ele>
      </trkpt>
      <trkpt lat="43.1476840" lon="-4.9507730">
        <ele>1282.3</ele>
      </trkpt>
      <trkpt lat="43.1475440" lon="-4.9508800">
        <ele>1279.4</ele>
      </trkpt>
      <trkpt lat="43.1472960" lon="-4.9509060">
        <ele>1274.8</ele>
      </trkpt>
      <trkpt lat="43.1471140" lon="-4.9506160">
        <ele>1269.7</ele>
      </trkpt>
      <trkpt lat="43.1470970" lon="-4.9505480">
        <ele>1268.8</ele>
      </trkpt>
      <trkpt lat="43.1469650" lon="-4.9500150">
        <ele>1261.3</ele>
      </trkpt>
      <trkpt lat="43.1469420" lon="-4.9499480">
        <ele>1260.3</ele>
      </trkpt>
      <trkpt lat="43.1468610" lon="-4.9498560">
        <ele>1258.4</ele>
      </trkpt>
      <trkpt lat="43.1468510" lon="-4.9497310">
        <ele>1256.7</ele>
      </trkpt>
      <trkpt lat="43.1469280" lon="-4.9492320">
        <ele>1250.9</ele>
      </trkpt>
      <trkpt lat="43.1469820" lon="-4.9491050">
        <ele>1249.2</ele>
      </trkpt>
      <trkpt lat="43.1472820" lon="-4.9486490">
        <ele>1242.4</ele>
      </trkpt>
      <trkpt lat="43.1472860" lon="-4.9485630">
        <ele>1241.5</ele>
      </trkpt>
      <trkpt lat="43.1474020" lon="-4.9481890">
        <ele>1237.0</ele>
      </trkpt>
      <trkpt lat="43.1475350" lon="-4.9476080">
        <ele>1230.2</ele>
      </trkpt>
      <trkpt lat="43.1475400" lon="-4.9474070">
        <ele>1227.9</ele>
      </trkpt>
      <trkpt lat="43.1474490" lon="-4.9471680">
        <ele>1223.9</ele>
      </trkpt>
      <trkpt lat="43.1471200" lon="-4.9466840">
        <ele>1214.2</ele>
      </trkpt>
      <trkpt lat="43.1469650" lon="-4.9463930">
        <ele>1208.9</ele>
      </trkpt>
      <trkpt lat="43.1469480" lon="-4.9463060">
        <ele>1207.6</ele>
      </trkpt>
      <trkpt lat="43.1469570" lon="-4.9461630">
        <ele>1205.5</ele>
      </trkpt>
      <trkpt lat="43.1469270" lon="-4.9457900">
        <ele>1200.0</ele>
      </trkpt>
      <trkpt lat="43.1469610" lon="-4.9456180">
        <ele>1197.4</ele>
      </trkpt>
      <trkpt lat="43.1471010" lon="-4.9454590">
        <ele>1193.8</ele>
      </trkpt>
      <trkpt lat="43.1471760" lon="-4.9452710">
        <ele>1190.7</ele>
      </trkpt>
      <trkpt lat="43.1471790" lon="-4.9451400">
        <ele>1188.8</ele>
      </trkpt>
      <trkpt lat="43.1471130" lon="-4.9448290">
        <ele>1184.3</ele>
      </trkpt>
      <trkpt lat="43.1469380" lon="-4.9443680">
        <ele>1176.9</ele>
      </trkpt>
      <trkpt lat="43.1469360" lon="-4.9438420">
        <ele>1169.5</ele>
      </trkpt>
      <trkpt lat="43.1469440" lon="-4.9437000">
        <ele>1167.5</ele>
      </trkpt>
      <trkpt lat="43.1470100" lon="-4.9435420">
        <ele>1165.0</ele>
      </trkpt>
      <trkpt lat="43.1470250" lon="-4.9434110">
        <ele>1163.1</ele>
      </trkpt>
      <trkpt lat="43.1471960" lon="-4.9429050">
        <ele>1154.6</ele>
      </trkpt>
      <trkpt lat="43.1472780" lon="-4.9427740">
        <ele>1151.4</ele>
      </trkpt>
      <trkpt lat="43.1473010" lon="-4.9426570">
        <ele>1149.2</ele>
      </trkpt>
      <trkpt lat="43.1472780" lon="-4.9425160">
        <ele>1146.6</ele>
      </trkpt>
      <trkpt lat="43.1472860" lon="-4.9423640">
        <ele>1143.8</ele>
      </trkpt>
      <trkpt lat="43.1475910" lon="-4.9408610">
        <ele>1115.5</ele>
      </trkpt>
      <trkpt lat="43.1475930" lon="-4.9405380">
        <ele>1109.5</ele>
      </trkpt>
      <trkpt lat="43.1475250" lon="-4.9401540">
        <ele>1102.1</ele>
      </trkpt>
      <trkpt lat="43.1474990" lon="-4.9397880">
        <ele>1095.2</ele>
      </trkpt>
      <trkpt lat="43.1473350" lon="-4.9389450">
        <ele>1078.9</ele>
      </trkpt>
      <trkpt lat="43.1472030" lon="-4.9384030">
        <ele>1068.2</ele>
      </trkpt>
      <trkpt lat="43.1471750" lon="-4.9380110">
        <ele>1061.4</ele>
      </trkpt>
      <trkpt lat="43.1471500" lon="-4.9379280">
        <ele>1059.9</ele>
      </trkpt>
      <trkpt lat="43.1470260" lon="-4.9377610">
        <ele>1055.9</ele>
      </trkpt>
      <trkpt lat="43.1469420" lon="-4.9374570">
        <ele>1050.4</ele>
      </trkpt>
      <trkpt lat="43.1469060" lon="-4.9366970">
        <ele>1037.5</ele>
      </trkpt>
      <trkpt lat="43.1470040" lon="-4.9360320">
        <ele>1026.1</ele>
      </trkpt>
      <trkpt lat="43.1470120" lon="-4.9346640">
        <ele>1002.1</ele>
      </trkpt>
      <trkpt lat="43.1470620" lon="-4.9344010">
        <ele>997.3</ele>
      </trkpt>
      <trkpt lat="43.1470550" lon="-4.9342510">
        <ele>994.7</ele>
      </trkpt>
      <trkpt lat="43.1471020" lon="-4.9338110">
        <ele>986.9</ele>
      </trkpt>
      <trkpt lat="43.1472470" lon="-4.9332580">
        <ele>978.2</ele>
      </trkpt>
      <trkpt lat="43.1472860" lon="-4.9329580">
        <ele>974.6</ele>
      </trkpt>
      <trkpt lat="43.1474190" lon="-4.9326200">
        <ele>970.1</ele>
      </trkpt>
      <trkpt lat="43.1474620" lon="-4.9323730">
        <ele>967.1</ele>
      </trkpt>
      <trkpt lat="43.1475670" lon="-4.9320570">
        <ele>963.0</ele>
      </trkpt>
      <trkpt lat="43.1475600" lon="-4.9319670">
        <ele>961.9</ele>
      </trkpt>
      <trkpt lat="43.1475070" lon="-4.9319480">
        <ele>961.0</ele>
      </trkpt>
      <trkpt lat="43.1472690" lon="-4.9321140">
        <ele>956.7</ele>
      </trkpt>
      <trkpt lat="43.1472470" lon="-4.9321200">
        <ele>956.3</ele>
      </trkpt>
      <trkpt lat="43.1472390" lon="-4.9320890">
        <ele>955.9</ele>
      </trkpt>
      <trkpt lat="43.1473010" lon="-4.9317510">
        <ele>952.2</ele>
      </trkpt>
      <trkpt lat="43.1475050" lon="-4.9312730">
        <ele>949.4</ele>
      </trkpt>
      <trkpt lat="43.1475630" lon="-4.9310800">
        <ele>948.4</ele>
      </trkpt>
      <trkpt lat="43.1474770" lon="-4.9309210">
        <ele>947.4</ele>
      </trkpt>
      <trkpt lat="43.1473980" lon="-4.9305780">
        <ele>945.6</ele>
      </trkpt>
      <trkpt lat="43.1473460" lon="-4.9305320">
        <ele>945.2</ele>
      </trkpt>
      <trkpt lat="43.1472890" lon="-4.9303530">
        <ele>944.2</ele>
      </trkpt>
      <trkpt lat="43.1472330" lon="-4.9303010">
        <ele>943.7</ele>
      </trkpt>
      <trkpt lat="43.1470470" lon="-4.9302950">
        <ele>942.4</ele>
      </trkpt>
      <trkpt lat="43.1474110" lon="-4.9298090">
        <ele>939.7</ele>
      </trkpt>
      <trkpt lat="43.1476490" lon="-4.9294940">
        <ele>938.7</ele>
      </trkpt>
      <trkpt lat="43.1476950" lon="-4.9294190">
        <ele>938.6</ele>
      </trkpt>
      <trkpt lat="43.1477310" lon="-4.9293600">
        <ele>938.4</ele>
      </trkpt>
      <trkpt lat="43.1478740" lon="-4.9291420">
        <ele>937.8</ele>
      </trkpt>
      <trkpt lat="43.1481040" lon="-4.9284410">
        <ele>936.3</ele>
      </trkpt>
      <trkpt lat="43.1482740" lon="-4.9282020">
        <ele>935.6</ele>
      </trkpt>
      <trkpt lat="43.1484440" lon="-4.9276600">
        <ele>934.4</ele>
      </trkpt>
      <trkpt lat="43.1485840" lon="-4.9270860">
        <ele>933.2</ele>
      </trkpt>
      <trkpt lat="43.1486430" lon="-4.9265980">
        <ele>932.2</ele>
      </trkpt>
      <trkpt lat="43.1487770" lon="-4.9259590">
        <ele>930.9</ele>
      </trkpt>
      <trkpt lat="43.1487620" lon="-4.9256750">
        <ele>930.3</ele>
      </trkpt>
      <trkpt lat="43.1489670" lon="-4.9249370">
        <ele>928.2</ele>
      </trkpt>
      <trkpt lat="43.1489610" lon="-4.9242050">
        <ele>926.3</ele>
      </trkpt>
      <trkpt lat="43.1489870" lon="-4.9240090">
        <ele>925.8</ele>
      </trkpt>
      <trkpt lat="43.1491880" lon="-4.9235380">
        <ele>924.4</ele>
      </trkpt>
      <trkpt lat="43.1493810" lon="-4.9232850">
        <ele>923.5</ele>
      </trkpt>
      <trkpt lat="43.1495830" lon="-4.9231860">
        <ele>923.0</ele>
      </trkpt>
      <trkpt lat="43.1499970" lon="-4.9232030">
        <ele>922.0</ele>
      </trkpt>
      <trkpt lat="43.1501340" lon="-4.9231740">
        <ele>921.6</ele>
      </trkpt>
      <trkpt lat="43.1502440" lon="-4.9231230">
        <ele>921.4</ele>
      </trkpt>
      <trkpt lat="43.1504410" lon="-4.9228600">
        <ele>920.7</ele>
      </trkpt>
      <trkpt lat="43.1506280" lon="-4.9226940">
        <ele>920.1</ele>
      </trkpt>
      <trkpt lat="43.1507360" lon="-4.9224960">
        <ele>919.7</ele>
      </trkpt>
      <trkpt lat="43.1507780" lon="-4.9222710">
        <ele>919.4</ele>
      </trkpt>
      <trkpt lat="43.1507580" lon="-4.9220240">
        <ele>919.8</ele>
      </trkpt>
      <trkpt lat="43.1507100" lon="-4.9217970">
        <ele>920.2</ele>
      </trkpt>
      <trkpt lat="43.1506030" lon="-4.9215700">
        <ele>920.6</ele>
      </trkpt>
      <trkpt lat="43.1504140" lon="-4.9212690">
        <ele>921.2</ele>
      </trkpt>
      <trkpt lat="43.1506470" lon="-4.9192260">
        <ele>923.1</ele>
      </trkpt>
      <trkpt lat="43.1505500" lon="-4.9188830">
        <ele>923.1</ele>
      </trkpt>
      <trkpt lat="43.1505460" lon="-4.9187390">
        <ele>923.1</ele>
      </trkpt>
      <trkpt lat="43.1506590" lon="-4.9186070">
        <ele>923.1</ele>
      </trkpt>
      <trkpt lat="43.1507540" lon="-4.9184920">
        <ele>923.1</ele>
      </trkpt>
      <trkpt lat="43.1508230" lon="-4.9184260">
        <ele>923.1</ele>
      </trkpt>
      <trkpt lat="43.1508620" lon="-4.9184690">
        <ele>923.1</ele>
      </trkpt>
      <trkpt lat="43.1509940" lon="-4.9183210">
        <ele>923.1</ele>
      </trkpt>
      <trkpt lat="43.1510480" lon="-4.9182600">
        <ele>923.1</ele>
      </trkpt>
      <trkpt lat="43.1511760" lon="-4.9180710">
        <ele>923.1</ele>
      </trkpt>
      <trkpt lat="43.1512300" lon="-4.9179910">
        <ele>923.1</ele>
      </trkpt>
      <trkpt lat="43.1511760" lon="-4.9180710">
        <ele>923.1</ele>
      </trkpt>
    </trkseg>
  </trk>
</gpx>