<?xml version='1.0' encoding='UTF-8'?>
<gpx version="1.1" creator="https://www.komoot.de" xmlns="http://www.topografix.com/GPX/1/1" xmlns:xsi="http://www.w3.org/2001/XMLSchema-instance" xsi:schemaLocation="http://www.topografix.com/GPX/1/1 http://www.topografix.com/GPX/1/1/gpx.xsd">
  <metadata>
    <name>anillo_picos_day2</name>
    <author>
      <link href="https://www.komoot.de">
        <text>komoot</text>
        <type>text/html</type>
      </link>
    </author>
  </metadata>
  <wpt lat="43.232567" lon="-4.747452">
    <name>Sotres</name>
    <sym>Shopping Center</sym>
  </wpt>
  <trk>
    <name>anillo_picos_day2</name>
    <type>hike</type>
    <trkseg>
      <trkpt lat="43.173204" lon="-4.869326">
        <ele>2041.676802</ele>
        <time>2026-07-14T14:21:10.485Z</time>
      </trkpt>
      <trkpt lat="43.173254" lon="-4.869372">
        <ele>2041.676802</ele>
        <time>2026-07-14T14:21:18.341Z</time>
      </trkpt>
      <trkpt lat="43.173330" lon="-4.869390">
        <ele>2041.676802</ele>
        <time>2026-07-14T14:21:28.353Z</time>
      </trkpt>
      <trkpt lat="43.173597" lon="-4.869362">
        <ele>2041.676802</ele>
        <time>2026-07-14T14:22:03.693Z</time>
      </trkpt>
      <trkpt lat="43.173698" lon="-4.869290">
        <ele>2041.676802</ele>
        <time>2026-07-14T14:22:18.514Z</time>
      </trkpt>
      <trkpt lat="43.173707" lon="-4.869200">
        <ele>2041.676802</ele>
        <time>2026-07-14T14:22:26.981Z</time>
      </trkpt>
      <trkpt lat="43.173828" lon="-4.869097">
        <ele>2041.676802</ele>
        <time>2026-07-14T14:22:44.929Z</time>
      </trkpt>
      <trkpt lat="43.173850" lon="-4.869011">
        <ele>2041.676802</ele>
        <time>2026-07-14T14:22:53.303Z</time>
      </trkpt>
      <trkpt lat="43.173845" lon="-4.868895">
        <ele>2041.676802</ele>
        <time>2026-07-14T14:23:04.236Z</time>
      </trkpt>
      <trkpt lat="43.173753" lon="-4.868787">
        <ele>2041.846321</ele>
        <time>2026-07-14T14:23:19.720Z</time>
      </trkpt>
      <trkpt lat="43.173768" lon="-4.868648">
        <ele>2042.018968</ele>
        <time>2026-07-14T14:23:33.376Z</time>
      </trkpt>
      <trkpt lat="43.173809" lon="-4.868522">
        <ele>2042.188494</ele>
        <time>2026-07-14T14:23:47.190Z</time>
      </trkpt>
      <trkpt lat="43.173783" lon="-4.868328">
        <ele>2042.430851</ele>
        <time>2026-07-14T14:24:05.838Z</time>
      </trkpt>
      <trkpt lat="43.173786" lon="-4.868174">
        <ele>2042.620136</ele>
        <time>2026-07-14T14:24:20.041Z</time>
      </trkpt>
      <trkpt lat="43.173719" lon="-4.867962">
        <ele>2042.904025</ele>
        <time>2026-07-14T14:24:41.327Z</time>
      </trkpt>
      <trkpt lat="43.173781" lon="-4.867751">
        <ele>2043.183530</ele>
        <time>2026-07-14T14:25:02.529Z</time>
      </trkpt>
      <trkpt lat="43.173850" lon="-4.867640">
        <ele>2043.362737</ele>
        <time>2026-07-14T14:25:16.398Z</time>
      </trkpt>
      <trkpt lat="43.173864" lon="-4.867491">
        <ele>2043.547324</ele>
        <time>2026-07-14T14:25:30.785Z</time>
      </trkpt>
      <trkpt lat="43.173835" lon="-4.867375">
        <ele>2043.697993</ele>
        <time>2026-07-14T14:25:42.458Z</time>
      </trkpt>
      <trkpt lat="43.173867" lon="-4.867305">
        <ele>2043.799502</ele>
        <time>2026-07-14T14:25:50.102Z</time>
      </trkpt>
      <trkpt lat="43.173887" lon="-4.867127">
        <ele>2044.020789</ele>
        <time>2026-07-14T14:26:06.816Z</time>
      </trkpt>
      <trkpt lat="43.173855" lon="-4.867045">
        <ele>2044.135059</ele>
        <time>2026-07-14T14:26:15.844Z</time>
      </trkpt>
      <trkpt lat="43.173856" lon="-4.866946">
        <ele>2044.256710</ele>
        <time>2026-07-14T14:26:25.698Z</time>
      </trkpt>
      <trkpt lat="43.173679" lon="-4.866738">
        <ele>2044.649447</ele>
        <time>2026-07-14T14:27:00.686Z</time>
      </trkpt>
      <trkpt lat="43.173619" lon="-4.866507">
        <ele>2046.973597</ele>
        <time>2026-07-14T14:27:29.480Z</time>
      </trkpt>
      <trkpt lat="43.173516" lon="-4.866376">
        <ele>2049.175755</ele>
        <time>2026-07-14T14:27:52.817Z</time>
      </trkpt>
      <trkpt lat="43.173284" lon="-4.866162">
        <ele>2053.558715</ele>
        <time>2026-07-14T14:28:42.056Z</time>
      </trkpt>
      <trkpt lat="43.173261" lon="-4.866099">
        <ele>2054.364122</ele>
        <time>2026-07-14T14:28:51.569Z</time>
      </trkpt>
      <trkpt lat="43.173134" lon="-4.865953">
        <ele>2056.961984</ele>
        <time>2026-07-14T14:29:23.265Z</time>
      </trkpt>
      <trkpt lat="43.173081" lon="-4.865893">
        <ele>2058.039338</ele>
        <time>2026-07-14T14:29:36.918Z</time>
      </trkpt>
      <trkpt lat="43.172913" lon="-4.865796">
        <ele>2060.896739</ele>
        <time>2026-07-14T14:30:16.902Z</time>
      </trkpt>
      <trkpt lat="43.172766" lon="-4.865565">
        <ele>2064.401502</ele>
        <time>2026-07-14T14:31:03.223Z</time>
      </trkpt>
      <trkpt lat="43.172640" lon="-4.865511">
        <ele>2066.470821</ele>
        <time>2026-07-14T14:31:33.864Z</time>
      </trkpt>
      <trkpt lat="43.172462" lon="-4.865221">
        <ele>2070.803984</ele>
        <time>2026-07-14T14:32:49.968Z</time>
      </trkpt>
      <trkpt lat="43.172260" lon="-4.865015">
        <ele>2075.787263</ele>
        <time>2026-07-14T14:34:06.934Z</time>
      </trkpt>
      <trkpt lat="43.172198" lon="-4.864897">
        <ele>2078.382615</ele>
        <time>2026-07-14T14:34:39.977Z</time>
      </trkpt>
      <trkpt lat="43.172153" lon="-4.864901">
        <ele>2079.486047</ele>
        <time>2026-07-14T14:34:54.792Z</time>
      </trkpt>
      <trkpt lat="43.172114" lon="-4.864863">
        <ele>2080.656755</ele>
        <time>2026-07-14T14:35:10.686Z</time>
      </trkpt>
      <trkpt lat="43.171930" lon="-4.864771">
        <ele>2085.449115</ele>
        <time>2026-07-14T14:36:10.061Z</time>
      </trkpt>
      <trkpt lat="43.171800" lon="-4.864742">
        <ele>2088.671953</ele>
        <time>2026-07-14T14:36:50.285Z</time>
      </trkpt>
      <trkpt lat="43.171731" lon="-4.864604">
        <ele>2091.657840</ele>
        <time>2026-07-14T14:37:27.183Z</time>
      </trkpt>
      <trkpt lat="43.171567" lon="-4.864443">
        <ele>2096.593319</ele>
        <time>2026-07-14T14:38:24.438Z</time>
      </trkpt>
      <trkpt lat="43.171514" lon="-4.864352">
        <ele>2098.671570</ele>
        <time>2026-07-14T14:38:49.641Z</time>
      </trkpt>
      <trkpt lat="43.171458" lon="-4.864349">
        <ele>2100.042899</ele>
        <time>2026-07-14T14:39:04.997Z</time>
      </trkpt>
      <trkpt lat="43.171397" lon="-4.864389">
        <ele>2101.697437</ele>
        <time>2026-07-14T14:39:24.428Z</time>
      </trkpt>
      <trkpt lat="43.171340" lon="-4.864363">
        <ele>2103.167342</ele>
        <time>2026-07-14T14:39:42.296Z</time>
      </trkpt>
      <trkpt lat="43.171134" lon="-4.864421">
        <ele>2108.313198</ele>
        <time>2026-07-14T14:40:39.590Z</time>
      </trkpt>
      <trkpt lat="43.170952" lon="-4.864337">
        <ele>2113.012146</ele>
        <time>2026-07-14T14:41:32.811Z</time>
      </trkpt>
      <trkpt lat="43.170908" lon="-4.864350">
        <ele>2114.113509</ele>
        <time>2026-07-14T14:41:46.323Z</time>
      </trkpt>
      <trkpt lat="43.170853" lon="-4.864238">
        <ele>2116.523110</ele>
        <time>2026-07-14T14:42:14.095Z</time>
      </trkpt>
      <trkpt lat="43.170765" lon="-4.864161">
        <ele>2118.210488</ele>
        <time>2026-07-14T14:42:42.280Z</time>
      </trkpt>
      <trkpt lat="43.170577" lon="-4.864149">
        <ele>2120.970943</ele>
        <time>2026-07-14T14:43:29.311Z</time>
      </trkpt>
      <trkpt lat="43.170656" lon="-4.864031">
        <ele>2122.684409</ele>
        <time>2026-07-14T14:43:57.031Z</time>
      </trkpt>
      <trkpt lat="43.170609" lon="-4.864008">
        <ele>2123.416366</ele>
        <time>2026-07-14T14:44:08.470Z</time>
      </trkpt>
      <trkpt lat="43.170509" lon="-4.863867">
        <ele>2125.520247</ele>
        <time>2026-07-14T14:44:40.537Z</time>
      </trkpt>
      <trkpt lat="43.170389" lon="-4.863796">
        <ele>2127.437211</ele>
        <time>2026-07-14T14:45:08.025Z</time>
      </trkpt>
      <trkpt lat="43.170300" lon="-4.863796">
        <ele>2128.742608</ele>
        <time>2026-07-14T14:45:25.679Z</time>
      </trkpt>
      <trkpt lat="43.170281" lon="-4.863740">
        <ele>2129.403305</ele>
        <time>2026-07-14T14:45:34.377Z</time>
      </trkpt>
      <trkpt lat="43.170136" lon="-4.863760">
        <ele>2131.540810</ele>
        <time>2026-07-14T14:46:01.609Z</time>
      </trkpt>
      <trkpt lat="43.170027" lon="-4.863855">
        <ele>2133.435206</ele>
        <time>2026-07-14T14:46:24.686Z</time>
      </trkpt>
      <trkpt lat="43.169871" lon="-4.863898">
        <ele>2135.769097</ele>
        <time>2026-07-14T14:46:52.172Z</time>
      </trkpt>
      <trkpt lat="43.169804" lon="-4.864001">
        <ele>2137.245495</ele>
        <time>2026-07-14T14:47:09.250Z</time>
      </trkpt>
      <trkpt lat="43.169713" lon="-4.864072">
        <ele>2138.781193</ele>
        <time>2026-07-14T14:47:26.960Z</time>
      </trkpt>
      <trkpt lat="43.169505" lon="-4.864050">
        <ele>2141.841073</ele>
        <time>2026-07-14T14:48:01.563Z</time>
      </trkpt>
      <trkpt lat="43.169268" lon="-4.864102">
        <ele>2144.332126</ele>
        <time>2026-07-14T14:48:40.640Z</time>
      </trkpt>
      <trkpt lat="43.169049" lon="-4.864020">
        <ele>2146.003691</ele>
        <time>2026-07-14T14:49:17.778Z</time>
      </trkpt>
      <trkpt lat="43.168801" lon="-4.863709">
        <ele>2148.478323</ele>
        <time>2026-07-14T14:50:12.481Z</time>
      </trkpt>
      <trkpt lat="43.168748" lon="-4.863694">
        <ele>2148.876794</ele>
        <time>2026-07-14T14:50:21.200Z</time>
      </trkpt>
      <trkpt lat="43.168665" lon="-4.863615">
        <ele>2149.620753</ele>
        <time>2026-07-14T14:50:37.774Z</time>
      </trkpt>
      <trkpt lat="43.168478" lon="-4.863540">
        <ele>2151.055352</ele>
        <time>2026-07-14T14:51:10.083Z</time>
      </trkpt>
      <trkpt lat="43.168514" lon="-4.863281">
        <ele>2152.471278</ele>
        <time>2026-07-14T14:51:42.277Z</time>
      </trkpt>
      <trkpt lat="43.168515" lon="-4.863046">
        <ele>2153.733305</ele>
        <time>2026-07-14T14:52:09.750Z</time>
      </trkpt>
      <trkpt lat="43.168476" lon="-4.863035">
        <ele>2154.026479</ele>
        <time>2026-07-14T14:52:16.049Z</time>
      </trkpt>
      <trkpt lat="43.168364" lon="-4.863077">
        <ele>2154.881435</ele>
        <time>2026-07-14T14:52:33.410Z</time>
      </trkpt>
      <trkpt lat="43.168341" lon="-4.862959">
        <ele>2155.537364</ele>
        <time>2026-07-14T14:52:45.913Z</time>
      </trkpt>
      <trkpt lat="43.168241" lon="-4.862837">
        <ele>2156.522961</ele>
        <time>2026-07-14T14:53:04.258Z</time>
      </trkpt>
      <trkpt lat="43.168191" lon="-4.862753">
        <ele>2156.555528</ele>
        <time>2026-07-14T14:53:14.618Z</time>
      </trkpt>
      <trkpt lat="43.168224" lon="-4.862488">
        <ele>2156.599928</ele>
        <time>2026-07-14T14:53:39.436Z</time>
      </trkpt>
      <trkpt lat="43.168141" lon="-4.862447">
        <ele>2156.619906</ele>
        <time>2026-07-14T14:53:51.015Z</time>
      </trkpt>
      <trkpt lat="43.168000" lon="-4.862289">
        <ele>2156.661142</ele>
        <time>2026-07-14T14:54:15.139Z</time>
      </trkpt>
      <trkpt lat="43.168017" lon="-4.862112">
        <ele>2156.690628</ele>
        <time>2026-07-14T14:54:32.593Z</time>
      </trkpt>
      <trkpt lat="43.167929" lon="-4.862072">
        <ele>2156.711621</ele>
        <time>2026-07-14T14:54:45.151Z</time>
      </trkpt>
      <trkpt lat="43.167767" lon="-4.862064">
        <ele>2156.748330</ele>
        <time>2026-07-14T14:55:06.772Z</time>
      </trkpt>
      <trkpt lat="43.167615" lon="-4.862177">
        <ele>2156.787484</ele>
        <time>2026-07-14T14:55:28.809Z</time>
      </trkpt>
      <trkpt lat="43.167544" lon="-4.862163">
        <ele>2156.803727</ele>
        <time>2026-07-14T14:55:37.988Z</time>
      </trkpt>
      <trkpt lat="43.167495" lon="-4.862106">
        <ele>2156.818278</ele>
        <time>2026-07-14T14:55:46.082Z</time>
      </trkpt>
      <trkpt lat="43.167487" lon="-4.862016">
        <ele>2156.833253</ele>
        <time>2026-07-14T14:55:54.713Z</time>
      </trkpt>
      <trkpt lat="43.167434" lon="-4.861964">
        <ele>2156.848011</ele>
        <time>2026-07-14T14:56:03.095Z</time>
      </trkpt>
      <trkpt lat="43.167397" lon="-4.861837">
        <ele>2156.870597</ele>
        <time>2026-07-14T14:56:16.375Z</time>
      </trkpt>
      <trkpt lat="43.167335" lon="-4.861793">
        <ele>2156.886406</ele>
        <time>2026-07-14T14:56:25.310Z</time>
      </trkpt>
      <trkpt lat="43.167216" lon="-4.861796">
        <ele>2156.913358</ele>
        <time>2026-07-14T14:56:40.785Z</time>
      </trkpt>
      <trkpt lat="43.167067" lon="-4.861519">
        <ele>2157.010056</ele>
        <time>2026-07-14T14:57:14.055Z</time>
      </trkpt>
      <trkpt lat="43.167072" lon="-4.861336">
        <ele>2157.088862</ele>
        <time>2026-07-14T14:57:32.230Z</time>
      </trkpt>
      <trkpt lat="43.167042" lon="-4.861170">
        <ele>2157.162457</ele>
        <time>2026-07-14T14:57:49.308Z</time>
      </trkpt>
      <trkpt lat="43.167102" lon="-4.861070">
        <ele>2157.218180</ele>
        <time>2026-07-14T14:58:02.499Z</time>
      </trkpt>
      <trkpt lat="43.167090" lon="-4.860714">
        <ele>2157.371542</ele>
        <time>2026-07-14T14:58:38.713Z</time>
      </trkpt>
      <trkpt lat="43.167126" lon="-4.860506">
        <ele>2157.463537</ele>
        <time>2026-07-14T14:59:00.868Z</time>
      </trkpt>
      <trkpt lat="43.167110" lon="-4.860402">
        <ele>2157.509277</ele>
        <time>2026-07-14T14:59:11.903Z</time>
      </trkpt>
      <trkpt lat="43.167130" lon="-4.860279">
        <ele>2157.563507</ele>
        <time>2026-07-14T14:59:24.864Z</time>
      </trkpt>
      <trkpt lat="43.166909" lon="-4.859912">
        <ele>2157.768312</ele>
        <time>2026-07-14T15:00:08.301Z</time>
      </trkpt>
      <trkpt lat="43.166802" lon="-4.859505">
        <ele>2157.954488</ele>
        <time>2026-07-14T15:00:51.481Z</time>
      </trkpt>
      <trkpt lat="43.166802" lon="-4.859416">
        <ele>2157.992788</ele>
        <time>2026-07-14T15:01:00.611Z</time>
      </trkpt>
      <trkpt lat="43.166845" lon="-4.859347">
        <ele>2158.011345</ele>
        <time>2026-07-14T15:01:09.757Z</time>
      </trkpt>
      <trkpt lat="43.166880" lon="-4.859136">
        <ele>2158.028832</ele>
        <time>2026-07-14T15:01:31.388Z</time>
      </trkpt>
      <trkpt lat="43.166871" lon="-4.859077">
        <ele>2158.033703</ele>
        <time>2026-07-14T15:01:37.263Z</time>
      </trkpt>
      <trkpt lat="43.166911" lon="-4.858948">
        <ele>2158.045031</ele>
        <time>2026-07-14T15:01:50.944Z</time>
      </trkpt>
      <trkpt lat="43.166939" lon="-4.858938">
        <ele>2158.048237</ele>
        <time>2026-07-14T15:01:55.453Z</time>
      </trkpt>
      <trkpt lat="43.167025" lon="-4.858692">
        <ele>2158.070283</ele>
        <time>2026-07-14T15:02:25.967Z</time>
      </trkpt>
      <trkpt lat="43.167202" lon="-4.858606">
        <ele>2158.091089</ele>
        <time>2026-07-14T15:02:56.112Z</time>
      </trkpt>
      <trkpt lat="43.167239" lon="-4.858556">
        <ele>2158.096846</ele>
        <time>2026-07-14T15:03:04.869Z</time>
      </trkpt>
      <trkpt lat="43.167311" lon="-4.858349">
        <ele>2158.115379</ele>
        <time>2026-07-14T15:03:33.858Z</time>
      </trkpt>
      <trkpt lat="43.167362" lon="-4.858078">
        <ele>2158.137997</ele>
        <time>2026-07-14T15:04:09.257Z</time>
      </trkpt>
      <trkpt lat="43.167416" lon="-4.858004">
        <ele>2158.146456</ele>
        <time>2026-07-14T15:04:22.232Z</time>
      </trkpt>
      <trkpt lat="43.167454" lon="-4.857896">
        <ele>2158.156146</ele>
        <time>2026-07-14T15:04:37.229Z</time>
      </trkpt>
      <trkpt lat="43.167713" lon="-4.857603">
        <ele>2158.193351</ele>
        <time>2026-07-14T15:05:30.871Z</time>
      </trkpt>
      <trkpt lat="43.167854" lon="-4.857250">
        <ele>2157.240094</ele>
        <time>2026-07-14T15:06:15.195Z</time>
      </trkpt>
      <trkpt lat="43.168006" lon="-4.856635">
        <ele>2154.703537</ele>
        <time>2026-07-14T15:07:34.462Z</time>
      </trkpt>
      <trkpt lat="43.168006" lon="-4.856415">
        <ele>2153.844154</ele>
        <time>2026-07-14T15:08:03.321Z</time>
      </trkpt>
      <trkpt lat="43.167968" lon="-4.856044">
        <ele>2152.380700</ele>
        <time>2026-07-14T15:08:54.010Z</time>
      </trkpt>
      <trkpt lat="43.168031" lon="-4.855679">
        <ele>2150.915523</ele>
        <time>2026-07-14T15:09:44.525Z</time>
      </trkpt>
      <trkpt lat="43.168123" lon="-4.855429">
        <ele>2149.821685</ele>
        <time>2026-07-14T15:10:20.623Z</time>
      </trkpt>
      <trkpt lat="43.168161" lon="-4.855111">
        <ele>2148.591133</ele>
        <time>2026-07-14T15:10:59.541Z</time>
      </trkpt>
      <trkpt lat="43.168139" lon="-4.855004">
        <ele>2149.417180</ele>
        <time>2026-07-14T15:11:12.027Z</time>
      </trkpt>
      <trkpt lat="43.168208" lon="-4.854652">
        <ele>2152.125515</ele>
        <time>2026-07-14T15:11:55.597Z</time>
      </trkpt>
      <trkpt lat="43.168322" lon="-4.854139">
        <ele>2156.110335</ele>
        <time>2026-07-14T15:13:14.679Z</time>
      </trkpt>
      <trkpt lat="43.168610" lon="-4.853589">
        <ele>2161.141257</ele>
        <time>2026-07-14T15:15:26.717Z</time>
      </trkpt>
      <trkpt lat="43.168745" lon="-4.852717">
        <ele>2167.912442</ele>
        <time>2026-07-14T15:18:15.552Z</time>
      </trkpt>
      <trkpt lat="43.168538" lon="-4.852262">
        <ele>2172.574241</ele>
        <time>2026-07-14T15:19:38.197Z</time>
      </trkpt>
      <trkpt lat="43.168482" lon="-4.852004">
        <ele>2174.914288</ele>
        <time>2026-07-14T15:20:17.143Z</time>
      </trkpt>
      <trkpt lat="43.168394" lon="-4.851287">
        <ele>2181.234923</ele>
        <time>2026-07-14T15:21:59.757Z</time>
      </trkpt>
      <trkpt lat="43.167688" lon="-4.849925">
        <ele>2202.396133</ele>
        <time>2026-07-14T15:26:36.101Z</time>
      </trkpt>
      <trkpt lat="43.167680" lon="-4.849629">
        <ele>2207.272029</ele>
        <time>2026-07-14T15:27:45.440Z</time>
      </trkpt>
      <trkpt lat="43.167630" lon="-4.849508">
        <ele>2209.561316</ele>
        <time>2026-07-14T15:28:19.744Z</time>
      </trkpt>
      <trkpt lat="43.167525" lon="-4.849364">
        <ele>2212.913182</ele>
        <time>2026-07-14T15:29:12.107Z</time>
      </trkpt>
      <trkpt lat="43.167174" lon="-4.848579">
        <ele>2228.070396</ele>
        <time>2026-07-14T15:33:31.633Z</time>
      </trkpt>
      <trkpt lat="43.167019" lon="-4.848002">
        <ele>2237.510914</ele>
        <time>2026-07-14T15:36:38.470Z</time>
      </trkpt>
      <trkpt lat="43.166925" lon="-4.847471">
        <ele>2245.843942</ele>
        <time>2026-07-14T15:39:17.894Z</time>
      </trkpt>
      <trkpt lat="43.166867" lon="-4.847258">
        <ele>2249.311262</ele>
        <time>2026-07-14T15:40:17.553Z</time>
      </trkpt>
      <trkpt lat="43.166847" lon="-4.847046">
        <ele>2252.571270</ele>
        <time>2026-07-14T15:41:07.982Z</time>
      </trkpt>
      <trkpt lat="43.166687" lon="-4.846819">
        <ele>2257.385454</ele>
        <time>2026-07-14T15:42:10.210Z</time>
      </trkpt>
      <trkpt lat="43.166340" lon="-4.846482">
        <ele>2266.276746</ele>
        <time>2026-07-14T15:43:32.675Z</time>
      </trkpt>
      <trkpt lat="43.166267" lon="-4.846365">
        <ele>2266.037062</ele>
        <time>2026-07-14T15:43:50.831Z</time>
      </trkpt>
      <trkpt lat="43.166224" lon="-4.846184">
        <ele>2265.340258</ele>
        <time>2026-07-14T15:44:11.882Z</time>
      </trkpt>
      <trkpt lat="43.166244" lon="-4.845995">
        <ele>2264.641186</ele>
        <time>2026-07-14T15:44:34.339Z</time>
      </trkpt>
      <trkpt lat="43.166218" lon="-4.845860">
        <ele>2264.130086</ele>
        <time>2026-07-14T15:44:51.489Z</time>
      </trkpt>
      <trkpt lat="43.166115" lon="-4.845555">
        <ele>2262.899779</ele>
        <time>2026-07-14T15:45:34.497Z</time>
      </trkpt>
      <trkpt lat="43.166093" lon="-4.845490">
        <ele>2262.637478</ele>
        <time>2026-07-14T15:45:44.106Z</time>
      </trkpt>
      <trkpt lat="43.166024" lon="-4.844696">
        <ele>2259.710502</ele>
        <time>2026-07-14T15:47:33.286Z</time>
      </trkpt>
      <trkpt lat="43.165978" lon="-4.844393">
        <ele>2258.577605</ele>
        <time>2026-07-14T15:48:14.380Z</time>
      </trkpt>
      <trkpt lat="43.166011" lon="-4.844186">
        <ele>2257.801997</ele>
        <time>2026-07-14T15:48:40.891Z</time>
      </trkpt>
      <trkpt lat="43.166024" lon="-4.843888">
        <ele>2259.740359</ele>
        <time>2026-07-14T15:49:15.620Z</time>
      </trkpt>
      <trkpt lat="43.166136" lon="-4.843392">
        <ele>2265.023401</ele>
        <time>2026-07-14T15:50:18.167Z</time>
      </trkpt>
      <trkpt lat="43.166136" lon="-4.843176">
        <ele>2267.221165</ele>
        <time>2026-07-14T15:50:49.004Z</time>
      </trkpt>
      <trkpt lat="43.166096" lon="-4.843000">
        <ele>2269.096859</ele>
        <time>2026-07-14T15:51:18.126Z</time>
      </trkpt>
      <trkpt lat="43.166313" lon="-4.842210">
        <ele>2277.686095</ele>
        <time>2026-07-14T15:54:16.621Z</time>
      </trkpt>
      <trkpt lat="43.166435" lon="-4.841908">
        <ele>2281.198719</ele>
        <time>2026-07-14T15:55:51.647Z</time>
      </trkpt>
      <trkpt lat="43.166457" lon="-4.841384">
        <ele>2288.505831</ele>
        <time>2026-07-14T15:58:32.905Z</time>
      </trkpt>
      <trkpt lat="43.166550" lon="-4.840907">
        <ele>2296.039400</ele>
        <time>2026-07-14T16:01:06.317Z</time>
      </trkpt>
      <trkpt lat="43.166543" lon="-4.840857">
        <ele>2296.816222</ele>
        <time>2026-07-14T16:01:22.334Z</time>
      </trkpt>
      <trkpt lat="43.166630" lon="-4.840811">
        <ele>2298.766851</ele>
        <time>2026-07-14T16:02:00.877Z</time>
      </trkpt>
      <trkpt lat="43.166590" lon="-4.840627">
        <ele>2301.696353</ele>
        <time>2026-07-14T16:02:55.463Z</time>
      </trkpt>
      <trkpt lat="43.166607" lon="-4.840508">
        <ele>2303.546542</ele>
        <time>2026-07-14T16:03:27.347Z</time>
      </trkpt>
      <trkpt lat="43.166582" lon="-4.840410">
        <ele>2305.130637</ele>
        <time>2026-07-14T16:03:52.528Z</time>
      </trkpt>
      <trkpt lat="43.166602" lon="-4.840368">
        <ele>2305.895956</ele>
        <time>2026-07-14T16:04:03.899Z</time>
      </trkpt>
      <trkpt lat="43.166578" lon="-4.840251">
        <ele>2307.750387</ele>
        <time>2026-07-14T16:04:30.767Z</time>
      </trkpt>
      <trkpt lat="43.166630" lon="-4.840183">
        <ele>2309.253652</ele>
        <time>2026-07-14T16:04:50.208Z</time>
      </trkpt>
      <trkpt lat="43.166617" lon="-4.840107">
        <ele>2310.444715</ele>
        <time>2026-07-14T16:05:05.191Z</time>
      </trkpt>
      <trkpt lat="43.166655" lon="-4.840116">
        <ele>2311.251424</ele>
        <time>2026-07-14T16:05:14.618Z</time>
      </trkpt>
      <trkpt lat="43.166652" lon="-4.839976">
        <ele>2313.388449</ele>
        <time>2026-07-14T16:05:37.777Z</time>
      </trkpt>
      <trkpt lat="43.166757" lon="-4.839877">
        <ele>2316.054242</ele>
        <time>2026-07-14T16:06:03.639Z</time>
      </trkpt>
      <trkpt lat="43.166936" lon="-4.839772">
        <ele>2320.127127</ele>
        <time>2026-07-14T16:06:39.441Z</time>
      </trkpt>
      <trkpt lat="43.167048" lon="-4.839763">
        <ele>2318.770996</ele>
        <time>2026-07-14T16:06:57.356Z</time>
      </trkpt>
      <trkpt lat="43.167167" lon="-4.839706">
        <ele>2317.058723</ele>
        <time>2026-07-14T16:07:17.322Z</time>
      </trkpt>
      <trkpt lat="43.167433" lon="-4.839385">
        <ele>2312.245199</ele>
        <time>2026-07-14T16:08:22.208Z</time>
      </trkpt>
      <trkpt lat="43.167526" lon="-4.839305">
        <ele>2310.753857</ele>
        <time>2026-07-14T16:08:45.261Z</time>
      </trkpt>
      <trkpt lat="43.167593" lon="-4.839377">
        <ele>2309.597506</ele>
        <time>2026-07-14T16:09:04.079Z</time>
      </trkpt>
      <trkpt lat="43.167769" lon="-4.839225">
        <ele>2306.772008</ele>
        <time>2026-07-14T16:09:52.364Z</time>
      </trkpt>
      <trkpt lat="43.167856" lon="-4.839106">
        <ele>2305.102696</ele>
        <time>2026-07-14T16:10:22.208Z</time>
      </trkpt>
      <trkpt lat="43.167936" lon="-4.838874">
        <ele>2302.560250</ele>
        <time>2026-07-14T16:11:08.311Z</time>
      </trkpt>
      <trkpt lat="43.167936" lon="-4.838736">
        <ele>2301.193038</ele>
        <time>2026-07-14T16:11:32.294Z</time>
      </trkpt>
      <trkpt lat="43.168095" lon="-4.838496">
        <ele>2297.980790</ele>
        <time>2026-07-14T16:12:25.798Z</time>
      </trkpt>
      <trkpt lat="43.168215" lon="-4.838224">
        <ele>2295.108010</ele>
        <time>2026-07-14T16:13:05.313Z</time>
      </trkpt>
      <trkpt lat="43.168339" lon="-4.838054">
        <ele>2293.408764</ele>
        <time>2026-07-14T16:13:34.063Z</time>
      </trkpt>
      <trkpt lat="43.168452" lon="-4.838054">
        <ele>2292.313757</ele>
        <time>2026-07-14T16:13:52.363Z</time>
      </trkpt>
      <trkpt lat="43.168669" lon="-4.837997">
        <ele>2290.172713</ele>
        <time>2026-07-14T16:14:27.155Z</time>
      </trkpt>
      <trkpt lat="43.169082" lon="-4.837841">
        <ele>2286.021515</ele>
        <time>2026-07-14T16:15:30.918Z</time>
      </trkpt>
      <trkpt lat="43.169154" lon="-4.837587">
        <ele>2284.095545</ele>
        <time>2026-07-14T16:15:58.336Z</time>
      </trkpt>
      <trkpt lat="43.169702" lon="-4.837233">
        <ele>2278.263743</ele>
        <time>2026-07-14T16:17:18.695Z</time>
      </trkpt>
      <trkpt lat="43.170073" lon="-4.837233">
        <ele>2275.641523</ele>
        <time>2026-07-14T16:18:09.649Z</time>
      </trkpt>
      <trkpt lat="43.170342" lon="-4.837445">
        <ele>2273.448544</ele>
        <time>2026-07-14T16:18:53.455Z</time>
      </trkpt>
      <trkpt lat="43.170579" lon="-4.837530">
        <ele>2271.717076</ele>
        <time>2026-07-14T16:19:29.312Z</time>
      </trkpt>
      <trkpt lat="43.170796" lon="-4.837799">
        <ele>2269.649428</ele>
        <time>2026-07-14T16:20:12.999Z</time>
      </trkpt>
      <trkpt lat="43.171168" lon="-4.838082">
        <ele>2266.642559</ele>
        <time>2026-07-14T16:21:16.372Z</time>
      </trkpt>
      <trkpt lat="43.171384" lon="-4.838167">
        <ele>2266.133698</ele>
        <time>2026-07-14T16:21:49.567Z</time>
      </trkpt>
      <trkpt lat="43.171576" lon="-4.838304">
        <ele>2267.355645</ele>
        <time>2026-07-14T16:22:20.484Z</time>
      </trkpt>
      <trkpt lat="43.171633" lon="-4.838388">
        <ele>2267.828058</ele>
        <time>2026-07-14T16:22:34.043Z</time>
      </trkpt>
      <trkpt lat="43.171822" lon="-4.838336">
        <ele>2268.916347</ele>
        <time>2026-07-14T16:23:04.914Z</time>
      </trkpt>
      <trkpt lat="43.171995" lon="-4.838365">
        <ele>2269.900310</ele>
        <time>2026-07-14T16:23:31.076Z</time>
      </trkpt>
      <trkpt lat="43.172130" lon="-4.838514">
        <ele>2270.878701</ele>
        <time>2026-07-14T16:23:59.701Z</time>
      </trkpt>
      <trkpt lat="43.172241" lon="-4.838699">
        <ele>2271.865062</ele>
        <time>2026-07-14T16:24:31.137Z</time>
      </trkpt>
      <trkpt lat="43.172248" lon="-4.838861">
        <ele>2272.533242</ele>
        <time>2026-07-14T16:24:53.778Z</time>
      </trkpt>
      <trkpt lat="43.172328" lon="-4.838923">
        <ele>2273.052040</ele>
        <time>2026-07-14T16:25:12.917Z</time>
      </trkpt>
      <trkpt lat="43.172638" lon="-4.838864">
        <ele>2274.818959</ele>
        <time>2026-07-14T16:26:37.645Z</time>
      </trkpt>
      <trkpt lat="43.172688" lon="-4.838887">
        <ele>2275.116700</ele>
        <time>2026-07-14T16:26:54.173Z</time>
      </trkpt>
      <trkpt lat="43.172709" lon="-4.838975">
        <ele>2275.497928</ele>
        <time>2026-07-14T16:27:16.438Z</time>
      </trkpt>
      <trkpt lat="43.172784" lon="-4.838975">
        <ele>2276.238123</ele>
        <time>2026-07-14T16:27:41.022Z</time>
      </trkpt>
      <trkpt lat="43.173210" lon="-4.838689">
        <ele>2286.452560</ele>
        <time>2026-07-14T16:30:20.182Z</time>
      </trkpt>
      <trkpt lat="43.173319" lon="-4.838689">
        <ele>2288.799860</ele>
        <time>2026-07-14T16:30:56.122Z</time>
      </trkpt>
      <trkpt lat="43.173434" lon="-4.838793">
        <ele>2291.766484</ele>
        <time>2026-07-14T16:31:42.001Z</time>
      </trkpt>
      <trkpt lat="43.173534" lon="-4.838761">
        <ele>2293.977834</ele>
        <time>2026-07-14T16:32:16.182Z</time>
      </trkpt>
      <trkpt lat="43.173671" lon="-4.838555">
        <ele>2298.356290</ele>
        <time>2026-07-14T16:33:20.787Z</time>
      </trkpt>
      <trkpt lat="43.173842" lon="-4.838469">
        <ele>2302.278625</ele>
        <time>2026-07-14T16:34:18.011Z</time>
      </trkpt>
      <trkpt lat="43.173986" lon="-4.838136">
        <ele>2308.358640</ele>
        <time>2026-07-14T16:35:45.111Z</time>
      </trkpt>
      <trkpt lat="43.174283" lon="-4.837816">
        <ele>2315.915043</ele>
        <time>2026-07-14T16:37:43.514Z</time>
      </trkpt>
      <trkpt lat="43.174516" lon="-4.837427">
        <ele>2321.479134</ele>
        <time>2026-07-14T16:39:31.753Z</time>
      </trkpt>
      <trkpt lat="43.174534" lon="-4.837397">
        <ele>2321.908538</ele>
        <time>2026-07-14T16:39:39.002Z</time>
      </trkpt>
      <trkpt lat="43.174633" lon="-4.837323">
        <ele>2323.617495</ele>
        <time>2026-07-14T16:40:07.531Z</time>
      </trkpt>
      <trkpt lat="43.174750" lon="-4.837039">
        <ele>2327.222875</ele>
        <time>2026-07-14T16:41:03.017Z</time>
      </trkpt>
      <trkpt lat="43.174876" lon="-4.836978">
        <ele>2329.248134</ele>
        <time>2026-07-14T16:41:35.217Z</time>
      </trkpt>
      <trkpt lat="43.175136" lon="-4.837410">
        <ele>2335.439229</ele>
        <time>2026-07-14T16:43:14.165Z</time>
      </trkpt>
      <trkpt lat="43.175307" lon="-4.837313">
        <ele>2338.244014</ele>
        <time>2026-07-14T16:43:57.452Z</time>
      </trkpt>
      <trkpt lat="43.175515" lon="-4.837105">
        <ele>2341.770532</ele>
        <time>2026-07-14T16:44:55.321Z</time>
      </trkpt>
      <trkpt lat="43.175791" lon="-4.837222">
        <ele>2341.347388</ele>
        <time>2026-07-14T16:45:52.986Z</time>
      </trkpt>
      <trkpt lat="43.175952" lon="-4.837660">
        <ele>2340.823458</ele>
        <time>2026-07-14T16:46:54.524Z</time>
      </trkpt>
      <trkpt lat="43.176360" lon="-4.837384">
        <ele>2340.157084</ele>
        <time>2026-07-14T16:48:07.153Z</time>
      </trkpt>
      <trkpt lat="43.176458" lon="-4.837377">
        <ele>2340.013345</ele>
        <time>2026-07-14T16:48:23.184Z</time>
      </trkpt>
      <trkpt lat="43.176546" lon="-4.837321">
        <ele>2339.871245</ele>
        <time>2026-07-14T16:48:39.204Z</time>
      </trkpt>
      <trkpt lat="43.176648" lon="-4.837176">
        <ele>2339.656048</ele>
        <time>2026-07-14T16:49:04.152Z</time>
      </trkpt>
      <trkpt lat="43.176640" lon="-4.836782">
        <ele>2339.235033</ele>
        <time>2026-07-14T16:49:55.263Z</time>
      </trkpt>
      <trkpt lat="43.176585" lon="-4.836586">
        <ele>2337.424589</ele>
        <time>2026-07-14T16:50:24.239Z</time>
      </trkpt>
      <trkpt lat="43.176358" lon="-4.836433">
        <ele>2333.343376</ele>
        <time>2026-07-14T16:51:15.260Z</time>
      </trkpt>
      <trkpt lat="43.176316" lon="-4.836291">
        <ele>2331.540320</ele>
        <time>2026-07-14T16:51:40.455Z</time>
      </trkpt>
      <trkpt lat="43.176421" lon="-4.835999">
        <ele>2327.709480</ele>
        <time>2026-07-14T16:52:34.973Z</time>
      </trkpt>
      <trkpt lat="43.176466" lon="-4.835705">
        <ele>2324.174728</ele>
        <time>2026-07-14T16:53:24.452Z</time>
      </trkpt>
      <trkpt lat="43.176481" lon="-4.835436">
        <ele>2321.000279</ele>
        <time>2026-07-14T16:54:07.156Z</time>
      </trkpt>
      <trkpt lat="43.176455" lon="-4.835247">
        <ele>2318.737173</ele>
        <time>2026-07-14T16:54:35.174Z</time>
      </trkpt>
      <trkpt lat="43.176298" lon="-4.834889">
        <ele>2313.821699</ele>
        <time>2026-07-14T16:55:32.951Z</time>
      </trkpt>
      <trkpt lat="43.176242" lon="-4.834813">
        <ele>2312.550422</ele>
        <time>2026-07-14T16:55:47.843Z</time>
      </trkpt>
      <trkpt lat="43.176206" lon="-4.834680">
        <ele>2310.881138</ele>
        <time>2026-07-14T16:56:07.254Z</time>
      </trkpt>
      <trkpt lat="43.176192" lon="-4.834645">
        <ele>2310.411422</ele>
        <time>2026-07-14T16:56:11.852Z</time>
      </trkpt>
      <trkpt lat="43.176245" lon="-4.834367">
        <ele>2307.753029</ele>
        <time>2026-07-14T16:56:45.090Z</time>
      </trkpt>
      <trkpt lat="43.176195" lon="-4.834233">
        <ele>2306.392486</ele>
        <time>2026-07-14T16:57:02.915Z</time>
      </trkpt>
      <trkpt lat="43.176286" lon="-4.834320">
        <ele>2305.017505</ele>
        <time>2026-07-14T16:57:20.773Z</time>
      </trkpt>
      <trkpt lat="43.176347" lon="-4.834309">
        <ele>2304.254922</ele>
        <time>2026-07-14T16:57:30.537Z</time>
      </trkpt>
      <trkpt lat="43.176389" lon="-4.834350">
        <ele>2303.615911</ele>
        <time>2026-07-14T16:57:38.808Z</time>
      </trkpt>
      <trkpt lat="43.176390" lon="-4.834351">
        <ele>2303.600571</ele>
        <time>2026-07-14T16:57:39.006Z</time>
      </trkpt>
      <trkpt lat="43.176389" lon="-4.834350">
        <ele>2303.585231</ele>
        <time>2026-07-14T16:57:39.215Z</time>
      </trkpt>
      <trkpt lat="43.176390" lon="-4.834351">
        <ele>2303.569890</ele>
        <time>2026-07-14T16:57:39.414Z</time>
      </trkpt>
      <trkpt lat="43.176490" lon="-4.834448">
        <ele>2302.051674</ele>
        <time>2026-07-14T16:57:58.677Z</time>
      </trkpt>
      <trkpt lat="43.176565" lon="-4.834382">
        <ele>2300.947122</ele>
        <time>2026-07-14T16:58:12.620Z</time>
      </trkpt>
      <trkpt lat="43.176770" lon="-4.833995">
        <ele>2296.623680</ele>
        <time>2026-07-14T16:59:05.671Z</time>
      </trkpt>
      <trkpt lat="43.176809" lon="-4.833975">
        <ele>2296.107592</ele>
        <time>2026-07-14T16:59:12.002Z</time>
      </trkpt>
      <trkpt lat="43.176952" lon="-4.833775">
        <ele>2293.575902</ele>
        <time>2026-07-14T16:59:43.481Z</time>
      </trkpt>
      <trkpt lat="43.177061" lon="-4.833753">
        <ele>2292.210331</ele>
        <time>2026-07-14T17:00:00.410Z</time>
      </trkpt>
      <trkpt lat="43.177104" lon="-4.833703">
        <ele>2291.511546</ele>
        <time>2026-07-14T17:00:09.035Z</time>
      </trkpt>
      <trkpt lat="43.177177" lon="-4.833708">
        <ele>2290.605610</ele>
        <time>2026-07-14T17:00:20.267Z</time>
      </trkpt>
      <trkpt lat="43.177313" lon="-4.833634">
        <ele>2288.792089</ele>
        <time>2026-07-14T17:00:42.677Z</time>
      </trkpt>
      <trkpt lat="43.177535" lon="-4.833270">
        <ele>2285.321048</ele>
        <time>2026-07-14T17:01:36.108Z</time>
      </trkpt>
      <trkpt lat="43.177709" lon="-4.833227">
        <ele>2283.664567</ele>
        <time>2026-07-14T17:02:02.646Z</time>
      </trkpt>
      <trkpt lat="43.177918" lon="-4.833263">
        <ele>2281.691042</ele>
        <time>2026-07-14T17:02:33.195Z</time>
      </trkpt>
      <trkpt lat="43.177972" lon="-4.833012">
        <ele>2279.903078</ele>
        <time>2026-07-14T17:03:00.683Z</time>
      </trkpt>
      <trkpt lat="43.177965" lon="-4.832819">
        <ele>2278.582827</ele>
        <time>2026-07-14T17:03:21.074Z</time>
      </trkpt>
      <trkpt lat="43.178067" lon="-4.832216">
        <ele>2274.353609</ele>
        <time>2026-07-14T17:04:25.772Z</time>
      </trkpt>
      <trkpt lat="43.178050" lon="-4.831846">
        <ele>2271.820674</ele>
        <time>2026-07-14T17:05:05.282Z</time>
      </trkpt>
      <trkpt lat="43.177948" lon="-4.831246">
        <ele>2267.928322</ele>
        <time>2026-07-14T17:06:13.706Z</time>
      </trkpt>
      <trkpt lat="43.177960" lon="-4.830820">
        <ele>2265.287818</ele>
        <time>2026-07-14T17:07:03.060Z</time>
      </trkpt>
      <trkpt lat="43.177938" lon="-4.830484">
        <ele>2263.198348</ele>
        <time>2026-07-14T17:07:41.749Z</time>
      </trkpt>
      <trkpt lat="43.177824" lon="-4.829830">
        <ele>2259.033517</ele>
        <time>2026-07-14T17:08:53.760Z</time>
      </trkpt>
      <trkpt lat="43.177921" lon="-4.829478">
        <ele>2256.702842</ele>
        <time>2026-07-14T17:09:30.371Z</time>
      </trkpt>
      <trkpt lat="43.178028" lon="-4.829274">
        <ele>2255.658428</ele>
        <time>2026-07-14T17:09:54.258Z</time>
      </trkpt>
      <trkpt lat="43.178236" lon="-4.828434">
        <ele>2255.020613</ele>
        <time>2026-07-14T17:11:15.410Z</time>
      </trkpt>
      <trkpt lat="43.178227" lon="-4.828298">
        <ele>2254.922430</ele>
        <time>2026-07-14T17:11:27.909Z</time>
      </trkpt>
      <trkpt lat="43.178147" lon="-4.828079">
        <ele>2254.746321</ele>
        <time>2026-07-14T17:11:50.375Z</time>
      </trkpt>
      <trkpt lat="43.177939" lon="-4.827731">
        <ele>2254.422809</ele>
        <time>2026-07-14T17:12:32.044Z</time>
      </trkpt>
      <trkpt lat="43.177842" lon="-4.827494">
        <ele>2254.227406</ele>
        <time>2026-07-14T17:12:57.828Z</time>
      </trkpt>
      <trkpt lat="43.177759" lon="-4.827390">
        <ele>2254.116554</ele>
        <time>2026-07-14T17:13:12.257Z</time>
      </trkpt>
      <trkpt lat="43.177717" lon="-4.827286">
        <ele>2254.031079</ele>
        <time>2026-07-14T17:13:23.594Z</time>
      </trkpt>
      <trkpt lat="43.177632" lon="-4.827195">
        <ele>2253.853359</ele>
        <time>2026-07-14T17:13:37.511Z</time>
      </trkpt>
      <trkpt lat="43.177405" lon="-4.826808">
        <ele>2252.570469</ele>
        <time>2026-07-14T17:14:23.258Z</time>
      </trkpt>
      <trkpt lat="43.177140" lon="-4.826569">
        <ele>2251.446983</ele>
        <time>2026-07-14T17:15:05.893Z</time>
      </trkpt>
      <trkpt lat="43.177098" lon="-4.826448">
        <ele>2251.100831</ele>
        <time>2026-07-14T17:15:19.657Z</time>
      </trkpt>
      <trkpt lat="43.177186" lon="-4.826057">
        <ele>2250.043843</ele>
        <time>2026-07-14T17:16:00.938Z</time>
      </trkpt>
      <trkpt lat="43.177191" lon="-4.825951">
        <ele>2249.769465</ele>
        <time>2026-07-14T17:16:10.978Z</time>
      </trkpt>
      <trkpt lat="43.177141" lon="-4.825715">
        <ele>2249.134653</ele>
        <time>2026-07-14T17:16:33.827Z</time>
      </trkpt>
      <trkpt lat="43.177154" lon="-4.825543">
        <ele>2248.687985</ele>
        <time>2026-07-14T17:16:51.183Z</time>
      </trkpt>
      <trkpt lat="43.177118" lon="-4.825066">
        <ele>2246.557535</ele>
        <time>2026-07-14T17:17:44.051Z</time>
      </trkpt>
      <trkpt lat="43.177043" lon="-4.824886">
        <ele>2242.403825</ele>
        <time>2026-07-14T17:18:10.717Z</time>
      </trkpt>
      <trkpt lat="43.177057" lon="-4.824687">
        <ele>2238.398102</ele>
        <time>2026-07-14T17:18:39.762Z</time>
      </trkpt>
      <trkpt lat="43.177010" lon="-4.824544">
        <ele>2235.255357</ele>
        <time>2026-07-14T17:19:04.484Z</time>
      </trkpt>
      <trkpt lat="43.176921" lon="-4.824362">
        <ele>2230.864770</ele>
        <time>2026-07-14T17:19:40.684Z</time>
      </trkpt>
      <trkpt lat="43.176638" lon="-4.823913">
        <ele>2218.973905</ele>
        <time>2026-07-14T17:21:31.309Z</time>
      </trkpt>
      <trkpt lat="43.176597" lon="-4.823933">
        <ele>2217.778260</ele>
        <time>2026-07-14T17:21:42.567Z</time>
      </trkpt>
      <trkpt lat="43.176506" lon="-4.823617">
        <ele>2210.970966</ele>
        <time>2026-07-14T17:22:49.802Z</time>
      </trkpt>
      <trkpt lat="43.176379" lon="-4.823007">
        <ele>2198.260393</ele>
        <time>2026-07-14T17:24:42.687Z</time>
      </trkpt>
      <trkpt lat="43.176350" lon="-4.822985">
        <ele>2197.315668</ele>
        <time>2026-07-14T17:24:50.184Z</time>
      </trkpt>
      <trkpt lat="43.176241" lon="-4.823242">
        <ele>2191.108630</ele>
        <time>2026-07-14T17:25:37.727Z</time>
      </trkpt>
      <trkpt lat="43.176039" lon="-4.823435">
        <ele>2184.060235</ele>
        <time>2026-07-14T17:26:30.814Z</time>
      </trkpt>
      <trkpt lat="43.176047" lon="-4.823031">
        <ele>2175.622486</ele>
        <time>2026-07-14T17:27:31.043Z</time>
      </trkpt>
      <trkpt lat="43.176035" lon="-4.822657">
        <ele>2167.806626</ele>
        <time>2026-07-14T17:28:25.606Z</time>
      </trkpt>
      <trkpt lat="43.175957" lon="-4.822565">
        <ele>2164.861141</ele>
        <time>2026-07-14T17:28:46.815Z</time>
      </trkpt>
      <trkpt lat="43.175897" lon="-4.822562">
        <ele>2163.142261</ele>
        <time>2026-07-14T17:28:59.485Z</time>
      </trkpt>
      <trkpt lat="43.175872" lon="-4.822729">
        <ele>2159.582952</ele>
        <time>2026-07-14T17:29:27.525Z</time>
      </trkpt>
      <trkpt lat="43.175767" lon="-4.822864">
        <ele>2155.462233</ele>
        <time>2026-07-14T17:30:01.516Z</time>
      </trkpt>
      <trkpt lat="43.175616" lon="-4.822913">
        <ele>2151.019859</ele>
        <time>2026-07-14T17:30:38.528Z</time>
      </trkpt>
      <trkpt lat="43.175476" lon="-4.822985">
        <ele>2146.739183</ele>
        <time>2026-07-14T17:31:15.680Z</time>
      </trkpt>
      <trkpt lat="43.175145" lon="-4.822848">
        <ele>2135.719309</ele>
        <time>2026-07-14T17:32:48.614Z</time>
      </trkpt>
      <trkpt lat="43.175032" lon="-4.822778">
        <ele>2131.764412</ele>
        <time>2026-07-14T17:33:23.539Z</time>
      </trkpt>
      <trkpt lat="43.174914" lon="-4.822661">
        <ele>2127.119906</ele>
        <time>2026-07-14T17:34:04.327Z</time>
      </trkpt>
      <trkpt lat="43.174779" lon="-4.822657">
        <ele>2122.813020</ele>
        <time>2026-07-14T17:34:41.868Z</time>
      </trkpt>
      <trkpt lat="43.174687" lon="-4.822728">
        <ele>2119.445828</ele>
        <time>2026-07-14T17:35:09.363Z</time>
      </trkpt>
      <trkpt lat="43.174716" lon="-4.822501">
        <ele>2114.085314</ele>
        <time>2026-07-14T17:35:51.291Z</time>
      </trkpt>
      <trkpt lat="43.174702" lon="-4.822490">
        <ele>2113.570667</ele>
        <time>2026-07-14T17:35:55.108Z</time>
      </trkpt>
      <trkpt lat="43.174509" lon="-4.822609">
        <ele>2106.821162</ele>
        <time>2026-07-14T17:36:45.922Z</time>
      </trkpt>
      <trkpt lat="43.174384" lon="-4.822668">
        <ele>2102.604649</ele>
        <time>2026-07-14T17:37:17.017Z</time>
      </trkpt>
      <trkpt lat="43.174377" lon="-4.822397">
        <ele>2096.297097</ele>
        <time>2026-07-14T17:38:02.925Z</time>
      </trkpt>
      <trkpt lat="43.174397" lon="-4.822302">
        <ele>2093.997116</ele>
        <time>2026-07-14T17:38:19.163Z</time>
      </trkpt>
      <trkpt lat="43.174382" lon="-4.822288">
        <ele>2093.418373</ele>
        <time>2026-07-14T17:38:23.366Z</time>
      </trkpt>
      <trkpt lat="43.174209" lon="-4.822408">
        <ele>2087.949513</ele>
        <time>2026-07-14T17:39:03.381Z</time>
      </trkpt>
      <trkpt lat="43.174119" lon="-4.822577">
        <ele>2084.765885</ele>
        <time>2026-07-14T17:39:33.197Z</time>
      </trkpt>
      <trkpt lat="43.174097" lon="-4.822570">
        <ele>2084.294747</ele>
        <time>2026-07-14T17:39:37.712Z</time>
      </trkpt>
      <trkpt lat="43.174054" lon="-4.822191">
        <ele>2078.459452</ele>
        <time>2026-07-14T17:40:31.445Z</time>
      </trkpt>
      <trkpt lat="43.173993" lon="-4.821884">
        <ele>2073.618637</ele>
        <time>2026-07-14T17:41:14.223Z</time>
      </trkpt>
      <trkpt lat="43.173891" lon="-4.821709">
        <ele>2070.210423</ele>
        <time>2026-07-14T17:41:43.143Z</time>
      </trkpt>
      <trkpt lat="43.173892" lon="-4.821633">
        <ele>2069.054002</ele>
        <time>2026-07-14T17:41:52.911Z</time>
      </trkpt>
      <trkpt lat="43.173708" lon="-4.821330">
        <ele>2063.055400</ele>
        <time>2026-07-14T17:42:42.628Z</time>
      </trkpt>
      <trkpt lat="43.173471" lon="-4.820744">
        <ele>2052.861042</ele>
        <time>2026-07-14T17:44:10.479Z</time>
      </trkpt>
      <trkpt lat="43.173214" lon="-4.820243">
        <ele>2044.693264</ele>
        <time>2026-07-14T17:45:30.326Z</time>
      </trkpt>
      <trkpt lat="43.173186" lon="-4.820120">
        <ele>2043.006853</ele>
        <time>2026-07-14T17:45:47.166Z</time>
      </trkpt>
      <trkpt lat="43.173096" lon="-4.819929">
        <ele>2040.030674</ele>
        <time>2026-07-14T17:46:17.162Z</time>
      </trkpt>
      <trkpt lat="43.173075" lon="-4.819728">
        <ele>2037.373147</ele>
        <time>2026-07-14T17:46:43.742Z</time>
      </trkpt>
      <trkpt lat="43.173009" lon="-4.819514">
        <ele>2034.332183</ele>
        <time>2026-07-14T17:47:13.871Z</time>
      </trkpt>
      <trkpt lat="43.172846" lon="-4.819248">
        <ele>2029.784991</ele>
        <time>2026-07-14T17:47:56.817Z</time>
      </trkpt>
      <trkpt lat="43.172730" lon="-4.818982">
        <ele>2025.728662</ele>
        <time>2026-07-14T17:48:34.045Z</time>
      </trkpt>
      <trkpt lat="43.172638" lon="-4.818688">
        <ele>2021.541535</ele>
        <time>2026-07-14T17:49:12.274Z</time>
      </trkpt>
      <trkpt lat="43.172628" lon="-4.818359">
        <ele>2017.451420</ele>
        <time>2026-07-14T17:49:51.409Z</time>
      </trkpt>
      <trkpt lat="43.172569" lon="-4.818247">
        <ele>2015.818151</ele>
        <time>2026-07-14T17:50:07.758Z</time>
      </trkpt>
      <trkpt lat="43.172539" lon="-4.817908">
        <ele>2011.781303</ele>
        <time>2026-07-14T17:50:48.104Z</time>
      </trkpt>
      <trkpt lat="43.172481" lon="-4.817766">
        <ele>2009.857324</ele>
        <time>2026-07-14T17:51:07.440Z</time>
      </trkpt>
      <trkpt lat="43.172437" lon="-4.817543">
        <ele>2007.126374</ele>
        <time>2026-07-14T17:51:34.980Z</time>
      </trkpt>
      <trkpt lat="43.172372" lon="-4.817440">
        <ele>2005.516204</ele>
        <time>2026-07-14T17:51:51.272Z</time>
      </trkpt>
      <trkpt lat="43.171854" lon="-4.817155">
        <ele>1996.469054</ele>
        <time>2026-07-14T17:53:22.139Z</time>
      </trkpt>
      <trkpt lat="43.171464" lon="-4.816874">
        <ele>1989.280814</ele>
        <time>2026-07-14T17:54:35.309Z</time>
      </trkpt>
      <trkpt lat="43.171303" lon="-4.816815">
        <ele>1986.454913</ele>
        <time>2026-07-14T17:55:04.033Z</time>
      </trkpt>
      <trkpt lat="43.171035" lon="-4.816483">
        <ele>1980.330358</ele>
        <time>2026-07-14T17:56:06.073Z</time>
      </trkpt>
      <trkpt lat="43.170942" lon="-4.816292">
        <ele>1977.490209</ele>
        <time>2026-07-14T17:56:34.952Z</time>
      </trkpt>
      <trkpt lat="43.170820" lon="-4.816112">
        <ele>1974.451275</ele>
        <time>2026-07-14T17:57:05.699Z</time>
      </trkpt>
      <trkpt lat="43.170757" lon="-4.816071">
        <ele>1973.268758</ele>
        <time>2026-07-14T17:57:17.494Z</time>
      </trkpt>
      <trkpt lat="43.170721" lon="-4.815922">
        <ele>1971.327582</ele>
        <time>2026-07-14T17:57:36.782Z</time>
      </trkpt>
      <trkpt lat="43.170628" lon="-4.815795">
        <ele>1969.101874</ele>
        <time>2026-07-14T17:57:58.409Z</time>
      </trkpt>
      <trkpt lat="43.170440" lon="-4.815722">
        <ele>1965.788587</ele>
        <time>2026-07-14T17:58:30.599Z</time>
      </trkpt>
      <trkpt lat="43.170321" lon="-4.815616">
        <ele>1963.382270</ele>
        <time>2026-07-14T17:58:53.903Z</time>
      </trkpt>
      <trkpt lat="43.170235" lon="-4.815573">
        <ele>1961.830031</ele>
        <time>2026-07-14T17:59:08.867Z</time>
      </trkpt>
      <trkpt lat="43.170037" lon="-4.815552">
        <ele>1958.788785</ele>
        <time>2026-07-14T17:59:41.603Z</time>
      </trkpt>
      <trkpt lat="43.169658" lon="-4.815441">
        <ele>1953.766552</ele>
        <time>2026-07-14T18:00:44.280Z</time>
      </trkpt>
      <trkpt lat="43.169177" lon="-4.815385">
        <ele>1947.510872</ele>
        <time>2026-07-14T18:02:00.867Z</time>
      </trkpt>
      <trkpt lat="43.169117" lon="-4.815330">
        <ele>1946.575573</ele>
        <time>2026-07-14T18:02:12.418Z</time>
      </trkpt>
      <trkpt lat="43.169010" lon="-4.815013">
        <ele>1943.274157</ele>
        <time>2026-07-14T18:02:51.988Z</time>
      </trkpt>
      <trkpt lat="43.168657" lon="-4.814467">
        <ele>1936.444085</ele>
        <time>2026-07-14T18:04:12.958Z</time>
      </trkpt>
      <trkpt lat="43.168567" lon="-4.814359">
        <ele>1935.535029</ele>
        <time>2026-07-14T18:04:30.560Z</time>
      </trkpt>
      <trkpt lat="43.168462" lon="-4.814284">
        <ele>1934.635151</ele>
        <time>2026-07-14T18:04:47.733Z</time>
      </trkpt>
      <trkpt lat="43.168220" lon="-4.813973">
        <ele>1932.114120</ele>
        <time>2026-07-14T18:05:34.569Z</time>
      </trkpt>
      <trkpt lat="43.168125" lon="-4.813789">
        <ele>1930.864396</ele>
        <time>2026-07-14T18:05:57.696Z</time>
      </trkpt>
      <trkpt lat="43.167985" lon="-4.813602">
        <ele>1929.378819</ele>
        <time>2026-07-14T18:06:25.101Z</time>
      </trkpt>
      <trkpt lat="43.167803" lon="-4.813405">
        <ele>1927.616365</ele>
        <time>2026-07-14T18:06:57.625Z</time>
      </trkpt>
      <trkpt lat="43.167719" lon="-4.813372">
        <ele>1926.952214</ele>
        <time>2026-07-14T18:07:09.851Z</time>
      </trkpt>
      <trkpt lat="43.167471" lon="-4.813371">
        <ele>1925.067233</ele>
        <time>2026-07-14T18:07:44.663Z</time>
      </trkpt>
      <trkpt lat="43.167304" lon="-4.813264">
        <ele>1923.666158</ele>
        <time>2026-07-14T18:08:11.125Z</time>
      </trkpt>
      <trkpt lat="43.166730" lon="-4.813031">
        <ele>1918.303666</ele>
        <time>2026-07-14T18:09:40.107Z</time>
      </trkpt>
      <trkpt lat="43.166438" lon="-4.813018">
        <ele>1915.602063</ele>
        <time>2026-07-14T18:10:24.496Z</time>
      </trkpt>
      <trkpt lat="43.166269" lon="-4.812933">
        <ele>1913.937451</ele>
        <time>2026-07-14T18:10:52.096Z</time>
      </trkpt>
      <trkpt lat="43.166039" lon="-4.812762">
        <ele>1911.518010</ele>
        <time>2026-07-14T18:11:32.319Z</time>
      </trkpt>
      <trkpt lat="43.165832" lon="-4.812686">
        <ele>1909.536395</ele>
        <time>2026-07-14T18:12:04.380Z</time>
      </trkpt>
      <trkpt lat="43.165698" lon="-4.812684">
        <ele>1908.297198</ele>
        <time>2026-07-14T18:12:24.216Z</time>
      </trkpt>
      <trkpt lat="43.165536" lon="-4.812676">
        <ele>1906.798181</ele>
        <time>2026-07-14T18:12:47.847Z</time>
      </trkpt>
      <trkpt lat="43.165217" lon="-4.812454">
        <ele>1906.152354</ele>
        <time>2026-07-14T18:13:38.676Z</time>
      </trkpt>
      <trkpt lat="43.165048" lon="-4.812199">
        <ele>1906.082810</ele>
        <time>2026-07-14T18:14:12.360Z</time>
      </trkpt>
      <trkpt lat="43.164874" lon="-4.811870">
        <ele>1906.000783</ele>
        <time>2026-07-14T18:14:50.445Z</time>
      </trkpt>
      <trkpt lat="43.164713" lon="-4.811416">
        <ele>1905.898888</ele>
        <time>2026-07-14T18:15:42.022Z</time>
      </trkpt>
      <trkpt lat="43.164345" lon="-4.810613">
        <ele>1905.779742</ele>
        <time>2026-07-14T18:17:24.291Z</time>
      </trkpt>
      <trkpt lat="43.164208" lon="-4.810433">
        <ele>1905.856876</ele>
        <time>2026-07-14T18:17:49.755Z</time>
      </trkpt>
      <trkpt lat="43.164060" lon="-4.810024">
        <ele>1905.992247</ele>
        <time>2026-07-14T18:18:33.230Z</time>
      </trkpt>
      <trkpt lat="43.164019" lon="-4.809965">
        <ele>1906.016409</ele>
        <time>2026-07-14T18:18:40.763Z</time>
      </trkpt>
      <trkpt lat="43.163921" lon="-4.809902">
        <ele>1906.060408</ele>
        <time>2026-07-14T18:18:54.445Z</time>
      </trkpt>
      <trkpt lat="43.163717" lon="-4.809834">
        <ele>1906.145749</ele>
        <time>2026-07-14T18:19:20.780Z</time>
      </trkpt>
      <trkpt lat="43.163489" lon="-4.809673">
        <ele>1906.250002</ele>
        <time>2026-07-14T18:19:53.049Z</time>
      </trkpt>
      <trkpt lat="43.163283" lon="-4.809447">
        <ele>1906.357251</ele>
        <time>2026-07-14T18:20:26.837Z</time>
      </trkpt>
      <trkpt lat="43.163117" lon="-4.809201">
        <ele>1906.456617</ele>
        <time>2026-07-14T18:20:59.750Z</time>
      </trkpt>
      <trkpt lat="43.162939" lon="-4.809054">
        <ele>1906.985421</ele>
        <time>2026-07-14T18:21:28.192Z</time>
      </trkpt>
      <trkpt lat="43.162718" lon="-4.808993">
        <ele>1907.633310</ele>
        <time>2026-07-14T18:21:57.600Z</time>
      </trkpt>
      <trkpt lat="43.162306" lon="-4.808797">
        <ele>1908.886640</ele>
        <time>2026-07-14T18:22:53.765Z</time>
      </trkpt>
      <trkpt lat="43.162104" lon="-4.808653">
        <ele>1909.540973</ele>
        <time>2026-07-14T18:23:24.927Z</time>
      </trkpt>
      <trkpt lat="43.161404" lon="-4.807961">
        <ele>1912.523301</ele>
        <time>2026-07-14T18:25:36.974Z</time>
      </trkpt>
      <trkpt lat="43.161060" lon="-4.807700">
        <ele>1915.130196</ele>
        <time>2026-07-14T18:26:44.522Z</time>
      </trkpt>
      <trkpt lat="43.160798" lon="-4.807439">
        <ele>1917.277588</ele>
        <time>2026-07-14T18:27:40.884Z</time>
      </trkpt>
      <trkpt lat="43.160539" lon="-4.806581">
        <ele>1921.768630</ele>
        <time>2026-07-14T18:29:30.212Z</time>
      </trkpt>
      <trkpt lat="43.160582" lon="-4.806480">
        <ele>1922.334237</ele>
        <time>2026-07-14T18:29:40.171Z</time>
      </trkpt>
      <trkpt lat="43.160630" lon="-4.806030">
        <ele>1921.634733</ele>
        <time>2026-07-14T18:30:14.130Z</time>
      </trkpt>
      <trkpt lat="43.160693" lon="-4.805931">
        <ele>1920.372701</ele>
        <time>2026-07-14T18:30:24.633Z</time>
      </trkpt>
      <trkpt lat="43.160782" lon="-4.805907">
        <ele>1919.178191</ele>
        <time>2026-07-14T18:30:34.876Z</time>
      </trkpt>
      <trkpt lat="43.160693" lon="-4.805931">
        <ele>1917.983681</ele>
        <time>2026-07-14T18:30:45.491Z</time>
      </trkpt>
      <trkpt lat="43.160782" lon="-4.805907">
        <ele>1916.789170</ele>
        <time>2026-07-14T18:30:56.596Z</time>
      </trkpt>
      <trkpt lat="43.160951" lon="-4.805829">
        <ele>1914.440849</ele>
        <time>2026-07-14T18:31:19.208Z</time>
      </trkpt>
      <trkpt lat="43.161139" lon="-4.805676">
        <ele>1911.561679</ele>
        <time>2026-07-14T18:31:48.604Z</time>
      </trkpt>
      <trkpt lat="43.161634" lon="-4.805026">
        <ele>1902.535085</ele>
        <time>2026-07-14T18:33:28.652Z</time>
      </trkpt>
      <trkpt lat="43.161872" lon="-4.804774">
        <ele>1898.520218</ele>
        <time>2026-07-14T18:34:13.041Z</time>
      </trkpt>
      <trkpt lat="43.162075" lon="-4.804621">
        <ele>1895.341409</ele>
        <time>2026-07-14T18:34:45.990Z</time>
      </trkpt>
      <trkpt lat="43.162482" lon="-4.804418">
        <ele>1889.398352</ele>
        <time>2026-07-14T18:35:42.725Z</time>
      </trkpt>
      <trkpt lat="43.162991" lon="-4.803981">
        <ele>1881.157213</ele>
        <time>2026-07-14T18:36:55.777Z</time>
      </trkpt>
      <trkpt lat="43.163200" lon="-4.803764">
        <ele>1877.559642</ele>
        <time>2026-07-14T18:37:26.894Z</time>
      </trkpt>
      <trkpt lat="43.163583" lon="-4.803263">
        <ele>1871.442773</ele>
        <time>2026-07-14T18:38:30.491Z</time>
      </trkpt>
      <trkpt lat="43.163907" lon="-4.803070">
        <ele>1867.730277</ele>
        <time>2026-07-14T18:39:13.263Z</time>
      </trkpt>
      <trkpt lat="43.163956" lon="-4.802815">
        <ele>1865.708904</ele>
        <time>2026-07-14T18:39:36.467Z</time>
      </trkpt>
      <trkpt lat="43.164004" lon="-4.802684">
        <ele>1864.585153</ele>
        <time>2026-07-14T18:39:49.333Z</time>
      </trkpt>
      <trkpt lat="43.164071" lon="-4.802553">
        <ele>1863.358722</ele>
        <time>2026-07-14T18:40:03.344Z</time>
      </trkpt>
      <trkpt lat="43.164280" lon="-4.802289">
        <ele>1860.372171</ele>
        <time>2026-07-14T18:40:37.412Z</time>
      </trkpt>
      <trkpt lat="43.164716" lon="-4.801845">
        <ele>1854.532982</ele>
        <time>2026-07-14T18:41:43.233Z</time>
      </trkpt>
      <trkpt lat="43.164978" lon="-4.801639">
        <ele>1851.102654</ele>
        <time>2026-07-14T18:42:20.302Z</time>
      </trkpt>
      <trkpt lat="43.165170" lon="-4.801287">
        <ele>1847.461432</ele>
        <time>2026-07-14T18:43:00.299Z</time>
      </trkpt>
      <trkpt lat="43.165427" lon="-4.801148">
        <ele>1844.323589</ele>
        <time>2026-07-14T18:43:34.428Z</time>
      </trkpt>
      <trkpt lat="43.165480" lon="-4.801094">
        <ele>1843.573611</ele>
        <time>2026-07-14T18:43:42.475Z</time>
      </trkpt>
      <trkpt lat="43.165401" lon="-4.800102">
        <ele>1835.136706</ele>
        <time>2026-07-14T18:45:10.210Z</time>
      </trkpt>
      <trkpt lat="43.165377" lon="-4.799990">
        <ele>1833.874319</ele>
        <time>2026-07-14T18:45:20.677Z</time>
      </trkpt>
      <trkpt lat="43.165419" lon="-4.799914">
        <ele>1832.843168</ele>
        <time>2026-07-14T18:45:29.117Z</time>
      </trkpt>
      <trkpt lat="43.165480" lon="-4.799871">
        <ele>1831.826202</ele>
        <time>2026-07-14T18:45:37.626Z</time>
      </trkpt>
      <trkpt lat="43.165500" lon="-4.799774">
        <ele>1830.736112</ele>
        <time>2026-07-14T18:45:48.928Z</time>
      </trkpt>
      <trkpt lat="43.165683" lon="-4.799599">
        <ele>1827.428037</ele>
        <time>2026-07-14T18:46:23.708Z</time>
      </trkpt>
      <trkpt lat="43.165782" lon="-4.799346">
        <ele>1824.323169</ele>
        <time>2026-07-14T18:46:56.643Z</time>
      </trkpt>
      <trkpt lat="43.165900" lon="-4.799179">
        <ele>1821.808726</ele>
        <time>2026-07-14T18:47:23.450Z</time>
      </trkpt>
      <trkpt lat="43.166258" lon="-4.798838">
        <ele>1815.345547</ele>
        <time>2026-07-14T18:48:33.875Z</time>
      </trkpt>
      <trkpt lat="43.166458" lon="-4.798487">
        <ele>1810.528820</ele>
        <time>2026-07-14T18:49:30.352Z</time>
      </trkpt>
      <trkpt lat="43.166518" lon="-4.798448">
        <ele>1809.544313</ele>
        <time>2026-07-14T18:49:42.394Z</time>
      </trkpt>
      <trkpt lat="43.166656" lon="-4.798265">
        <ele>1805.650779</ele>
        <time>2026-07-14T18:50:17.922Z</time>
      </trkpt>
      <trkpt lat="43.166789" lon="-4.798039">
        <ele>1801.194678</ele>
        <time>2026-07-14T18:50:57.903Z</time>
      </trkpt>
      <trkpt lat="43.166817" lon="-4.797944">
        <ele>1799.622366</ele>
        <time>2026-07-14T18:51:12.233Z</time>
      </trkpt>
      <trkpt lat="43.166917" lon="-4.797451">
        <ele>1791.770136</ele>
        <time>2026-07-14T18:52:24.723Z</time>
      </trkpt>
      <trkpt lat="43.166906" lon="-4.797370">
        <ele>1790.505823</ele>
        <time>2026-07-14T18:52:36.378Z</time>
      </trkpt>
      <trkpt lat="43.166946" lon="-4.797318">
        <ele>1789.346110</ele>
        <time>2026-07-14T18:52:47.261Z</time>
      </trkpt>
      <trkpt lat="43.166934" lon="-4.797260">
        <ele>1788.420980</ele>
        <time>2026-07-14T18:52:55.806Z</time>
      </trkpt>
      <trkpt lat="43.167030" lon="-4.796818">
        <ele>1781.344127</ele>
        <time>2026-07-14T18:54:01.544Z</time>
      </trkpt>
      <trkpt lat="43.167057" lon="-4.796606">
        <ele>1778.041755</ele>
        <time>2026-07-14T18:54:31.584Z</time>
      </trkpt>
      <trkpt lat="43.167047" lon="-4.796231">
        <ele>1772.283522</ele>
        <time>2026-07-14T18:55:23.104Z</time>
      </trkpt>
      <trkpt lat="43.167185" lon="-4.795547">
        <ele>1762.205280</ele>
        <time>2026-07-14T18:56:58.468Z</time>
      </trkpt>
      <trkpt lat="43.167179" lon="-4.795248">
        <ele>1757.989484</ele>
        <time>2026-07-14T18:57:38.243Z</time>
      </trkpt>
      <trkpt lat="43.167195" lon="-4.795169">
        <ele>1756.833902</ele>
        <time>2026-07-14T18:57:49.064Z</time>
      </trkpt>
      <trkpt lat="43.167153" lon="-4.794764">
        <ele>1751.068292</ele>
        <time>2026-07-14T18:58:43.024Z</time>
      </trkpt>
      <trkpt lat="43.167152" lon="-4.794418">
        <ele>1746.191617</ele>
        <time>2026-07-14T18:59:27.934Z</time>
      </trkpt>
      <trkpt lat="43.167246" lon="-4.794161">
        <ele>1742.139433</ele>
        <time>2026-07-14T19:00:04.677Z</time>
      </trkpt>
      <trkpt lat="43.167339" lon="-4.793655">
        <ele>1734.981751</ele>
        <time>2026-07-14T19:01:10.046Z</time>
      </trkpt>
      <trkpt lat="43.167371" lon="-4.793366">
        <ele>1731.309499</ele>
        <time>2026-07-14T19:01:46.126Z</time>
      </trkpt>
      <trkpt lat="43.167430" lon="-4.793168">
        <ele>1728.622479</ele>
        <time>2026-07-14T19:02:12.044Z</time>
      </trkpt>
      <trkpt lat="43.167461" lon="-4.792779">
        <ele>1723.706470</ele>
        <time>2026-07-14T19:02:59.211Z</time>
      </trkpt>
      <trkpt lat="43.167482" lon="-4.792712">
        <ele>1722.790334</ele>
        <time>2026-07-14T19:03:08.018Z</time>
      </trkpt>
      <trkpt lat="43.167657" lon="-4.792518">
        <ele>1718.914032</ele>
        <time>2026-07-14T19:03:45.234Z</time>
      </trkpt>
      <trkpt lat="43.167774" lon="-4.792185">
        <ele>1714.270539</ele>
        <time>2026-07-14T19:04:29.398Z</time>
      </trkpt>
      <trkpt lat="43.167970" lon="-4.791941">
        <ele>1709.710561</ele>
        <time>2026-07-14T19:05:13.379Z</time>
      </trkpt>
      <trkpt lat="43.168040" lon="-4.791749">
        <ele>1707.013962</ele>
        <time>2026-07-14T19:05:39.988Z</time>
      </trkpt>
      <trkpt lat="43.168066" lon="-4.791538">
        <ele>1704.452391</ele>
        <time>2026-07-14T19:06:07.165Z</time>
      </trkpt>
      <trkpt lat="43.168053" lon="-4.791285">
        <ele>1701.578831</ele>
        <time>2026-07-14T19:06:39.319Z</time>
      </trkpt>
      <trkpt lat="43.168081" lon="-4.790878">
        <ele>1696.947110</ele>
        <time>2026-07-14T19:07:30.633Z</time>
      </trkpt>
      <trkpt lat="43.168055" lon="-4.790616">
        <ele>1693.951336</ele>
        <time>2026-07-14T19:08:02.956Z</time>
      </trkpt>
      <trkpt lat="43.168153" lon="-4.790180">
        <ele>1688.782261</ele>
        <time>2026-07-14T19:08:57.678Z</time>
      </trkpt>
      <trkpt lat="43.168218" lon="-4.789722">
        <ele>1683.495869</ele>
        <time>2026-07-14T19:09:41.441Z</time>
      </trkpt>
      <trkpt lat="43.168219" lon="-4.789355">
        <ele>1679.337791</ele>
        <time>2026-07-14T19:10:15.189Z</time>
      </trkpt>
      <trkpt lat="43.168194" lon="-4.789237">
        <ele>1677.945607</ele>
        <time>2026-07-14T19:10:26.251Z</time>
      </trkpt>
      <trkpt lat="43.168030" lon="-4.788913">
        <ele>1674.793438</ele>
        <time>2026-07-14T19:11:01.659Z</time>
      </trkpt>
      <trkpt lat="43.167946" lon="-4.788586">
        <ele>1672.096606</ele>
        <time>2026-07-14T19:11:31.983Z</time>
      </trkpt>
      <trkpt lat="43.167800" lon="-4.788222">
        <ele>1668.865184</ele>
        <time>2026-07-14T19:12:07.675Z</time>
      </trkpt>
      <trkpt lat="43.167765" lon="-4.788051">
        <ele>1667.483616</ele>
        <time>2026-07-14T19:12:22.955Z</time>
      </trkpt>
      <trkpt lat="43.167759" lon="-4.787891">
        <ele>1666.237356</ele>
        <time>2026-07-14T19:12:36.641Z</time>
      </trkpt>
      <trkpt lat="43.167818" lon="-4.787538">
        <ele>1663.420245</ele>
        <time>2026-07-14T19:13:08.133Z</time>
      </trkpt>
      <trkpt lat="43.167835" lon="-4.787441">
        <ele>1662.644219</ele>
        <time>2026-07-14T19:13:16.822Z</time>
      </trkpt>
      <trkpt lat="43.168082" lon="-4.787070">
        <ele>1658.736727</ele>
        <time>2026-07-14T19:14:01.817Z</time>
      </trkpt>
      <trkpt lat="43.168191" lon="-4.786865">
        <ele>1656.679076</ele>
        <time>2026-07-14T19:14:24.471Z</time>
      </trkpt>
      <trkpt lat="43.168317" lon="-4.786577">
        <ele>1653.939446</ele>
        <time>2026-07-14T19:14:54.538Z</time>
      </trkpt>
      <trkpt lat="43.168350" lon="-4.786457">
        <ele>1652.893272</ele>
        <time>2026-07-14T19:15:06.121Z</time>
      </trkpt>
      <trkpt lat="43.168354" lon="-4.786340">
        <ele>1651.937795</ele>
        <time>2026-07-14T19:15:16.694Z</time>
      </trkpt>
      <trkpt lat="43.168330" lon="-4.786240">
        <ele>1651.079013</ele>
        <time>2026-07-14T19:15:26.127Z</time>
      </trkpt>
      <trkpt lat="43.168190" lon="-4.785957">
        <ele>1648.289488</ele>
        <time>2026-07-14T19:15:56.908Z</time>
      </trkpt>
      <trkpt lat="43.168564" lon="-4.785769">
        <ele>1643.834147</ele>
        <time>2026-07-14T19:16:45.329Z</time>
      </trkpt>
      <trkpt lat="43.168637" lon="-4.785687">
        <ele>1642.778643</ele>
        <time>2026-07-14T19:16:56.908Z</time>
      </trkpt>
      <trkpt lat="43.169427" lon="-4.784393">
        <ele>1627.817775</ele>
        <time>2026-07-14T19:19:25.612Z</time>
      </trkpt>
      <trkpt lat="43.170282" lon="-4.783148">
        <ele>1610.426504</ele>
        <time>2026-07-14T19:22:03.986Z</time>
      </trkpt>
      <trkpt lat="43.170505" lon="-4.782738">
        <ele>1603.552955</ele>
        <time>2026-07-14T19:22:55.515Z</time>
      </trkpt>
      <trkpt lat="43.170633" lon="-4.782419">
        <ele>1598.659902</ele>
        <time>2026-07-14T19:23:33.568Z</time>
      </trkpt>
      <trkpt lat="43.170914" lon="-4.781411">
        <ele>1584.157530</ele>
        <time>2026-07-14T19:25:31.119Z</time>
      </trkpt>
      <trkpt lat="43.171164" lon="-4.780390">
        <ele>1571.052884</ele>
        <time>2026-07-14T19:27:25.103Z</time>
      </trkpt>
      <trkpt lat="43.171687" lon="-4.778446">
        <ele>1547.887768</ele>
        <time>2026-07-14T19:30:38.431Z</time>
      </trkpt>
      <trkpt lat="43.171817" lon="-4.778008">
        <ele>1543.651287</ele>
        <time>2026-07-14T19:31:20.630Z</time>
      </trkpt>
      <trkpt lat="43.172070" lon="-4.777366">
        <ele>1537.113753</ele>
        <time>2026-07-14T19:32:25.548Z</time>
      </trkpt>
      <trkpt lat="43.172342" lon="-4.776383">
        <ele>1527.583347</ele>
        <time>2026-07-14T19:33:59.693Z</time>
      </trkpt>
      <trkpt lat="43.172809" lon="-4.774914">
        <ele>1512.718241</ele>
        <time>2026-07-14T19:36:26.980Z</time>
      </trkpt>
      <trkpt lat="43.173166" lon="-4.773916">
        <ele>1503.569519</ele>
        <time>2026-07-14T19:38:07.768Z</time>
      </trkpt>
      <trkpt lat="43.173424" lon="-4.773286">
        <ele>1498.270444</ele>
        <time>2026-07-14T19:39:11.624Z</time>
      </trkpt>
      <trkpt lat="43.173688" lon="-4.772744">
        <ele>1493.490348</ele>
        <time>2026-07-14T19:40:07.962Z</time>
      </trkpt>
      <trkpt lat="43.174026" lon="-4.772186">
        <ele>1488.928186</ele>
        <time>2026-07-14T19:41:09.151Z</time>
      </trkpt>
      <trkpt lat="43.174304" lon="-4.771655">
        <ele>1486.269312</ele>
        <time>2026-07-14T19:42:02.937Z</time>
      </trkpt>
      <trkpt lat="43.174696" lon="-4.771094">
        <ele>1483.108965</ele>
        <time>2026-07-14T19:43:05.405Z</time>
      </trkpt>
      <trkpt lat="43.174895" lon="-4.770840">
        <ele>1481.592572</ele>
        <time>2026-07-14T19:43:34.998Z</time>
      </trkpt>
      <trkpt lat="43.175194" lon="-4.770524">
        <ele>1479.464536</ele>
        <time>2026-07-14T19:44:15.929Z</time>
      </trkpt>
      <trkpt lat="43.175283" lon="-4.770400">
        <ele>1478.711763</ele>
        <time>2026-07-14T19:44:29.713Z</time>
      </trkpt>
      <trkpt lat="43.175365" lon="-4.770200">
        <ele>1477.719038</ele>
        <time>2026-07-14T19:44:47.868Z</time>
      </trkpt>
      <trkpt lat="43.175481" lon="-4.770024">
        <ele>1476.692619</ele>
        <time>2026-07-14T19:45:06.722Z</time>
      </trkpt>
      <trkpt lat="43.175752" lon="-4.769721">
        <ele>1474.618052</ele>
        <time>2026-07-14T19:45:45.310Z</time>
      </trkpt>
      <trkpt lat="43.176276" lon="-4.769202">
        <ele>1470.783005</ele>
        <time>2026-07-14T19:46:58.219Z</time>
      </trkpt>
      <trkpt lat="43.177323" lon="-4.767952">
        <ele>1459.159121</ele>
        <time>2026-07-14T19:49:41.266Z</time>
      </trkpt>
      <trkpt lat="43.177850" lon="-4.767452">
        <ele>1453.411856</ele>
        <time>2026-07-14T19:50:57.761Z</time>
      </trkpt>
      <trkpt lat="43.178070" lon="-4.767349">
        <ele>1451.474678</ele>
        <time>2026-07-14T19:51:25.543Z</time>
      </trkpt>
      <trkpt lat="43.178251" lon="-4.767174">
        <ele>1449.659994</ele>
        <time>2026-07-14T19:51:51.997Z</time>
      </trkpt>
      <trkpt lat="43.178727" lon="-4.766454">
        <ele>1443.852959</ele>
        <time>2026-07-14T19:53:15.665Z</time>
      </trkpt>
      <trkpt lat="43.179186" lon="-4.765968">
        <ele>1439.101275</ele>
        <time>2026-07-14T19:54:21.865Z</time>
      </trkpt>
      <trkpt lat="43.179420" lon="-4.765785">
        <ele>1437.326629</ele>
        <time>2026-07-14T19:54:51.850Z</time>
      </trkpt>
      <trkpt lat="43.179832" lon="-4.765530">
        <ele>1434.763011</ele>
        <time>2026-07-14T19:55:41.726Z</time>
      </trkpt>
      <trkpt lat="43.180333" lon="-4.765265">
        <ele>1431.717563</ele>
        <time>2026-07-14T19:56:40.587Z</time>
      </trkpt>
      <trkpt lat="43.181125" lon="-4.764782">
        <ele>1425.801272</ele>
        <time>2026-07-14T19:58:17.480Z</time>
      </trkpt>
      <trkpt lat="43.181261" lon="-4.764735">
        <ele>1424.392204</ele>
        <time>2026-07-14T19:58:33.632Z</time>
      </trkpt>
      <trkpt lat="43.181568" lon="-4.764778">
        <ele>1421.291822</ele>
        <time>2026-07-14T19:59:10.025Z</time>
      </trkpt>
      <trkpt lat="43.181703" lon="-4.764753">
        <ele>1419.923207</ele>
        <time>2026-07-14T19:59:26.256Z</time>
      </trkpt>
      <trkpt lat="43.182117" lon="-4.764644">
        <ele>1415.687916</ele>
        <time>2026-07-14T20:00:17.337Z</time>
      </trkpt>
      <trkpt lat="43.182404" lon="-4.764528">
        <ele>1412.681894</ele>
        <time>2026-07-14T20:00:54.292Z</time>
      </trkpt>
      <trkpt lat="43.182880" lon="-4.764412">
        <ele>1406.974296</ele>
        <time>2026-07-14T20:01:55.286Z</time>
      </trkpt>
      <trkpt lat="43.183033" lon="-4.764338">
        <ele>1404.715184</ele>
        <time>2026-07-14T20:02:15.999Z</time>
      </trkpt>
      <trkpt lat="43.183446" lon="-4.764345">
        <ele>1398.963785</ele>
        <time>2026-07-14T20:03:08.818Z</time>
      </trkpt>
      <trkpt lat="43.183675" lon="-4.764301">
        <ele>1395.743853</ele>
        <time>2026-07-14T20:03:38.349Z</time>
      </trkpt>
      <trkpt lat="43.185116" lon="-4.763849">
        <ele>1375.337387</ele>
        <time>2026-07-14T20:06:46.465Z</time>
      </trkpt>
      <trkpt lat="43.186217" lon="-4.763441">
        <ele>1359.818663</ele>
        <time>2026-07-14T20:09:10.794Z</time>
      </trkpt>
      <trkpt lat="43.187350" lon="-4.763291">
        <ele>1346.076277</ele>
        <time>2026-07-14T20:11:32.429Z</time>
      </trkpt>
      <trkpt lat="43.187498" lon="-4.763197">
        <ele>1344.107167</ele>
        <time>2026-07-14T20:11:52.587Z</time>
      </trkpt>
      <trkpt lat="43.187721" lon="-4.762928">
        <ele>1340.521707</ele>
        <time>2026-07-14T20:12:29.012Z</time>
      </trkpt>
      <trkpt lat="43.187773" lon="-4.762866">
        <ele>1339.689846</ele>
        <time>2026-07-14T20:12:37.246Z</time>
      </trkpt>
      <trkpt lat="43.188042" lon="-4.762699">
        <ele>1336.500134</ele>
        <time>2026-07-14T20:13:12.348Z</time>
      </trkpt>
      <trkpt lat="43.188428" lon="-4.762520">
        <ele>1332.304954</ele>
        <time>2026-07-14T20:14:01.391Z</time>
      </trkpt>
      <trkpt lat="43.188274" lon="-4.762854">
        <ele>1329.338435</ele>
        <time>2026-07-14T20:14:36.056Z</time>
      </trkpt>
      <trkpt lat="43.188428" lon="-4.762520">
        <ele>1326.371915</ele>
        <time>2026-07-14T20:15:10.536Z</time>
      </trkpt>
      <trkpt lat="43.188660" lon="-4.762479">
        <ele>1323.963551</ele>
        <time>2026-07-14T20:15:38.578Z</time>
      </trkpt>
      <trkpt lat="43.188865" lon="-4.762501">
        <ele>1321.846469</ele>
        <time>2026-07-14T20:16:03.059Z</time>
      </trkpt>
      <trkpt lat="43.189153" lon="-4.762631">
        <ele>1318.384949</ele>
        <time>2026-07-14T20:16:39.377Z</time>
      </trkpt>
      <trkpt lat="43.189260" lon="-4.762641">
        <ele>1317.018326</ele>
        <time>2026-07-14T20:16:52.398Z</time>
      </trkpt>
      <trkpt lat="43.189378" lon="-4.762574">
        <ele>1315.390944</ele>
        <time>2026-07-14T20:17:07.888Z</time>
      </trkpt>
      <trkpt lat="43.189482" lon="-4.762443">
        <ele>1313.591640</ele>
        <time>2026-07-14T20:17:25.499Z</time>
      </trkpt>
      <trkpt lat="43.189549" lon="-4.762245">
        <ele>1311.563640</ele>
        <time>2026-07-14T20:17:45.559Z</time>
      </trkpt>
      <trkpt lat="43.189562" lon="-4.762098">
        <ele>1310.187917</ele>
        <time>2026-07-14T20:17:59.070Z</time>
      </trkpt>
      <trkpt lat="43.189603" lon="-4.761963">
        <ele>1308.829228</ele>
        <time>2026-07-14T20:18:12.387Z</time>
      </trkpt>
      <trkpt lat="43.189697" lon="-4.761847">
        <ele>1307.217959</ele>
        <time>2026-07-14T20:18:28.198Z</time>
      </trkpt>
      <trkpt lat="43.189798" lon="-4.761810">
        <ele>1305.885838</ele>
        <time>2026-07-14T20:18:41.284Z</time>
      </trkpt>
      <trkpt lat="43.189876" lon="-4.761815">
        <ele>1304.890828</ele>
        <time>2026-07-14T20:18:51.216Z</time>
      </trkpt>
      <trkpt lat="43.189962" lon="-4.761873">
        <ele>1303.669647</ele>
        <time>2026-07-14T20:19:03.263Z</time>
      </trkpt>
      <trkpt lat="43.190044" lon="-4.761980">
        <ele>1302.227424</ele>
        <time>2026-07-14T20:19:17.580Z</time>
      </trkpt>
      <trkpt lat="43.190105" lon="-4.762129">
        <ele>1300.639836</ele>
        <time>2026-07-14T20:19:33.406Z</time>
      </trkpt>
      <trkpt lat="43.190136" lon="-4.762313">
        <ele>1298.885340</ele>
        <time>2026-07-14T20:19:51.019Z</time>
      </trkpt>
      <trkpt lat="43.190164" lon="-4.762371">
        <ele>1298.239075</ele>
        <time>2026-07-14T20:19:57.512Z</time>
      </trkpt>
      <trkpt lat="43.190265" lon="-4.762424">
        <ele>1296.846884</ele>
        <time>2026-07-14T20:20:11.394Z</time>
      </trkpt>
      <trkpt lat="43.190313" lon="-4.762422">
        <ele>1296.211735</ele>
        <time>2026-07-14T20:20:17.605Z</time>
      </trkpt>
      <trkpt lat="43.190587" lon="-4.762254">
        <ele>1292.242149</ele>
        <time>2026-07-14T20:20:56.274Z</time>
      </trkpt>
      <trkpt lat="43.190719" lon="-4.762236">
        <ele>1290.487688</ele>
        <time>2026-07-14T20:21:13.254Z</time>
      </trkpt>
      <trkpt lat="43.190844" lon="-4.762274">
        <ele>1288.794297</ele>
        <time>2026-07-14T20:21:29.506Z</time>
      </trkpt>
      <trkpt lat="43.191210" lon="-4.762501">
        <ele>1283.481619</ele>
        <time>2026-07-14T20:22:20.412Z</time>
      </trkpt>
      <trkpt lat="43.191470" lon="-4.762497">
        <ele>1280.042600</ele>
        <time>2026-07-14T20:22:52.834Z</time>
      </trkpt>
      <trkpt lat="43.191545" lon="-4.762395">
        <ele>1278.645679</ele>
        <time>2026-07-14T20:23:05.987Z</time>
      </trkpt>
      <trkpt lat="43.191604" lon="-4.762255">
        <ele>1277.086380</ele>
        <time>2026-07-14T20:23:20.608Z</time>
      </trkpt>
      <trkpt lat="43.191685" lon="-4.762216">
        <ele>1275.950972</ele>
        <time>2026-07-14T20:23:31.114Z</time>
      </trkpt>
      <trkpt lat="43.191846" lon="-4.762218">
        <ele>1273.821472</ele>
        <time>2026-07-14T20:23:50.969Z</time>
      </trkpt>
      <trkpt lat="43.192608" lon="-4.762371">
        <ele>1265.199065</ele>
        <time>2026-07-14T20:25:24.967Z</time>
      </trkpt>
      <trkpt lat="43.192887" lon="-4.762352">
        <ele>1262.093167</ele>
        <time>2026-07-14T20:25:58.920Z</time>
      </trkpt>
      <trkpt lat="43.193508" lon="-4.762378">
        <ele>1255.185327</ele>
        <time>2026-07-14T20:27:14.459Z</time>
      </trkpt>
      <trkpt lat="43.193667" lon="-4.762340">
        <ele>1253.388818</ele>
        <time>2026-07-14T20:27:34.023Z</time>
      </trkpt>
      <trkpt lat="43.194144" lon="-4.762139">
        <ele>1247.644355</ele>
        <time>2026-07-14T20:28:34.581Z</time>
      </trkpt>
      <trkpt lat="43.194298" lon="-4.762175">
        <ele>1245.845957</ele>
        <time>2026-07-14T20:28:53.522Z</time>
      </trkpt>
      <trkpt lat="43.194515" lon="-4.762422">
        <ele>1242.599782</ele>
        <time>2026-07-14T20:29:27.844Z</time>
      </trkpt>
      <trkpt lat="43.194663" lon="-4.762516">
        <ele>1240.722235</ele>
        <time>2026-07-14T20:29:47.795Z</time>
      </trkpt>
      <trkpt lat="43.194913" lon="-4.762629">
        <ele>1237.692028</ele>
        <time>2026-07-14T20:30:19.986Z</time>
      </trkpt>
      <trkpt lat="43.195320" lon="-4.762689">
        <ele>1232.979694</ele>
        <time>2026-07-14T20:31:10.803Z</time>
      </trkpt>
      <trkpt lat="43.195910" lon="-4.762390">
        <ele>1224.451528</ele>
        <time>2026-07-14T20:32:29.946Z</time>
      </trkpt>
      <trkpt lat="43.196076" lon="-4.762376">
        <ele>1222.184982</ele>
        <time>2026-07-14T20:32:51.038Z</time>
      </trkpt>
      <trkpt lat="43.196521" lon="-4.762634">
        <ele>1215.601000</ele>
        <time>2026-07-14T20:33:52.723Z</time>
      </trkpt>
      <trkpt lat="43.196733" lon="-4.762900">
        <ele>1211.685481</ele>
        <time>2026-07-14T20:34:29.311Z</time>
      </trkpt>
      <trkpt lat="43.196851" lon="-4.763216">
        <ele>1208.160181</ele>
        <time>2026-07-14T20:35:02.209Z</time>
      </trkpt>
      <trkpt lat="43.196944" lon="-4.763291">
        <ele>1206.732190</ele>
        <time>2026-07-14T20:35:16.015Z</time>
      </trkpt>
      <trkpt lat="43.197018" lon="-4.763277">
        <ele>1205.743403</ele>
        <time>2026-07-14T20:35:25.486Z</time>
      </trkpt>
      <trkpt lat="43.197151" lon="-4.763159">
        <ele>1203.646785</ele>
        <time>2026-07-14T20:35:45.467Z</time>
      </trkpt>
      <trkpt lat="43.197207" lon="-4.763202">
        <ele>1202.797300</ele>
        <time>2026-07-14T20:35:53.590Z</time>
      </trkpt>
      <trkpt lat="43.197224" lon="-4.763292">
        <ele>1201.900160</ele>
        <time>2026-07-14T20:36:02.190Z</time>
      </trkpt>
      <trkpt lat="43.197158" lon="-4.763521">
        <ele>1199.523984</ele>
        <time>2026-07-14T20:36:24.823Z</time>
      </trkpt>
      <trkpt lat="43.197185" lon="-4.763651">
        <ele>1198.219623</ele>
        <time>2026-07-14T20:36:37.197Z</time>
      </trkpt>
      <trkpt lat="43.197255" lon="-4.763698">
        <ele>1197.188015</ele>
        <time>2026-07-14T20:36:47.022Z</time>
      </trkpt>
      <trkpt lat="43.197349" lon="-4.763687">
        <ele>1195.939248</ele>
        <time>2026-07-14T20:36:58.820Z</time>
      </trkpt>
      <trkpt lat="43.197524" lon="-4.763596">
        <ele>1193.461978</ele>
        <time>2026-07-14T20:37:22.155Z</time>
      </trkpt>
      <trkpt lat="43.197748" lon="-4.763606">
        <ele>1190.495393</ele>
        <time>2026-07-14T20:37:49.957Z</time>
      </trkpt>
      <trkpt lat="43.197902" lon="-4.763671">
        <ele>1188.362632</ele>
        <time>2026-07-14T20:38:10.200Z</time>
      </trkpt>
      <trkpt lat="43.198307" lon="-4.764005">
        <ele>1181.537436</ele>
        <time>2026-07-14T20:39:09.246Z</time>
      </trkpt>
      <trkpt lat="43.198382" lon="-4.764011">
        <ele>1180.298031</ele>
        <time>2026-07-14T20:39:18.527Z</time>
      </trkpt>
      <trkpt lat="43.198546" lon="-4.763939">
        <ele>1177.457276</ele>
        <time>2026-07-14T20:39:40.245Z</time>
      </trkpt>
      <trkpt lat="43.198720" lon="-4.763963">
        <ele>1174.572259</ele>
        <time>2026-07-14T20:40:02.548Z</time>
      </trkpt>
      <trkpt lat="43.198945" lon="-4.764123">
        <ele>1170.391248</ele>
        <time>2026-07-14T20:40:35.547Z</time>
      </trkpt>
      <trkpt lat="43.199004" lon="-4.764222">
        <ele>1168.853415</ele>
        <time>2026-07-14T20:40:47.698Z</time>
      </trkpt>
      <trkpt lat="43.199067" lon="-4.764280">
        <ele>1167.601715</ele>
        <time>2026-07-14T20:40:57.681Z</time>
      </trkpt>
      <trkpt lat="43.199353" lon="-4.764267">
        <ele>1162.880876</ele>
        <time>2026-07-14T20:41:36.516Z</time>
      </trkpt>
      <trkpt lat="43.199596" lon="-4.764082">
        <ele>1158.296021</ele>
        <time>2026-07-14T20:42:15.933Z</time>
      </trkpt>
      <trkpt lat="43.199754" lon="-4.764038">
        <ele>1155.636268</ele>
        <time>2026-07-14T20:42:39.885Z</time>
      </trkpt>
      <trkpt lat="43.200013" lon="-4.764041">
        <ele>1150.427314</ele>
        <time>2026-07-14T20:43:18.314Z</time>
      </trkpt>
      <trkpt lat="43.200312" lon="-4.764152">
        <ele>1143.904494</ele>
        <time>2026-07-14T20:44:06.352Z</time>
      </trkpt>
      <trkpt lat="43.200431" lon="-4.764159">
        <ele>1141.396291</ele>
        <time>2026-07-14T20:44:25.420Z</time>
      </trkpt>
      <trkpt lat="43.200741" lon="-4.764016">
        <ele>1134.509129</ele>
        <time>2026-07-14T20:45:17.285Z</time>
      </trkpt>
      <trkpt lat="43.201000" lon="-4.764106">
        <ele>1128.882856</ele>
        <time>2026-07-14T20:45:58.503Z</time>
      </trkpt>
      <trkpt lat="43.201233" lon="-4.764495">
        <ele>1121.154337</ele>
        <time>2026-07-14T20:46:54.015Z</time>
      </trkpt>
      <trkpt lat="43.201429" lon="-4.764987">
        <ele>1113.583828</ele>
        <time>2026-07-14T20:47:53.235Z</time>
      </trkpt>
      <trkpt lat="43.201568" lon="-4.765273">
        <ele>1109.571178</ele>
        <time>2026-07-14T20:48:28.283Z</time>
      </trkpt>
      <trkpt lat="43.201692" lon="-4.765399">
        <ele>1107.100015</ele>
        <time>2026-07-14T20:48:49.039Z</time>
      </trkpt>
      <trkpt lat="43.201981" lon="-4.765592">
        <ele>1101.952676</ele>
        <time>2026-07-14T20:49:31.037Z</time>
      </trkpt>
      <trkpt lat="43.202117" lon="-4.766162">
        <ele>1094.951460</ele>
        <time>2026-07-14T20:50:27.236Z</time>
      </trkpt>
      <trkpt lat="43.202219" lon="-4.766376">
        <ele>1091.966721</ele>
        <time>2026-07-14T20:50:50.886Z</time>
      </trkpt>
      <trkpt lat="43.202308" lon="-4.766486">
        <ele>1090.048336</ele>
        <time>2026-07-14T20:51:06.084Z</time>
      </trkpt>
      <trkpt lat="43.202889" lon="-4.766830">
        <ele>1082.682894</ele>
        <time>2026-07-14T20:52:24.594Z</time>
      </trkpt>
      <trkpt lat="43.203014" lon="-4.766949">
        <ele>1081.073477</ele>
        <time>2026-07-14T20:52:43.242Z</time>
      </trkpt>
      <trkpt lat="43.203283" lon="-4.766965">
        <ele>1078.225352</ele>
        <time>2026-07-14T20:53:15.615Z</time>
      </trkpt>
      <trkpt lat="43.203528" lon="-4.766901">
        <ele>1075.587205</ele>
        <time>2026-07-14T20:53:45.467Z</time>
      </trkpt>
      <trkpt lat="43.203676" lon="-4.766964">
        <ele>1073.948047</ele>
        <time>2026-07-14T20:54:03.925Z</time>
      </trkpt>
      <trkpt lat="43.203772" lon="-4.767066">
        <ele>1072.663630</ele>
        <time>2026-07-14T20:54:18.337Z</time>
      </trkpt>
      <trkpt lat="43.204099" lon="-4.767203">
        <ele>1069.046959</ele>
        <time>2026-07-14T20:54:58.696Z</time>
      </trkpt>
      <trkpt lat="43.204399" lon="-4.767540">
        <ele>1065.946372</ele>
        <time>2026-07-14T20:55:43.831Z</time>
      </trkpt>
      <trkpt lat="43.204576" lon="-4.767644">
        <ele>1064.407020</ele>
        <time>2026-07-14T20:56:06.200Z</time>
      </trkpt>
      <trkpt lat="43.204632" lon="-4.767677">
        <ele>1063.919773</ele>
        <time>2026-07-14T20:56:13.184Z</time>
      </trkpt>
      <trkpt lat="43.204804" lon="-4.767691">
        <ele>1062.542296</ele>
        <time>2026-07-14T20:56:33.192Z</time>
      </trkpt>
      <trkpt lat="43.204959" lon="-4.767621">
        <ele>1061.237731</ele>
        <time>2026-07-14T20:56:52.147Z</time>
      </trkpt>
      <trkpt lat="43.205115" lon="-4.767597">
        <ele>1059.982767</ele>
        <time>2026-07-14T20:57:10.285Z</time>
      </trkpt>
      <trkpt lat="43.205799" lon="-4.767782">
        <ele>1054.485846</ele>
        <time>2026-07-14T20:58:31.152Z</time>
      </trkpt>
      <trkpt lat="43.205961" lon="-4.767760">
        <ele>1053.575081</ele>
        <time>2026-07-14T20:58:49.675Z</time>
      </trkpt>
      <trkpt lat="43.206065" lon="-4.767706">
        <ele>1052.952960</ele>
        <time>2026-07-14T20:59:02.385Z</time>
      </trkpt>
      <trkpt lat="43.206385" lon="-4.767264">
        <ele>1050.412500</ele>
        <time>2026-07-14T20:59:53.789Z</time>
      </trkpt>
      <trkpt lat="43.206473" lon="-4.767144">
        <ele>1049.718345</ele>
        <time>2026-07-14T21:00:07.692Z</time>
      </trkpt>
      <trkpt lat="43.206559" lon="-4.767025">
        <ele>1049.034983</ele>
        <time>2026-07-14T21:00:21.305Z</time>
      </trkpt>
      <trkpt lat="43.206473" lon="-4.767144">
        <ele>1048.351622</ele>
        <time>2026-07-14T21:00:34.777Z</time>
      </trkpt>
      <trkpt lat="43.206559" lon="-4.767025">
        <ele>1047.668260</ele>
        <time>2026-07-14T21:00:48.245Z</time>
      </trkpt>
      <trkpt lat="43.206606" lon="-4.766960">
        <ele>1047.294896</ele>
        <time>2026-07-14T21:00:55.544Z</time>
      </trkpt>
      <trkpt lat="43.206693" lon="-4.766736">
        <ele>1046.259861</ele>
        <time>2026-07-14T21:01:15.748Z</time>
      </trkpt>
      <trkpt lat="43.206897" lon="-4.766396">
        <ele>1044.513280</ele>
        <time>2026-07-14T21:01:50.381Z</time>
      </trkpt>
      <trkpt lat="43.207070" lon="-4.765991">
        <ele>1043.284135</ele>
        <time>2026-07-14T21:02:26.766Z</time>
      </trkpt>
      <trkpt lat="43.207179" lon="-4.765794">
        <ele>1042.636524</ele>
        <time>2026-07-14T21:02:46.111Z</time>
      </trkpt>
      <trkpt lat="43.207547" lon="-4.765531">
        <ele>1041.145933</ele>
        <time>2026-07-14T21:03:30.274Z</time>
      </trkpt>
      <trkpt lat="43.208001" lon="-4.765142">
        <ele>1039.223082</ele>
        <time>2026-07-14T21:04:27.495Z</time>
      </trkpt>
      <trkpt lat="43.208303" lon="-4.764824">
        <ele>1037.749027</ele>
        <time>2026-07-14T21:05:08.752Z</time>
      </trkpt>
      <trkpt lat="43.208518" lon="-4.764685">
        <ele>1036.575939</ele>
        <time>2026-07-14T21:05:34.766Z</time>
      </trkpt>
      <trkpt lat="43.208643" lon="-4.764534">
        <ele>1035.753915</ele>
        <time>2026-07-14T21:05:52.930Z</time>
      </trkpt>
      <trkpt lat="43.209325" lon="-4.763992">
        <ele>1031.863848</ele>
        <time>2026-07-14T21:07:19.548Z</time>
      </trkpt>
      <trkpt lat="43.210071" lon="-4.763268">
        <ele>1026.785752</ele>
        <time>2026-07-14T21:09:01.539Z</time>
      </trkpt>
      <trkpt lat="43.210263" lon="-4.763112">
        <ele>1025.356680</ele>
        <time>2026-07-14T21:09:26.873Z</time>
      </trkpt>
      <trkpt lat="43.210446" lon="-4.763050">
        <ele>1024.149481</ele>
        <time>2026-07-14T21:09:48.063Z</time>
      </trkpt>
      <trkpt lat="43.210717" lon="-4.762955">
        <ele>1022.358147</ele>
        <time>2026-07-14T21:10:19.831Z</time>
      </trkpt>
      <trkpt lat="43.211120" lon="-4.762680">
        <ele>1019.475607</ele>
        <time>2026-07-14T21:11:10.865Z</time>
      </trkpt>
      <trkpt lat="43.211211" lon="-4.762568">
        <ele>1018.692693</ele>
        <time>2026-07-14T21:11:24.866Z</time>
      </trkpt>
      <trkpt lat="43.211393" lon="-4.762460">
        <ele>1017.471388</ele>
        <time>2026-07-14T21:11:47.465Z</time>
      </trkpt>
      <trkpt lat="43.211531" lon="-4.762412">
        <ele>1016.697846</ele>
        <time>2026-07-14T21:12:03.909Z</time>
      </trkpt>
      <trkpt lat="43.211727" lon="-4.762291">
        <ele>1015.530044</ele>
        <time>2026-07-14T21:12:28.415Z</time>
      </trkpt>
      <trkpt lat="43.211913" lon="-4.762233">
        <ele>1014.493641</ele>
        <time>2026-07-14T21:12:49.819Z</time>
      </trkpt>
      <trkpt lat="43.212051" lon="-4.762223">
        <ele>1013.742773</ele>
        <time>2026-07-14T21:13:05.239Z</time>
      </trkpt>
      <trkpt lat="43.212147" lon="-4.762248">
        <ele>1013.211844</ele>
        <time>2026-07-14T21:13:16.026Z</time>
      </trkpt>
      <trkpt lat="43.212415" lon="-4.762373">
        <ele>1011.673830</ele>
        <time>2026-07-14T21:13:47.126Z</time>
      </trkpt>
      <trkpt lat="43.212735" lon="-4.762467">
        <ele>1009.895708</ele>
        <time>2026-07-14T21:14:22.981Z</time>
      </trkpt>
      <trkpt lat="43.212835" lon="-4.762472">
        <ele>1009.351997</ele>
        <time>2026-07-14T21:14:33.922Z</time>
      </trkpt>
      <trkpt lat="43.212976" lon="-4.762395">
        <ele>1008.527423</ele>
        <time>2026-07-14T21:14:50.444Z</time>
      </trkpt>
      <trkpt lat="43.213319" lon="-4.761938">
        <ele>1005.799648</ele>
        <time>2026-07-14T21:15:42.544Z</time>
      </trkpt>
      <trkpt lat="43.213377" lon="-4.761818">
        <ele>1005.193128</ele>
        <time>2026-07-14T21:15:53.929Z</time>
      </trkpt>
      <trkpt lat="43.213415" lon="-4.761637">
        <ele>1004.399714</ele>
        <time>2026-07-14T21:16:08.909Z</time>
      </trkpt>
      <trkpt lat="43.213465" lon="-4.761563">
        <ele>1003.974663</ele>
        <time>2026-07-14T21:16:16.959Z</time>
      </trkpt>
      <trkpt lat="43.214122" lon="-4.761073">
        <ele>999.652782</ele>
        <time>2026-07-14T21:17:39.951Z</time>
      </trkpt>
      <trkpt lat="43.214331" lon="-4.760766">
        <ele>997.883235</ele>
        <time>2026-07-14T21:18:15.176Z</time>
      </trkpt>
      <trkpt lat="43.214774" lon="-4.760339">
        <ele>992.443113</ele>
        <time>2026-07-14T21:19:19.070Z</time>
      </trkpt>
      <trkpt lat="43.215134" lon="-4.760080">
        <ele>988.169016</ele>
        <time>2026-07-14T21:20:08.167Z</time>
      </trkpt>
      <trkpt lat="43.216338" lon="-4.759629">
        <ele>974.703535</ele>
        <time>2026-07-14T21:22:42.148Z</time>
      </trkpt>
      <trkpt lat="43.216753" lon="-4.759430">
        <ele>969.643517</ele>
        <time>2026-07-14T21:23:36.481Z</time>
      </trkpt>
      <trkpt lat="43.217075" lon="-4.759258">
        <ele>965.666303</ele>
        <time>2026-07-14T21:24:19.164Z</time>
      </trkpt>
      <trkpt lat="43.217845" lon="-4.758736">
        <ele>956.389851</ele>
        <time>2026-07-14T21:26:03.888Z</time>
      </trkpt>
      <trkpt lat="43.218445" lon="-4.758391">
        <ele>950.994627</ele>
        <time>2026-07-14T21:27:21.188Z</time>
      </trkpt>
      <trkpt lat="43.219665" lon="-4.757975">
        <ele>941.187651</ele>
        <time>2026-07-14T21:29:43.937Z</time>
      </trkpt>
      <trkpt lat="43.219812" lon="-4.757901">
        <ele>940.213763</ele>
        <time>2026-07-14T21:30:01.524Z</time>
      </trkpt>
      <trkpt lat="43.219994" lon="-4.757756">
        <ele>938.904809</ele>
        <time>2026-07-14T21:30:25.238Z</time>
      </trkpt>
      <trkpt lat="43.220104" lon="-4.757596">
        <ele>937.907804</ele>
        <time>2026-07-14T21:30:43.199Z</time>
      </trkpt>
      <trkpt lat="43.220204" lon="-4.757364">
        <ele>936.686081</ele>
        <time>2026-07-14T21:31:05.153Z</time>
      </trkpt>
      <trkpt lat="43.220785" lon="-4.756605">
        <ele>931.688394</ele>
        <time>2026-07-14T21:32:35.406Z</time>
      </trkpt>
      <trkpt lat="43.220944" lon="-4.756278">
        <ele>929.813293</ele>
        <time>2026-07-14T21:33:07.695Z</time>
      </trkpt>
      <trkpt lat="43.221165" lon="-4.755992">
        <ele>927.824930</ele>
        <time>2026-07-14T21:33:41.849Z</time>
      </trkpt>
      <trkpt lat="43.221318" lon="-4.755844">
        <ele>926.599652</ele>
        <time>2026-07-14T21:34:03.007Z</time>
      </trkpt>
      <trkpt lat="43.221521" lon="-4.755738">
        <ele>925.177953</ele>
        <time>2026-07-14T21:34:27.473Z</time>
      </trkpt>
      <trkpt lat="43.221837" lon="-4.755687">
        <ele>923.095290</ele>
        <time>2026-07-14T21:35:03.361Z</time>
      </trkpt>
      <trkpt lat="43.222588" lon="-4.755865">
        <ele>918.485972</ele>
        <time>2026-07-14T21:36:30.759Z</time>
      </trkpt>
      <trkpt lat="43.223204" lon="-4.755834">
        <ele>915.225432</ele>
        <time>2026-07-14T21:37:41.263Z</time>
      </trkpt>
      <trkpt lat="43.223653" lon="-4.755548">
        <ele>912.607069</ele>
        <time>2026-07-14T21:38:36.281Z</time>
      </trkpt>
      <trkpt lat="43.223799" lon="-4.755546">
        <ele>911.834759</ele>
        <time>2026-07-14T21:38:51.843Z</time>
      </trkpt>
      <trkpt lat="43.224152" lon="-4.755663">
        <ele>910.568714</ele>
        <time>2026-07-14T21:39:29.475Z</time>
      </trkpt>
      <trkpt lat="43.224295" lon="-4.755674">
        <ele>910.568504</ele>
        <time>2026-07-14T21:39:44.090Z</time>
      </trkpt>
      <trkpt lat="43.224421" lon="-4.755605">
        <ele>910.568305</ele>
        <time>2026-07-14T21:39:57.669Z</time>
      </trkpt>
      <trkpt lat="43.224649" lon="-4.755385">
        <ele>910.567896</ele>
        <time>2026-07-14T21:40:26.058Z</time>
      </trkpt>
      <trkpt lat="43.224785" lon="-4.755270">
        <ele>910.567662</ele>
        <time>2026-07-14T21:40:42.794Z</time>
      </trkpt>
      <trkpt lat="43.224922" lon="-4.755166">
        <ele>910.567432</ele>
        <time>2026-07-14T21:40:59.382Z</time>
      </trkpt>
      <trkpt lat="43.225175" lon="-4.755070">
        <ele>910.567047</ele>
        <time>2026-07-14T21:41:27.134Z</time>
      </trkpt>
      <trkpt lat="43.225287" lon="-4.755066">
        <ele>910.566883</ele>
        <time>2026-07-14T21:41:39.022Z</time>
      </trkpt>
      <trkpt lat="43.225579" lon="-4.755138">
        <ele>910.566448</ele>
        <time>2026-07-14T21:42:10.246Z</time>
      </trkpt>
      <trkpt lat="43.226168" lon="-4.755033">
        <ele>909.496844</ele>
        <time>2026-07-14T21:43:10.833Z</time>
      </trkpt>
      <trkpt lat="43.226872" lon="-4.754813">
        <ele>907.833664</ele>
        <time>2026-07-14T21:44:28.404Z</time>
      </trkpt>
      <trkpt lat="43.227124" lon="-4.754784">
        <ele>907.251143</ele>
        <time>2026-07-14T21:44:55.111Z</time>
      </trkpt>
      <trkpt lat="43.227291" lon="-4.754752">
        <ele>906.862726</ele>
        <time>2026-07-14T21:45:13.024Z</time>
      </trkpt>
      <trkpt lat="43.227365" lon="-4.754672">
        <ele>906.645732</ele>
        <time>2026-07-14T21:45:23.053Z</time>
      </trkpt>
      <trkpt lat="43.227412" lon="-4.754435">
        <ele>906.575806</ele>
        <time>2026-07-14T21:45:41.988Z</time>
      </trkpt>
      <trkpt lat="43.227405" lon="-4.754170">
        <ele>906.934365</ele>
        <time>2026-07-14T21:46:02.436Z</time>
      </trkpt>
      <trkpt lat="43.227276" lon="-4.753771">
        <ele>907.524605</ele>
        <time>2026-07-14T21:46:36.143Z</time>
      </trkpt>
      <trkpt lat="43.227315" lon="-4.753640">
        <ele>907.715954</ele>
        <time>2026-07-14T21:46:46.867Z</time>
      </trkpt>
      <trkpt lat="43.227357" lon="-4.753608">
        <ele>907.805100</ele>
        <time>2026-07-14T21:46:51.781Z</time>
      </trkpt>
      <trkpt lat="43.227445" lon="-4.753615">
        <ele>907.968679</ele>
        <time>2026-07-14T21:47:00.754Z</time>
      </trkpt>
      <trkpt lat="43.227690" lon="-4.753754">
        <ele>908.460651</ele>
        <time>2026-07-14T21:47:29.763Z</time>
      </trkpt>
      <trkpt lat="43.228105" lon="-4.754148">
        <ele>909.397092</ele>
        <time>2026-07-14T21:48:29.313Z</time>
      </trkpt>
      <trkpt lat="43.228328" lon="-4.754264">
        <ele>910.282625</ele>
        <time>2026-07-14T21:48:58.696Z</time>
      </trkpt>
      <trkpt lat="43.228554" lon="-4.754306">
        <ele>913.085768</ele>
        <time>2026-07-14T21:49:27.093Z</time>
      </trkpt>
      <trkpt lat="43.229050" lon="-4.754093">
        <ele>919.473628</ele>
        <time>2026-07-14T21:50:38.033Z</time>
      </trkpt>
      <trkpt lat="43.229491" lon="-4.754051">
        <ele>924.907045</ele>
        <time>2026-07-14T21:51:45.403Z</time>
      </trkpt>
      <trkpt lat="43.229651" lon="-4.754091">
        <ele>926.905983</ele>
        <time>2026-07-14T21:52:11.373Z</time>
      </trkpt>
      <trkpt lat="43.229669" lon="-4.754035">
        <ele>927.454122</ele>
        <time>2026-07-14T21:52:19.240Z</time>
      </trkpt>
      <trkpt lat="43.229748" lon="-4.753984">
        <ele>928.527173</ele>
        <time>2026-07-14T21:52:33.334Z</time>
      </trkpt>
      <trkpt lat="43.229949" lon="-4.753901">
        <ele>931.107084</ele>
        <time>2026-07-14T21:53:09.015Z</time>
      </trkpt>
      <trkpt lat="43.230204" lon="-4.753854">
        <ele>935.723422</ele>
        <time>2026-07-14T21:53:54.336Z</time>
      </trkpt>
      <trkpt lat="43.230399" lon="-4.753643">
        <ele>940.623510</ele>
        <time>2026-07-14T21:54:41.502Z</time>
      </trkpt>
      <trkpt lat="43.230458" lon="-4.753545">
        <ele>942.451325</ele>
        <time>2026-07-14T21:54:59.669Z</time>
      </trkpt>
      <trkpt lat="43.230547" lon="-4.753303">
        <ele>946.348894</ele>
        <time>2026-07-14T21:55:40.306Z</time>
      </trkpt>
      <trkpt lat="43.230515" lon="-4.752823">
        <ele>953.279098</ele>
        <time>2026-07-14T21:56:52.290Z</time>
      </trkpt>
      <trkpt lat="43.230637" lon="-4.751965">
        <ele>965.848018</ele>
        <time>2026-07-14T21:59:10.081Z</time>
      </trkpt>
      <trkpt lat="43.230656" lon="-4.751543">
        <ele>971.168701</ele>
        <time>2026-07-14T22:00:08.183Z</time>
      </trkpt>
      <trkpt lat="43.230799" lon="-4.751119">
        <ele>976.770500</ele>
        <time>2026-07-14T22:01:07.677Z</time>
      </trkpt>
      <trkpt lat="43.230963" lon="-4.750845">
        <ele>981.021997</ele>
        <time>2026-07-14T22:01:51.752Z</time>
      </trkpt>
      <trkpt lat="43.231068" lon="-4.750719">
        <ele>983.317119</ele>
        <time>2026-07-14T22:02:15.138Z</time>
      </trkpt>
      <trkpt lat="43.231226" lon="-4.750674">
        <ele>985.972495</ele>
        <time>2026-07-14T22:02:42.638Z</time>
      </trkpt>
      <trkpt lat="43.231437" lon="-4.750697">
        <ele>989.455563</ele>
        <time>2026-07-14T22:03:19.631Z</time>
      </trkpt>
      <trkpt lat="43.231485" lon="-4.750651">
        <ele>990.418922</ele>
        <time>2026-07-14T22:03:29.469Z</time>
      </trkpt>
      <trkpt lat="43.231487" lon="-4.750568">
        <ele>991.414590</ele>
        <time>2026-07-14T22:03:39.849Z</time>
      </trkpt>
      <trkpt lat="43.231445" lon="-4.750497">
        <ele>992.511082</ele>
        <time>2026-07-14T22:03:50.024Z</time>
      </trkpt>
      <trkpt lat="43.231232" lon="-4.750431">
        <ele>996.104341</ele>
        <time>2026-07-14T22:04:24.716Z</time>
      </trkpt>
      <trkpt lat="43.231181" lon="-4.750379">
        <ele>997.111978</ele>
        <time>2026-07-14T22:04:34.015Z</time>
      </trkpt>
      <trkpt lat="43.231182" lon="-4.750334">
        <ele>997.544493</ele>
        <time>2026-07-14T22:04:38.807Z</time>
      </trkpt>
      <trkpt lat="43.231367" lon="-4.750005">
        <ele>1001.537026</ele>
        <time>2026-07-14T22:05:23.307Z</time>
      </trkpt>
      <trkpt lat="43.231411" lon="-4.749684">
        <ele>1004.674953</ele>
        <time>2026-07-14T22:06:03.213Z</time>
      </trkpt>
      <trkpt lat="43.231454" lon="-4.749525">
        <ele>1006.304288</ele>
        <time>2026-07-14T22:06:25.034Z</time>
      </trkpt>
      <trkpt lat="43.231566" lon="-4.749435">
        <ele>1008.015566</ele>
        <time>2026-07-14T22:06:48.424Z</time>
      </trkpt>
      <trkpt lat="43.232166" lon="-4.749017">
        <ele>1016.887725</ele>
        <time>2026-07-14T22:08:37.211Z</time>
      </trkpt>
      <trkpt lat="43.232453" lon="-4.748738">
        <ele>1020.675606</ele>
        <time>2026-07-14T22:09:22.255Z</time>
      </trkpt>
      <trkpt lat="43.232530" lon="-4.748597">
        <ele>1020.675606</ele>
        <time>2026-07-14T22:09:38.306Z</time>
      </trkpt>
      <trkpt lat="43.232624" lon="-4.748291">
        <ele>1020.675606</ele>
        <time>2026-07-14T22:10:08.079Z</time>
      </trkpt>
      <trkpt lat="43.232609" lon="-4.748077">
        <ele>1020.675606</ele>
        <time>2026-07-14T22:10:26.891Z</time>
      </trkpt>
      <trkpt lat="43.232541" lon="-4.747731">
        <ele>1020.675606</ele>
        <time>2026-07-14T22:10:57.611Z</time>
      </trkpt>
      <trkpt lat="43.232559" lon="-4.747531">
        <ele>1020.675606</ele>
        <time>2026-07-14T22:11:14.233Z</time>
      </trkpt>
      <trkpt lat="43.232568" lon="-4.747484">
        <ele>1020.675606</ele>
        <time>2026-07-14T22:11:18.072Z</time>
      </trkpt>
      <trkpt lat="43.232573" lon="-4.747456">
        <ele>1020.675606</ele>
        <time>2026-07-14T22:11:20.393Z</time>
      </trkpt>
    </trkseg>
  </trk>
</gpx>