<?xml version='1.0' encoding='UTF-8'?>
<gpx version="1.1" creator="https://www.komoot.de" xmlns="http://www.topografix.com/GPX/1/1" xmlns:xsi="http://www.w3.org/2001/XMLSchema-instance" xsi:schemaLocation="http://www.topografix.com/GPX/1/1 http://www.topografix.com/GPX/1/1/gpx.xsd">
  <metadata>
    <name>anillo_picos_day5</name>
    <author>
      <link href="https://www.komoot.de">
        <text>komoot</text>
        <type>text/html</type>
      </link>
    </author>
  </metadata>
  <wpt lat="43.235317" lon="-4.819803">
    <name>Bulnes (Le village)</name>
    <sym>Shopping Center</sym>
  </wpt>
  <wpt lat="43.239033" lon="-4.828188">
    <name>Village de Bulnes</name>
    <sym>Shopping Center</sym>
  </wpt>
  <trk>
    <name>anillo_picos_day5</name>
    <type>hike</type>
    <trkseg>
      <trkpt lat="43.235313" lon="-4.819771">
        <ele>643.857355</ele>
        <time>2026-07-14T16:40:48.282Z</time>
      </trkpt>
      <trkpt lat="43.235384" lon="-4.819687">
        <ele>643.857355</ele>
        <time>2026-07-14T16:40:58.502Z</time>
      </trkpt>
      <trkpt lat="43.235374" lon="-4.819601">
        <ele>643.857355</ele>
        <time>2026-07-14T16:41:05.308Z</time>
      </trkpt>
      <trkpt lat="43.235391" lon="-4.819573">
        <ele>643.857355</ele>
        <time>2026-07-14T16:41:08.294Z</time>
      </trkpt>
      <trkpt lat="43.235447" lon="-4.819444">
        <ele>643.857355</ele>
        <time>2026-07-14T16:41:20.241Z</time>
      </trkpt>
      <trkpt lat="43.235509" lon="-4.819443">
        <ele>643.857355</ele>
        <time>2026-07-14T16:41:27.148Z</time>
      </trkpt>
      <trkpt lat="43.235720" lon="-4.819638">
        <ele>643.857355</ele>
        <time>2026-07-14T16:41:55.273Z</time>
      </trkpt>
      <trkpt lat="43.235790" lon="-4.819761">
        <ele>643.857355</ele>
        <time>2026-07-14T16:42:08.038Z</time>
      </trkpt>
      <trkpt lat="43.236000" lon="-4.819984">
        <ele>643.160592</ele>
        <time>2026-07-14T16:42:38.026Z</time>
      </trkpt>
      <trkpt lat="43.236190" lon="-4.820611">
        <ele>639.305149</ele>
        <time>2026-07-14T16:43:34.822Z</time>
      </trkpt>
      <trkpt lat="43.236260" lon="-4.820731">
        <ele>638.432369</ele>
        <time>2026-07-14T16:43:48.023Z</time>
      </trkpt>
      <trkpt lat="43.236592" lon="-4.820995">
        <ele>635.442297</ele>
        <time>2026-07-14T16:44:33.062Z</time>
      </trkpt>
      <trkpt lat="43.237067" lon="-4.821494">
        <ele>630.780920</ele>
        <time>2026-07-14T16:45:42.927Z</time>
      </trkpt>
      <trkpt lat="43.237443" lon="-4.822179">
        <ele>626.245219</ele>
        <time>2026-07-14T16:46:55.239Z</time>
      </trkpt>
      <trkpt lat="43.237586" lon="-4.822508">
        <ele>624.254877</ele>
        <time>2026-07-14T16:47:27.517Z</time>
      </trkpt>
      <trkpt lat="43.237682" lon="-4.822876">
        <ele>622.224142</ele>
        <time>2026-07-14T16:48:00.568Z</time>
      </trkpt>
      <trkpt lat="43.237940" lon="-4.823146">
        <ele>619.910544</ele>
        <time>2026-07-14T16:48:37.350Z</time>
      </trkpt>
      <trkpt lat="43.237976" lon="-4.823273">
        <ele>619.202562</ele>
        <time>2026-07-14T16:48:48.300Z</time>
      </trkpt>
      <trkpt lat="43.237982" lon="-4.823391">
        <ele>618.588032</ele>
        <time>2026-07-14T16:48:57.897Z</time>
      </trkpt>
      <trkpt lat="43.238185" lon="-4.823932">
        <ele>615.404892</ele>
        <time>2026-07-14T16:49:46.785Z</time>
      </trkpt>
      <trkpt lat="43.238317" lon="-4.824211">
        <ele>613.653055</ele>
        <time>2026-07-14T16:50:13.751Z</time>
      </trkpt>
      <trkpt lat="43.238418" lon="-4.824751">
        <ele>610.717229</ele>
        <time>2026-07-14T16:51:00.787Z</time>
      </trkpt>
      <trkpt lat="43.238456" lon="-4.824822">
        <ele>610.253296</ele>
        <time>2026-07-14T16:51:08.407Z</time>
      </trkpt>
      <trkpt lat="43.238609" lon="-4.824968">
        <ele>608.906377</ele>
        <time>2026-07-14T16:51:30.494Z</time>
      </trkpt>
      <trkpt lat="43.238805" lon="-4.825262">
        <ele>606.807794</ele>
        <time>2026-07-14T16:52:04.395Z</time>
      </trkpt>
      <trkpt lat="43.238960" lon="-4.825668">
        <ele>604.394059</ele>
        <time>2026-07-14T16:52:41.897Z</time>
      </trkpt>
      <trkpt lat="43.239002" lon="-4.825922">
        <ele>602.708250</ele>
        <time>2026-07-14T16:53:03.384Z</time>
      </trkpt>
      <trkpt lat="43.239019" lon="-4.826315">
        <ele>599.977164</ele>
        <time>2026-07-14T16:53:36.893Z</time>
      </trkpt>
      <trkpt lat="43.238925" lon="-4.826801">
        <ele>596.488926</ele>
        <time>2026-07-14T16:54:20.373Z</time>
      </trkpt>
      <trkpt lat="43.238843" lon="-4.826904">
        <ele>595.430506</ele>
        <time>2026-07-14T16:54:33.520Z</time>
      </trkpt>
      <trkpt lat="43.238840" lon="-4.826939">
        <ele>595.186031</ele>
        <time>2026-07-14T16:54:36.642Z</time>
      </trkpt>
      <trkpt lat="43.238814" lon="-4.827141">
        <ele>593.763027</ele>
        <time>2026-07-14T16:54:58.792Z</time>
      </trkpt>
      <trkpt lat="43.238844" lon="-4.827274">
        <ele>592.797175</ele>
        <time>2026-07-14T16:55:13.910Z</time>
      </trkpt>
      <trkpt lat="43.238832" lon="-4.827346">
        <ele>592.284798</ele>
        <time>2026-07-14T16:55:21.833Z</time>
      </trkpt>
      <trkpt lat="43.238916" lon="-4.827545">
        <ele>590.689316</ele>
        <time>2026-07-14T16:55:46.769Z</time>
      </trkpt>
      <trkpt lat="43.238954" lon="-4.827577">
        <ele>590.264798</ele>
        <time>2026-07-14T16:55:53.369Z</time>
      </trkpt>
      <trkpt lat="43.238976" lon="-4.827652">
        <ele>589.703922</ele>
        <time>2026-07-14T16:56:02.064Z</time>
      </trkpt>
      <trkpt lat="43.239053" lon="-4.827773">
        <ele>588.589383</ele>
        <time>2026-07-14T16:56:19.454Z</time>
      </trkpt>
      <trkpt lat="43.239132" lon="-4.828149">
        <ele>585.532094</ele>
        <time>2026-07-14T16:57:02.750Z</time>
      </trkpt>
      <trkpt lat="43.239181" lon="-4.828384">
        <ele>583.261485</ele>
        <time>2026-07-14T16:57:30.879Z</time>
      </trkpt>
      <trkpt lat="43.239391" lon="-4.828645">
        <ele>579.649248</ele>
        <time>2026-07-14T16:58:17.021Z</time>
      </trkpt>
      <trkpt lat="43.239504" lon="-4.828676">
        <ele>578.179883</ele>
        <time>2026-07-14T16:58:35.516Z</time>
      </trkpt>
      <trkpt lat="43.239625" lon="-4.828778">
        <ele>576.369299</ele>
        <time>2026-07-14T16:58:58.280Z</time>
      </trkpt>
      <trkpt lat="43.239692" lon="-4.828788">
        <ele>575.509942</ele>
        <time>2026-07-14T16:59:09.066Z</time>
      </trkpt>
      <trkpt lat="43.239805" lon="-4.828955">
        <ele>573.392734</ele>
        <time>2026-07-14T16:59:35.494Z</time>
      </trkpt>
      <trkpt lat="43.239911" lon="-4.829243">
        <ele>570.395433</ele>
        <time>2026-07-14T17:00:12.440Z</time>
      </trkpt>
      <trkpt lat="43.240097" lon="-4.829533">
        <ele>566.806334</ele>
        <time>2026-07-14T17:00:56.179Z</time>
      </trkpt>
      <trkpt lat="43.240175" lon="-4.829563">
        <ele>565.773447</ele>
        <time>2026-07-14T17:01:08.685Z</time>
      </trkpt>
      <trkpt lat="43.240345" lon="-4.829735">
        <ele>563.323519</ele>
        <time>2026-07-14T17:01:40.858Z</time>
      </trkpt>
      <trkpt lat="43.240420" lon="-4.829767">
        <ele>562.601697</ele>
        <time>2026-07-14T17:01:52.770Z</time>
      </trkpt>
      <trkpt lat="43.240654" lon="-4.829971">
        <ele>560.054044</ele>
        <time>2026-07-14T17:02:34.440Z</time>
      </trkpt>
      <trkpt lat="43.240862" lon="-4.830034">
        <ele>558.096422</ele>
        <time>2026-07-14T17:03:05.944Z</time>
      </trkpt>
      <trkpt lat="43.241147" lon="-4.830021">
        <ele>555.475659</ele>
        <time>2026-07-14T17:03:47.651Z</time>
      </trkpt>
      <trkpt lat="43.241365" lon="-4.830072">
        <ele>553.443224</ele>
        <time>2026-07-14T17:04:19.780Z</time>
      </trkpt>
      <trkpt lat="43.241479" lon="-4.830124">
        <ele>552.339169</ele>
        <time>2026-07-14T17:04:37.151Z</time>
      </trkpt>
      <trkpt lat="43.241648" lon="-4.830330">
        <ele>550.262004</ele>
        <time>2026-07-14T17:05:09.589Z</time>
      </trkpt>
      <trkpt lat="43.241807" lon="-4.830477">
        <ele>548.500185</ele>
        <time>2026-07-14T17:05:37.179Z</time>
      </trkpt>
      <trkpt lat="43.242297" lon="-4.830563">
        <ele>542.342652</ele>
        <time>2026-07-14T17:06:49.603Z</time>
      </trkpt>
      <trkpt lat="43.242346" lon="-4.830593">
        <ele>541.619031</ele>
        <time>2026-07-14T17:06:57.761Z</time>
      </trkpt>
      <trkpt lat="43.242585" lon="-4.830556">
        <ele>538.375164</ele>
        <time>2026-07-14T17:07:34.371Z</time>
      </trkpt>
      <trkpt lat="43.242746" lon="-4.830377">
        <ele>535.580890</ele>
        <time>2026-07-14T17:08:06.818Z</time>
      </trkpt>
      <trkpt lat="43.242963" lon="-4.830248">
        <ele>532.391537</ele>
        <time>2026-07-14T17:08:44.628Z</time>
      </trkpt>
      <trkpt lat="43.243041" lon="-4.830124">
        <ele>530.781911</ele>
        <time>2026-07-14T17:09:04.130Z</time>
      </trkpt>
      <trkpt lat="43.243024" lon="-4.830444">
        <ele>527.629629</ele>
        <time>2026-07-14T17:09:42.618Z</time>
      </trkpt>
      <trkpt lat="43.243104" lon="-4.830444">
        <ele>526.550656</ele>
        <time>2026-07-14T17:09:55.948Z</time>
      </trkpt>
      <trkpt lat="43.243164" lon="-4.830494">
        <ele>525.603994</ele>
        <time>2026-07-14T17:10:07.890Z</time>
      </trkpt>
      <trkpt lat="43.243217" lon="-4.830484">
        <ele>524.882453</ele>
        <time>2026-07-14T17:10:17.091Z</time>
      </trkpt>
      <trkpt lat="43.243248" lon="-4.830410">
        <ele>524.043773</ele>
        <time>2026-07-14T17:10:27.731Z</time>
      </trkpt>
      <trkpt lat="43.243314" lon="-4.830375">
        <ele>523.074120</ele>
        <time>2026-07-14T17:10:40.024Z</time>
      </trkpt>
      <trkpt lat="43.243783" lon="-4.830586">
        <ele>514.992712</ele>
        <time>2026-07-14T17:12:07.734Z</time>
      </trkpt>
      <trkpt lat="43.244142" lon="-4.830699">
        <ele>508.961816</ele>
        <time>2026-07-14T17:13:13.335Z</time>
      </trkpt>
      <trkpt lat="43.244631" lon="-4.830647">
        <ele>500.930823</ele>
        <time>2026-07-14T17:14:34.696Z</time>
      </trkpt>
      <trkpt lat="43.244749" lon="-4.830722">
        <ele>498.801622</ele>
        <time>2026-07-14T17:14:55.128Z</time>
      </trkpt>
      <trkpt lat="43.244856" lon="-4.830885">
        <ele>496.184461</ele>
        <time>2026-07-14T17:15:19.792Z</time>
      </trkpt>
      <trkpt lat="43.245227" lon="-4.830918">
        <ele>489.840637</ele>
        <time>2026-07-14T17:16:16.680Z</time>
      </trkpt>
      <trkpt lat="43.245416" lon="-4.830969">
        <ele>486.463010</ele>
        <time>2026-07-14T17:16:46.592Z</time>
      </trkpt>
      <trkpt lat="43.245475" lon="-4.830956">
        <ele>485.415174</ele>
        <time>2026-07-14T17:16:55.796Z</time>
      </trkpt>
      <trkpt lat="43.245492" lon="-4.830968">
        <ele>485.079972</ele>
        <time>2026-07-14T17:16:58.805Z</time>
      </trkpt>
      <trkpt lat="43.245438" lon="-4.831002">
        <ele>484.038212</ele>
        <time>2026-07-14T17:17:08.109Z</time>
      </trkpt>
      <trkpt lat="43.245451" lon="-4.831017">
        <ele>483.740426</ele>
        <time>2026-07-14T17:17:10.768Z</time>
      </trkpt>
      <trkpt lat="43.245552" lon="-4.831049">
        <ele>481.922785</ele>
        <time>2026-07-14T17:17:27.131Z</time>
      </trkpt>
      <trkpt lat="43.245599" lon="-4.831052">
        <ele>481.097726</ele>
        <time>2026-07-14T17:17:34.794Z</time>
      </trkpt>
      <trkpt lat="43.245658" lon="-4.831006">
        <ele>479.907925</ele>
        <time>2026-07-14T17:17:45.674Z</time>
      </trkpt>
      <trkpt lat="43.245622" lon="-4.830945">
        <ele>478.905121</ele>
        <time>2026-07-14T17:17:55.018Z</time>
      </trkpt>
      <trkpt lat="43.245652" lon="-4.830907">
        <ele>478.189340</ele>
        <time>2026-07-14T17:18:01.747Z</time>
      </trkpt>
      <trkpt lat="43.245697" lon="-4.830894">
        <ele>477.382960</ele>
        <time>2026-07-14T17:18:09.280Z</time>
      </trkpt>
      <trkpt lat="43.245902" lon="-4.830941">
        <ele>473.738396</ele>
        <time>2026-07-14T17:18:45.572Z</time>
      </trkpt>
      <trkpt lat="43.246008" lon="-4.830873">
        <ele>471.686707</ele>
        <time>2026-07-14T17:19:06.765Z</time>
      </trkpt>
      <trkpt lat="43.246036" lon="-4.830893">
        <ele>471.133230</ele>
        <time>2026-07-14T17:19:12.558Z</time>
      </trkpt>
      <trkpt lat="43.246199" lon="-4.831255">
        <ele>465.697226</ele>
        <time>2026-07-14T17:20:11.480Z</time>
      </trkpt>
      <trkpt lat="43.246284" lon="-4.831312">
        <ele>464.038393</ele>
        <time>2026-07-14T17:20:30.026Z</time>
      </trkpt>
      <trkpt lat="43.246578" lon="-4.831368">
        <ele>457.863550</ele>
        <time>2026-07-14T17:21:31.504Z</time>
      </trkpt>
      <trkpt lat="43.246685" lon="-4.831494">
        <ele>454.672849</ele>
        <time>2026-07-14T17:22:01.806Z</time>
      </trkpt>
      <trkpt lat="43.246856" lon="-4.831801">
        <ele>448.301186</ele>
        <time>2026-07-14T17:23:02.734Z</time>
      </trkpt>
      <trkpt lat="43.246998" lon="-4.831879">
        <ele>444.839453</ele>
        <time>2026-07-14T17:23:35.347Z</time>
      </trkpt>
      <trkpt lat="43.247100" lon="-4.831854">
        <ele>442.494291</ele>
        <time>2026-07-14T17:23:56.977Z</time>
      </trkpt>
      <trkpt lat="43.247292" lon="-4.832037">
        <ele>437.203940</ele>
        <time>2026-07-14T17:24:45.515Z</time>
      </trkpt>
      <trkpt lat="43.247386" lon="-4.832023">
        <ele>435.063869</ele>
        <time>2026-07-14T17:25:04.353Z</time>
      </trkpt>
      <trkpt lat="43.247452" lon="-4.832046">
        <ele>433.522656</ele>
        <time>2026-07-14T17:25:17.752Z</time>
      </trkpt>
      <trkpt lat="43.247673" lon="-4.832208">
        <ele>427.852188</ele>
        <time>2026-07-14T17:26:05.034Z</time>
      </trkpt>
      <trkpt lat="43.248033" lon="-4.832358">
        <ele>420.105716</ele>
        <time>2026-07-14T17:27:10.642Z</time>
      </trkpt>
      <trkpt lat="43.248071" lon="-4.832396">
        <ele>419.427029</ele>
        <time>2026-07-14T17:27:18.585Z</time>
      </trkpt>
      <trkpt lat="43.248063" lon="-4.832528">
        <ele>418.034194</ele>
        <time>2026-07-14T17:27:34.679Z</time>
      </trkpt>
      <trkpt lat="43.248085" lon="-4.832585">
        <ele>417.355866</ele>
        <time>2026-07-14T17:27:42.424Z</time>
      </trkpt>
      <trkpt lat="43.248327" lon="-4.832878">
        <ele>412.697745</ele>
        <time>2026-07-14T17:28:35.194Z</time>
      </trkpt>
      <trkpt lat="43.248442" lon="-4.833311">
        <ele>407.851350</ele>
        <time>2026-07-14T17:29:29.581Z</time>
      </trkpt>
      <trkpt lat="43.248523" lon="-4.833416">
        <ele>406.243103</ele>
        <time>2026-07-14T17:29:47.369Z</time>
      </trkpt>
      <trkpt lat="43.248611" lon="-4.833502">
        <ele>404.683701</ele>
        <time>2026-07-14T17:30:04.753Z</time>
      </trkpt>
      <trkpt lat="43.248830" lon="-4.833610">
        <ele>401.324333</ele>
        <time>2026-07-14T17:30:41.771Z</time>
      </trkpt>
      <trkpt lat="43.248922" lon="-4.833610">
        <ele>399.996177</ele>
        <time>2026-07-14T17:30:56.158Z</time>
      </trkpt>
      <trkpt lat="43.249117" lon="-4.833741">
        <ele>396.862111</ele>
        <time>2026-07-14T17:31:29.657Z</time>
      </trkpt>
      <trkpt lat="43.248774" lon="-4.833810">
        <ele>393.883576</ele>
        <time>2026-07-14T17:32:20.972Z</time>
      </trkpt>
      <trkpt lat="43.248762" lon="-4.833836">
        <ele>393.740266</ele>
        <time>2026-07-14T17:32:24.225Z</time>
      </trkpt>
      <trkpt lat="43.249037" lon="-4.833906">
        <ele>391.952486</ele>
        <time>2026-07-14T17:33:02.926Z</time>
      </trkpt>
      <trkpt lat="43.249198" lon="-4.834084">
        <ele>390.631155</ele>
        <time>2026-07-14T17:33:30.398Z</time>
      </trkpt>
      <trkpt lat="43.249189" lon="-4.834199">
        <ele>390.092649</ele>
        <time>2026-07-14T17:33:41.426Z</time>
      </trkpt>
      <trkpt lat="43.249271" lon="-4.834405">
        <ele>388.999661</ele>
        <time>2026-07-14T17:34:04.262Z</time>
      </trkpt>
      <trkpt lat="43.249252" lon="-4.834420">
        <ele>388.859564</ele>
        <time>2026-07-14T17:34:07.246Z</time>
      </trkpt>
      <trkpt lat="43.249015" lon="-4.834080">
        <ele>386.668475</ele>
        <time>2026-07-14T17:34:53.468Z</time>
      </trkpt>
      <trkpt lat="43.248855" lon="-4.834078">
        <ele>385.645700</ele>
        <time>2026-07-14T17:35:15.388Z</time>
      </trkpt>
      <trkpt lat="43.248916" lon="-4.834113">
        <ele>385.223101</ele>
        <time>2026-07-14T17:35:24.542Z</time>
      </trkpt>
      <trkpt lat="43.248950" lon="-4.834165">
        <ele>384.897758</ele>
        <time>2026-07-14T17:35:31.770Z</time>
      </trkpt>
      <trkpt lat="43.248935" lon="-4.834196">
        <ele>384.724481</ele>
        <time>2026-07-14T17:35:35.601Z</time>
      </trkpt>
      <trkpt lat="43.248732" lon="-4.834181">
        <ele>382.637092</ele>
        <time>2026-07-14T17:36:04.685Z</time>
      </trkpt>
      <trkpt lat="43.248738" lon="-4.834223">
        <ele>382.163032</ele>
        <time>2026-07-14T17:36:09.312Z</time>
      </trkpt>
      <trkpt lat="43.249017" lon="-4.834549">
        <ele>376.591908</ele>
        <time>2026-07-14T17:37:04.476Z</time>
      </trkpt>
      <trkpt lat="43.249190" lon="-4.834655">
        <ele>373.711105</ele>
        <time>2026-07-14T17:37:34.449Z</time>
      </trkpt>
      <trkpt lat="43.249214" lon="-4.834702">
        <ele>373.075347</ele>
        <time>2026-07-14T17:37:41.144Z</time>
      </trkpt>
      <trkpt lat="43.249338" lon="-4.834695">
        <ele>371.188162</ele>
        <time>2026-07-14T17:38:01.432Z</time>
      </trkpt>
      <trkpt lat="43.249466" lon="-4.834734">
        <ele>369.194389</ele>
        <time>2026-07-14T17:38:24.124Z</time>
      </trkpt>
      <trkpt lat="43.249624" lon="-4.834839">
        <ele>366.525111</ele>
        <time>2026-07-14T17:38:56.384Z</time>
      </trkpt>
      <trkpt lat="43.249743" lon="-4.834957">
        <ele>364.292925</ele>
        <time>2026-07-14T17:39:24.610Z</time>
      </trkpt>
      <trkpt lat="43.250139" lon="-4.835119">
        <ele>358.009557</ele>
        <time>2026-07-14T17:40:43.110Z</time>
      </trkpt>
      <trkpt lat="43.250361" lon="-4.835377">
        <ele>354.602414</ele>
        <time>2026-07-14T17:41:34.963Z</time>
      </trkpt>
      <trkpt lat="43.250412" lon="-4.835369">
        <ele>354.081041</ele>
        <time>2026-07-14T17:41:43.873Z</time>
      </trkpt>
      <trkpt lat="43.250472" lon="-4.835287">
        <ele>353.221164</ele>
        <time>2026-07-14T17:41:57.766Z</time>
      </trkpt>
      <trkpt lat="43.250544" lon="-4.835252">
        <ele>352.445380</ele>
        <time>2026-07-14T17:42:10.277Z</time>
      </trkpt>
      <trkpt lat="43.250649" lon="-4.835122">
        <ele>351.009310</ele>
        <time>2026-07-14T17:42:32.734Z</time>
      </trkpt>
      <trkpt lat="43.250802" lon="-4.835116">
        <ele>349.454668</ele>
        <time>2026-07-14T17:42:56.243Z</time>
      </trkpt>
      <trkpt lat="43.250852" lon="-4.835086">
        <ele>348.900445</ele>
        <time>2026-07-14T17:43:04.526Z</time>
      </trkpt>
      <trkpt lat="43.250867" lon="-4.835092">
        <ele>348.741757</ele>
        <time>2026-07-14T17:43:06.796Z</time>
      </trkpt>
      <trkpt lat="43.250856" lon="-4.835206">
        <ele>347.891028</ele>
        <time>2026-07-14T17:43:19.300Z</time>
      </trkpt>
      <trkpt lat="43.250888" lon="-4.835269">
        <ele>347.322822</ele>
        <time>2026-07-14T17:43:27.462Z</time>
      </trkpt>
      <trkpt lat="43.250915" lon="-4.835174">
        <ele>346.568413</ele>
        <time>2026-07-14T17:43:38.186Z</time>
      </trkpt>
      <trkpt lat="43.250964" lon="-4.835154">
        <ele>346.049196</ele>
        <time>2026-07-14T17:43:45.552Z</time>
      </trkpt>
      <trkpt lat="43.251109" lon="-4.835130">
        <ele>344.565780</ele>
        <time>2026-07-14T17:44:05.976Z</time>
      </trkpt>
      <trkpt lat="43.251052" lon="-4.835239">
        <ele>343.573104</ele>
        <time>2026-07-14T17:44:19.212Z</time>
      </trkpt>
      <trkpt lat="43.251108" lon="-4.835262">
        <ele>342.979411</ele>
        <time>2026-07-14T17:44:26.998Z</time>
      </trkpt>
      <trkpt lat="43.251208" lon="-4.835208">
        <ele>341.887982</ele>
        <time>2026-07-14T17:44:41.244Z</time>
      </trkpt>
      <trkpt lat="43.251217" lon="-4.835232">
        <ele>341.688283</ele>
        <time>2026-07-14T17:44:43.805Z</time>
      </trkpt>
      <trkpt lat="43.251180" lon="-4.835276">
        <ele>341.191107</ele>
        <time>2026-07-14T17:44:50.268Z</time>
      </trkpt>
      <trkpt lat="43.251188" lon="-4.835296">
        <ele>341.022306</ele>
        <time>2026-07-14T17:44:52.448Z</time>
      </trkpt>
      <trkpt lat="43.251259" lon="-4.835297">
        <ele>340.301127</ele>
        <time>2026-07-14T17:45:01.605Z</time>
      </trkpt>
      <trkpt lat="43.251229" lon="-4.835348">
        <ele>339.816159</ele>
        <time>2026-07-14T17:45:07.790Z</time>
      </trkpt>
      <trkpt lat="43.251101" lon="-4.835405">
        <ele>338.449398</ele>
        <time>2026-07-14T17:45:24.726Z</time>
      </trkpt>
      <trkpt lat="43.251102" lon="-4.835438">
        <ele>338.065575</ele>
        <time>2026-07-14T17:45:27.785Z</time>
      </trkpt>
      <trkpt lat="43.251116" lon="-4.835462">
        <ele>337.653440</ele>
        <time>2026-07-14T17:45:30.739Z</time>
      </trkpt>
      <trkpt lat="43.251350" lon="-4.835513">
        <ele>333.293378</ele>
        <time>2026-07-14T17:46:02.507Z</time>
      </trkpt>
      <trkpt lat="43.251288" lon="-4.835601">
        <ele>331.652348</ele>
        <time>2026-07-14T17:46:15.282Z</time>
      </trkpt>
      <trkpt lat="43.251523" lon="-4.835560">
        <ele>327.293026</ele>
        <time>2026-07-14T17:46:50.644Z</time>
      </trkpt>
      <trkpt lat="43.251609" lon="-4.835605">
        <ele>325.599387</ele>
        <time>2026-07-14T17:47:05.258Z</time>
      </trkpt>
      <trkpt lat="43.251816" lon="-4.835547">
        <ele>321.711591</ele>
        <time>2026-07-14T17:47:39.764Z</time>
      </trkpt>
      <trkpt lat="43.251866" lon="-4.835552">
        <ele>320.789037</ele>
        <time>2026-07-14T17:47:48.753Z</time>
      </trkpt>
      <trkpt lat="43.251881" lon="-4.835586">
        <ele>320.256244</ele>
        <time>2026-07-14T17:47:54.296Z</time>
      </trkpt>
      <trkpt lat="43.251856" lon="-4.835712">
        <ele>318.505885</ele>
        <time>2026-07-14T17:48:11.905Z</time>
      </trkpt>
      <trkpt lat="43.251876" lon="-4.835752">
        <ele>317.855581</ele>
        <time>2026-07-14T17:48:19.060Z</time>
      </trkpt>
      <trkpt lat="43.252257" lon="-4.835676">
        <ele>310.770684</ele>
        <time>2026-07-14T17:49:43.485Z</time>
      </trkpt>
      <trkpt lat="43.252447" lon="-4.835748">
        <ele>307.143511</ele>
        <time>2026-07-14T17:50:30.998Z</time>
      </trkpt>
      <trkpt lat="43.252534" lon="-4.835822">
        <ele>305.255463</ele>
        <time>2026-07-14T17:50:57.093Z</time>
      </trkpt>
      <trkpt lat="43.252700" lon="-4.835883">
        <ele>301.240384</ele>
        <time>2026-07-14T17:51:41.624Z</time>
      </trkpt>
      <trkpt lat="43.253052" lon="-4.836139">
        <ele>291.933394</ele>
        <time>2026-07-14T17:53:26.820Z</time>
      </trkpt>
      <trkpt lat="43.253255" lon="-4.836145">
        <ele>287.189231</ele>
        <time>2026-07-14T17:54:15.211Z</time>
      </trkpt>
      <trkpt lat="43.253348" lon="-4.836208">
        <ele>284.766214</ele>
        <time>2026-07-14T17:54:38.509Z</time>
      </trkpt>
      <trkpt lat="43.253407" lon="-4.836259">
        <ele>283.137240</ele>
        <time>2026-07-14T17:54:53.474Z</time>
      </trkpt>
      <trkpt lat="43.253409" lon="-4.836362">
        <ele>281.383832</ele>
        <time>2026-07-14T17:55:09.554Z</time>
      </trkpt>
      <trkpt lat="43.253428" lon="-4.836373">
        <ele>280.902048</ele>
        <time>2026-07-14T17:55:13.875Z</time>
      </trkpt>
      <trkpt lat="43.253474" lon="-4.836329">
        <ele>279.592162</ele>
        <time>2026-07-14T17:55:25.057Z</time>
      </trkpt>
      <trkpt lat="43.253488" lon="-4.836356">
        <ele>279.028150</ele>
        <time>2026-07-14T17:55:29.958Z</time>
      </trkpt>
      <trkpt lat="43.253470" lon="-4.836491">
        <ele>276.692634</ele>
        <time>2026-07-14T17:55:49.354Z</time>
      </trkpt>
      <trkpt lat="43.253568" lon="-4.836440">
        <ele>274.243921</ele>
        <time>2026-07-14T17:56:08.759Z</time>
      </trkpt>
      <trkpt lat="43.253656" lon="-4.836353">
        <ele>271.710255</ele>
        <time>2026-07-14T17:56:26.767Z</time>
      </trkpt>
      <trkpt lat="43.253644" lon="-4.836669">
        <ele>266.325497</ele>
        <time>2026-07-14T17:57:02.870Z</time>
      </trkpt>
      <trkpt lat="43.253625" lon="-4.836715">
        <ele>265.425585</ele>
        <time>2026-07-14T17:57:08.181Z</time>
      </trkpt>
      <trkpt lat="43.253631" lon="-4.836903">
        <ele>263.270741</ele>
        <time>2026-07-14T17:57:27.500Z</time>
      </trkpt>
      <trkpt lat="43.253679" lon="-4.836944">
        <ele>263.293972</ele>
        <time>2026-07-14T17:57:35.089Z</time>
      </trkpt>
      <trkpt lat="43.253788" lon="-4.837019">
        <ele>263.344074</ele>
        <time>2026-07-14T17:57:51.567Z</time>
      </trkpt>
      <trkpt lat="43.253842" lon="-4.837035">
        <ele>263.366776</ele>
        <time>2026-07-14T17:57:58.941Z</time>
      </trkpt>
      <trkpt lat="43.253888" lon="-4.836950">
        <ele>263.398470</ele>
        <time>2026-07-14T17:58:09.208Z</time>
      </trkpt>
      <trkpt lat="43.253884" lon="-4.837107">
        <ele>263.445488</ele>
        <time>2026-07-14T17:58:24.172Z</time>
      </trkpt>
      <trkpt lat="43.253959" lon="-4.837063">
        <ele>263.479004</ele>
        <time>2026-07-14T17:58:34.536Z</time>
      </trkpt>
      <trkpt lat="43.254048" lon="-4.837057">
        <ele>263.515622</ele>
        <time>2026-07-14T17:58:45.950Z</time>
      </trkpt>
      <trkpt lat="43.254157" lon="-4.836999">
        <ele>263.563660</ele>
        <time>2026-07-14T17:59:01.261Z</time>
      </trkpt>
      <trkpt lat="43.254304" lon="-4.836854">
        <ele>263.638041</ele>
        <time>2026-07-14T17:59:24.897Z</time>
      </trkpt>
      <trkpt lat="43.254409" lon="-4.836868">
        <ele>263.681393</ele>
        <time>2026-07-14T17:59:39.838Z</time>
      </trkpt>
      <trkpt lat="43.253842" lon="-4.837562">
        <ele>264.028306</ele>
        <time>2026-07-14T18:01:09.717Z</time>
      </trkpt>
      <trkpt lat="43.253745" lon="-4.837763">
        <ele>265.519875</ele>
        <time>2026-07-14T18:01:31.423Z</time>
      </trkpt>
      <trkpt lat="43.253712" lon="-4.837972">
        <ele>266.842787</ele>
        <time>2026-07-14T18:01:50.409Z</time>
      </trkpt>
      <trkpt lat="43.253838" lon="-4.837781">
        <ele>268.436931</ele>
        <time>2026-07-14T18:02:11.546Z</time>
      </trkpt>
      <trkpt lat="43.254066" lon="-4.837584">
        <ele>270.724981</ele>
        <time>2026-07-14T18:02:43.009Z</time>
      </trkpt>
      <trkpt lat="43.253907" lon="-4.838017">
        <ele>273.724700</ele>
        <time>2026-07-14T18:03:28.008Z</time>
      </trkpt>
      <trkpt lat="43.253847" lon="-4.838440">
        <ele>276.390545</ele>
        <time>2026-07-14T18:04:11.703Z</time>
      </trkpt>
      <trkpt lat="43.253767" lon="-4.838533">
        <ele>277.280860</ele>
        <time>2026-07-14T18:04:26.654Z</time>
      </trkpt>
      <trkpt lat="43.253701" lon="-4.838678">
        <ele>278.338593</ele>
        <time>2026-07-14T18:04:44.469Z</time>
      </trkpt>
      <trkpt lat="43.253591" lon="-4.838796">
        <ele>279.911483</ele>
        <time>2026-07-14T18:05:04.907Z</time>
      </trkpt>
      <trkpt lat="43.253343" lon="-4.838967">
        <ele>285.838221</ele>
        <time>2026-07-14T18:05:47.706Z</time>
      </trkpt>
      <trkpt lat="43.253325" lon="-4.839032">
        <ele>286.919878</ele>
        <time>2026-07-14T18:05:56.043Z</time>
      </trkpt>
      <trkpt lat="43.253328" lon="-4.839196">
        <ele>289.471621</ele>
        <time>2026-07-14T18:06:16.004Z</time>
      </trkpt>
      <trkpt lat="43.253387" lon="-4.839461">
        <ele>293.781848</ele>
        <time>2026-07-14T18:06:51.979Z</time>
      </trkpt>
      <trkpt lat="43.253445" lon="-4.839576">
        <ele>295.957620</ele>
        <time>2026-07-14T18:07:11.233Z</time>
      </trkpt>
      <trkpt lat="43.253480" lon="-4.839771">
        <ele>299.081486</ele>
        <time>2026-07-14T18:07:41.008Z</time>
      </trkpt>
      <trkpt lat="43.253442" lon="-4.839928">
        <ele>301.654853</ele>
        <time>2026-07-14T18:08:07.636Z</time>
      </trkpt>
      <trkpt lat="43.253331" lon="-4.840196">
        <ele>306.450349</ele>
        <time>2026-07-14T18:09:00.615Z</time>
      </trkpt>
      <trkpt lat="43.253242" lon="-4.840288">
        <ele>308.829535</ele>
        <time>2026-07-14T18:09:27.831Z</time>
      </trkpt>
      <trkpt lat="43.253220" lon="-4.840374">
        <ele>310.247337</ele>
        <time>2026-07-14T18:09:44.412Z</time>
      </trkpt>
      <trkpt lat="43.253214" lon="-4.840584">
        <ele>313.516300</ele>
        <time>2026-07-14T18:10:22.728Z</time>
      </trkpt>
      <trkpt lat="43.253338" lon="-4.840716">
        <ele>316.867198</ele>
        <time>2026-07-14T18:11:02.543Z</time>
      </trkpt>
      <trkpt lat="43.253379" lon="-4.840915">
        <ele>320.056489</ele>
        <time>2026-07-14T18:11:41.702Z</time>
      </trkpt>
      <trkpt lat="43.253441" lon="-4.841040">
        <ele>322.381907</ele>
        <time>2026-07-14T18:12:10.600Z</time>
      </trkpt>
      <trkpt lat="43.253371" lon="-4.841281">
        <ele>326.371421</ele>
        <time>2026-07-14T18:13:00.826Z</time>
      </trkpt>
      <trkpt lat="43.253442" lon="-4.841732">
        <ele>333.466312</ele>
        <time>2026-07-14T18:14:27.290Z</time>
      </trkpt>
      <trkpt lat="43.253414" lon="-4.842004">
        <ele>337.690252</ele>
        <time>2026-07-14T18:15:17.587Z</time>
      </trkpt>
      <trkpt lat="43.253286" lon="-4.842334">
        <ele>343.439171</ele>
        <time>2026-07-14T18:16:20.110Z</time>
      </trkpt>
      <trkpt lat="43.253278" lon="-4.842519">
        <ele>346.288815</ele>
        <time>2026-07-14T18:16:45.789Z</time>
      </trkpt>
      <trkpt lat="43.253330" lon="-4.842647">
        <ele>348.542461</ele>
        <time>2026-07-14T18:17:01.915Z</time>
      </trkpt>
      <trkpt lat="43.253386" lon="-4.842978">
        <ele>353.767554</ele>
        <time>2026-07-14T18:17:31.937Z</time>
      </trkpt>
      <trkpt lat="43.253365" lon="-4.843196">
        <ele>356.018550</ele>
        <time>2026-07-14T18:17:49.806Z</time>
      </trkpt>
      <trkpt lat="43.253379" lon="-4.843315">
        <ele>356.470960</ele>
        <time>2026-07-14T18:17:59.465Z</time>
      </trkpt>
      <trkpt lat="43.253336" lon="-4.843530">
        <ele>357.307751</ele>
        <time>2026-07-14T18:18:16.193Z</time>
      </trkpt>
      <trkpt lat="43.253231" lon="-4.843848">
        <ele>358.618164</ele>
        <time>2026-07-14T18:18:41.973Z</time>
      </trkpt>
      <trkpt lat="43.252973" lon="-4.844215">
        <ele>360.532521</ele>
        <time>2026-07-14T18:19:19.773Z</time>
      </trkpt>
      <trkpt lat="43.253001" lon="-4.844357">
        <ele>361.084653</ele>
        <time>2026-07-14T18:19:31.370Z</time>
      </trkpt>
      <trkpt lat="43.253033" lon="-4.844278">
        <ele>361.423920</ele>
        <time>2026-07-14T18:19:38.173Z</time>
      </trkpt>
      <trkpt lat="43.253056" lon="-4.844286">
        <ele>361.546184</ele>
        <time>2026-07-14T18:19:40.944Z</time>
      </trkpt>
      <trkpt lat="43.253054" lon="-4.844517">
        <ele>362.413220</ele>
        <time>2026-07-14T18:19:58.798Z</time>
      </trkpt>
      <trkpt lat="43.253027" lon="-4.844674">
        <ele>363.018666</ele>
        <time>2026-07-14T18:20:11.221Z</time>
      </trkpt>
      <trkpt lat="43.253006" lon="-4.844702">
        <ele>363.169510</ele>
        <time>2026-07-14T18:20:14.683Z</time>
      </trkpt>
      <trkpt lat="43.252999" lon="-4.844829">
        <ele>363.647521</ele>
        <time>2026-07-14T18:20:24.984Z</time>
      </trkpt>
      <trkpt lat="43.253131" lon="-4.844914">
        <ele>364.398817</ele>
        <time>2026-07-14T18:20:43.402Z</time>
      </trkpt>
      <trkpt lat="43.253158" lon="-4.845066">
        <ele>365.159827</ele>
        <time>2026-07-14T18:20:59.947Z</time>
      </trkpt>
      <trkpt lat="43.253153" lon="-4.845142">
        <ele>366.224834</ele>
        <time>2026-07-14T18:21:08.432Z</time>
      </trkpt>
      <trkpt lat="43.253033" lon="-4.845322">
        <ele>369.630482</ele>
        <time>2026-07-14T18:21:42.444Z</time>
      </trkpt>
      <trkpt lat="43.253020" lon="-4.845377">
        <ele>370.437497</ele>
        <time>2026-07-14T18:21:51.791Z</time>
      </trkpt>
      <trkpt lat="43.253157" lon="-4.845540">
        <ele>373.911243</ele>
        <time>2026-07-14T18:22:30.727Z</time>
      </trkpt>
      <trkpt lat="43.253346" lon="-4.845891">
        <ele>380.003330</ele>
        <time>2026-07-14T18:23:39.314Z</time>
      </trkpt>
      <trkpt lat="43.253397" lon="-4.846296">
        <ele>385.739523</ele>
        <time>2026-07-14T18:24:44.439Z</time>
      </trkpt>
      <trkpt lat="43.253437" lon="-4.846424">
        <ele>387.683430</ele>
        <time>2026-07-14T18:25:05.831Z</time>
      </trkpt>
      <trkpt lat="43.253469" lon="-4.846652">
        <ele>390.924022</ele>
        <time>2026-07-14T18:25:40.393Z</time>
      </trkpt>
      <trkpt lat="43.253473" lon="-4.846993">
        <ele>395.683754</ele>
        <time>2026-07-14T18:26:29.620Z</time>
      </trkpt>
      <trkpt lat="43.253540" lon="-4.847439">
        <ele>401.171688</ele>
        <time>2026-07-14T18:27:35.049Z</time>
      </trkpt>
      <trkpt lat="43.253521" lon="-4.847574">
        <ele>402.462700</ele>
        <time>2026-07-14T18:27:54.651Z</time>
      </trkpt>
      <trkpt lat="43.253456" lon="-4.847700">
        <ele>403.912459</ele>
        <time>2026-07-14T18:28:16.207Z</time>
      </trkpt>
      <trkpt lat="43.253490" lon="-4.848063">
        <ele>407.348866</ele>
        <time>2026-07-14T18:29:05.373Z</time>
      </trkpt>
      <trkpt lat="43.253447" lon="-4.848275">
        <ele>409.415158</ele>
        <time>2026-07-14T18:29:32.798Z</time>
      </trkpt>
      <trkpt lat="43.253456" lon="-4.848431">
        <ele>410.884487</ele>
        <time>2026-07-14T18:29:51.413Z</time>
      </trkpt>
      <trkpt lat="43.253429" lon="-4.848612">
        <ele>412.619242</ele>
        <time>2026-07-14T18:30:11.350Z</time>
      </trkpt>
      <trkpt lat="43.253504" lon="-4.848881">
        <ele>415.323720</ele>
        <time>2026-07-14T18:30:38.295Z</time>
      </trkpt>
      <trkpt lat="43.253388" lon="-4.849208">
        <ele>418.738862</ele>
        <time>2026-07-14T18:31:07.660Z</time>
      </trkpt>
      <trkpt lat="43.253399" lon="-4.849460">
        <ele>421.109230</ele>
        <time>2026-07-14T18:31:29.004Z</time>
      </trkpt>
      <trkpt lat="43.253333" lon="-4.849701">
        <ele>422.802329</ele>
        <time>2026-07-14T18:31:52.887Z</time>
      </trkpt>
      <trkpt lat="43.253244" lon="-4.849868">
        <ele>423.265799</ele>
        <time>2026-07-14T18:32:13.526Z</time>
      </trkpt>
      <trkpt lat="43.253023" lon="-4.850087">
        <ele>424.103923</ele>
        <time>2026-07-14T18:32:50.539Z</time>
      </trkpt>
      <trkpt lat="43.252882" lon="-4.850116">
        <ele>424.542355</ele>
        <time>2026-07-14T18:33:08.573Z</time>
      </trkpt>
      <trkpt lat="43.252874" lon="-4.850184">
        <ele>424.696631</ele>
        <time>2026-07-14T18:33:15.116Z</time>
      </trkpt>
      <trkpt lat="43.252975" lon="-4.850254">
        <ele>425.044547</ele>
        <time>2026-07-14T18:33:28.524Z</time>
      </trkpt>
      <trkpt lat="43.252904" lon="-4.850313">
        <ele>425.299756</ele>
        <time>2026-07-14T18:33:37.630Z</time>
      </trkpt>
      <trkpt lat="43.252967" lon="-4.850349">
        <ele>425.509599</ele>
        <time>2026-07-14T18:33:45.712Z</time>
      </trkpt>
      <trkpt lat="43.252905" lon="-4.850397">
        <ele>425.728479</ele>
        <time>2026-07-14T18:33:53.354Z</time>
      </trkpt>
      <trkpt lat="43.252879" lon="-4.850807">
        <ele>426.650243</ele>
        <time>2026-07-14T18:34:24.713Z</time>
      </trkpt>
      <trkpt lat="43.252849" lon="-4.850964">
        <ele>427.013781</ele>
        <time>2026-07-14T18:34:37.046Z</time>
      </trkpt>
      <trkpt lat="43.252373" lon="-4.852007">
        <ele>428.804247</ele>
        <time>2026-07-14T18:36:13.580Z</time>
      </trkpt>
      <trkpt lat="43.252257" lon="-4.852132">
        <ele>428.994394</ele>
        <time>2026-07-14T18:36:31.105Z</time>
      </trkpt>
      <trkpt lat="43.252113" lon="-4.852155">
        <ele>429.181330</ele>
        <time>2026-07-14T18:36:47.993Z</time>
      </trkpt>
      <trkpt lat="43.252041" lon="-4.852197">
        <ele>429.282204</ele>
        <time>2026-07-14T18:36:56.659Z</time>
      </trkpt>
      <trkpt lat="43.251863" lon="-4.852426">
        <ele>429.596748</ele>
        <time>2026-07-14T18:37:21.722Z</time>
      </trkpt>
      <trkpt lat="43.251775" lon="-4.852610">
        <ele>429.803483</ele>
        <time>2026-07-14T18:37:39.486Z</time>
      </trkpt>
      <trkpt lat="43.251795" lon="-4.852737">
        <ele>429.925515</ele>
        <time>2026-07-14T18:37:50.948Z</time>
      </trkpt>
      <trkpt lat="43.251933" lon="-4.852991">
        <ele>430.223126</ele>
        <time>2026-07-14T18:38:20.769Z</time>
      </trkpt>
      <trkpt lat="43.252047" lon="-4.853534">
        <ele>432.395601</ele>
        <time>2026-07-14T18:39:27.309Z</time>
      </trkpt>
      <trkpt lat="43.252264" lon="-4.854177">
        <ele>436.391444</ele>
        <time>2026-07-14T18:41:05.900Z</time>
      </trkpt>
      <trkpt lat="43.252257" lon="-4.854438">
        <ele>437.864088</ele>
        <time>2026-07-14T18:41:39.506Z</time>
      </trkpt>
      <trkpt lat="43.252215" lon="-4.854802">
        <ele>439.942095</ele>
        <time>2026-07-14T18:42:19.015Z</time>
      </trkpt>
      <trkpt lat="43.252127" lon="-4.855097">
        <ele>441.739556</ele>
        <time>2026-07-14T18:42:44.007Z</time>
      </trkpt>
      <trkpt lat="43.252055" lon="-4.855523">
        <ele>444.205384</ele>
        <time>2026-07-14T18:43:19.651Z</time>
      </trkpt>
      <trkpt lat="43.252037" lon="-4.855804">
        <ele>441.471632</ele>
        <time>2026-07-14T18:43:45.159Z</time>
      </trkpt>
      <trkpt lat="43.252086" lon="-4.856094">
        <ele>438.130101</ele>
        <time>2026-07-14T18:44:12.803Z</time>
      </trkpt>
      <trkpt lat="43.252096" lon="-4.856324">
        <ele>435.543885</ele>
        <time>2026-07-14T18:44:34.318Z</time>
      </trkpt>
      <trkpt lat="43.252027" lon="-4.856892">
        <ele>429.080332</ele>
        <time>2026-07-14T18:45:28.283Z</time>
      </trkpt>
      <trkpt lat="43.252120" lon="-4.857134">
        <ele>426.009101</ele>
        <time>2026-07-14T18:45:57.892Z</time>
      </trkpt>
      <trkpt lat="43.252227" lon="-4.857266">
        <ele>423.792282</ele>
        <time>2026-07-14T18:46:20.737Z</time>
      </trkpt>
      <trkpt lat="43.252444" lon="-4.857691">
        <ele>417.966495</ele>
        <time>2026-07-14T18:47:21.521Z</time>
      </trkpt>
      <trkpt lat="43.252493" lon="-4.858067">
        <ele>414.337948</ele>
        <time>2026-07-14T18:48:01.574Z</time>
      </trkpt>
      <trkpt lat="43.252466" lon="-4.858283">
        <ele>412.427005</ele>
        <time>2026-07-14T18:48:22.307Z</time>
      </trkpt>
      <trkpt lat="43.252363" lon="-4.858386">
        <ele>410.901523</ele>
        <time>2026-07-14T18:48:38.398Z</time>
      </trkpt>
      <trkpt lat="43.252331" lon="-4.858471">
        <ele>410.067212</ele>
        <time>2026-07-14T18:48:47.010Z</time>
      </trkpt>
      <trkpt lat="43.252395" lon="-4.859039">
        <ele>405.055625</ele>
        <time>2026-07-14T18:49:36.267Z</time>
      </trkpt>
      <trkpt lat="43.252463" lon="-4.859246">
        <ele>403.075599</ele>
        <time>2026-07-14T18:49:56.064Z</time>
      </trkpt>
      <trkpt lat="43.252542" lon="-4.859401">
        <ele>401.426032</ele>
        <time>2026-07-14T18:50:12.551Z</time>
      </trkpt>
      <trkpt lat="43.252644" lon="-4.859501">
        <ele>399.925563</ele>
        <time>2026-07-14T18:50:27.891Z</time>
      </trkpt>
      <trkpt lat="43.252689" lon="-4.859589">
        <ele>398.988017</ele>
        <time>2026-07-14T18:50:37.215Z</time>
      </trkpt>
      <trkpt lat="43.253093" lon="-4.860100">
        <ele>393.366661</ele>
        <time>2026-07-14T18:51:39.583Z</time>
      </trkpt>
      <trkpt lat="43.253141" lon="-4.860253">
        <ele>392.430286</ele>
        <time>2026-07-14T18:51:53.894Z</time>
      </trkpt>
      <trkpt lat="43.253135" lon="-4.860550">
        <ele>390.760259</ele>
        <time>2026-07-14T18:52:20.240Z</time>
      </trkpt>
      <trkpt lat="43.253060" lon="-4.860817">
        <ele>389.151751</ele>
        <time>2026-07-14T18:52:45.993Z</time>
      </trkpt>
      <trkpt lat="43.253008" lon="-4.861244">
        <ele>386.718336</ele>
        <time>2026-07-14T18:53:25.884Z</time>
      </trkpt>
      <trkpt lat="43.252911" lon="-4.861536">
        <ele>384.914397</ele>
        <time>2026-07-14T18:53:55.041Z</time>
      </trkpt>
      <trkpt lat="43.252856" lon="-4.861802">
        <ele>383.360169</ele>
        <time>2026-07-14T18:54:19.375Z</time>
      </trkpt>
      <trkpt lat="43.252909" lon="-4.861976">
        <ele>382.300058</ele>
        <time>2026-07-14T18:54:34.792Z</time>
      </trkpt>
      <trkpt lat="43.252976" lon="-4.862366">
        <ele>383.821973</ele>
        <time>2026-07-14T18:55:04.047Z</time>
      </trkpt>
      <trkpt lat="43.252954" lon="-4.862481">
        <ele>385.309586</ele>
        <time>2026-07-14T18:55:14.668Z</time>
      </trkpt>
      <trkpt lat="43.253062" lon="-4.862517">
        <ele>387.218708</ele>
        <time>2026-07-14T18:55:29.360Z</time>
      </trkpt>
      <trkpt lat="43.253227" lon="-4.862506">
        <ele>390.056426</ele>
        <time>2026-07-14T18:55:56.401Z</time>
      </trkpt>
      <trkpt lat="43.253354" lon="-4.862564">
        <ele>392.355558</ele>
        <time>2026-07-14T18:56:22.449Z</time>
      </trkpt>
      <trkpt lat="43.253214" lon="-4.862636">
        <ele>394.923659</ele>
        <time>2026-07-14T18:56:53.822Z</time>
      </trkpt>
      <trkpt lat="43.253203" lon="-4.862669">
        <ele>395.377719</ele>
        <time>2026-07-14T18:56:59.592Z</time>
      </trkpt>
      <trkpt lat="43.253321" lon="-4.862681">
        <ele>397.410281</ele>
        <time>2026-07-14T18:57:25.631Z</time>
      </trkpt>
      <trkpt lat="43.253511" lon="-4.862775">
        <ele>400.879533</ele>
        <time>2026-07-14T18:58:09.934Z</time>
      </trkpt>
      <trkpt lat="43.253760" lon="-4.863224">
        <ele>407.940160</ele>
        <time>2026-07-14T18:59:33.402Z</time>
      </trkpt>
      <trkpt lat="43.253812" lon="-4.863371">
        <ele>409.984757</ele>
        <time>2026-07-14T18:59:56.515Z</time>
      </trkpt>
      <trkpt lat="43.253877" lon="-4.863943">
        <ele>422.619684</ele>
        <time>2026-07-14T19:01:35.738Z</time>
      </trkpt>
      <trkpt lat="43.253701" lon="-4.864400">
        <ele>435.908270</ele>
        <time>2026-07-14T19:03:36.784Z</time>
      </trkpt>
      <trkpt lat="43.253687" lon="-4.864535">
        <ele>439.413510</ele>
        <time>2026-07-14T19:04:13.311Z</time>
      </trkpt>
      <trkpt lat="43.253696" lon="-4.864605">
        <ele>441.240715</ele>
        <time>2026-07-14T19:04:32.313Z</time>
      </trkpt>
      <trkpt lat="43.253782" lon="-4.864732">
        <ele>445.698344</ele>
        <time>2026-07-14T19:05:18.367Z</time>
      </trkpt>
      <trkpt lat="43.253836" lon="-4.864869">
        <ele>449.702630</ele>
        <time>2026-07-14T19:05:54.406Z</time>
      </trkpt>
      <trkpt lat="43.253946" lon="-4.864938">
        <ele>453.970928</ele>
        <time>2026-07-14T19:06:29.047Z</time>
      </trkpt>
      <trkpt lat="43.254071" lon="-4.865010">
        <ele>458.755153</ele>
        <time>2026-07-14T19:07:06.079Z</time>
      </trkpt>
      <trkpt lat="43.254217" lon="-4.865023">
        <ele>463.918883</ele>
        <time>2026-07-14T19:07:46.605Z</time>
      </trkpt>
      <trkpt lat="43.254291" lon="-4.865066">
        <ele>466.754895</ele>
        <time>2026-07-14T19:08:09.690Z</time>
      </trkpt>
      <trkpt lat="43.254417" lon="-4.865293">
        <ele>474.091394</ele>
        <time>2026-07-14T19:09:14.850Z</time>
      </trkpt>
      <trkpt lat="43.254424" lon="-4.865404">
        <ele>475.809632</ele>
        <time>2026-07-14T19:09:40.664Z</time>
      </trkpt>
      <trkpt lat="43.254393" lon="-4.865620">
        <ele>476.698938</ele>
        <time>2026-07-14T19:10:32.344Z</time>
      </trkpt>
      <trkpt lat="43.254337" lon="-4.865686">
        <ele>477.108263</ele>
        <time>2026-07-14T19:10:55.818Z</time>
      </trkpt>
      <trkpt lat="43.254258" lon="-4.865669">
        <ele>477.551771</ele>
        <time>2026-07-14T19:11:20.050Z</time>
      </trkpt>
      <trkpt lat="43.254204" lon="-4.865606">
        <ele>477.944791</ele>
        <time>2026-07-14T19:11:40.612Z</time>
      </trkpt>
      <trkpt lat="43.254167" lon="-4.865619">
        <ele>478.156617</ele>
        <time>2026-07-14T19:11:50.853Z</time>
      </trkpt>
      <trkpt lat="43.254073" lon="-4.865744">
        <ele>478.882407</ele>
        <time>2026-07-14T19:12:22.832Z</time>
      </trkpt>
      <trkpt lat="43.253951" lon="-4.865938">
        <ele>479.917774</ele>
        <time>2026-07-14T19:12:55.462Z</time>
      </trkpt>
      <trkpt lat="43.253925" lon="-4.866344">
        <ele>481.564143</ele>
        <time>2026-07-14T19:13:25.701Z</time>
      </trkpt>
      <trkpt lat="43.253953" lon="-4.866629">
        <ele>482.725831</ele>
        <time>2026-07-14T19:13:56.906Z</time>
      </trkpt>
      <trkpt lat="43.253882" lon="-4.866892">
        <ele>483.858855</ele>
        <time>2026-07-14T19:14:31.652Z</time>
      </trkpt>
      <trkpt lat="43.253779" lon="-4.866966">
        <ele>484.503608</ele>
        <time>2026-07-14T19:14:47.625Z</time>
      </trkpt>
      <trkpt lat="43.253572" lon="-4.866838">
        <ele>485.116786</ele>
        <time>2026-07-14T19:15:16.711Z</time>
      </trkpt>
      <trkpt lat="43.253423" lon="-4.866839">
        <ele>483.146799</ele>
        <time>2026-07-14T19:15:35.987Z</time>
      </trkpt>
      <trkpt lat="43.253369" lon="-4.866877">
        <ele>482.344543</ele>
        <time>2026-07-14T19:15:44.363Z</time>
      </trkpt>
      <trkpt lat="43.253332" lon="-4.866989">
        <ele>481.160289</ele>
        <time>2026-07-14T19:15:56.765Z</time>
      </trkpt>
      <trkpt lat="43.253321" lon="-4.867125">
        <ele>479.842636</ele>
        <time>2026-07-14T19:16:12.125Z</time>
      </trkpt>
      <trkpt lat="43.253246" lon="-4.867341">
        <ele>477.538404</ele>
        <time>2026-07-14T19:16:38.800Z</time>
      </trkpt>
      <trkpt lat="43.252924" lon="-4.867871">
        <ele>470.892277</ele>
        <time>2026-07-14T19:17:49.541Z</time>
      </trkpt>
      <trkpt lat="43.252870" lon="-4.868000">
        <ele>469.459519</ele>
        <time>2026-07-14T19:18:03.524Z</time>
      </trkpt>
      <trkpt lat="43.252919" lon="-4.868196">
        <ele>467.464047</ele>
        <time>2026-07-14T19:18:22.001Z</time>
      </trkpt>
      <trkpt lat="43.252878" lon="-4.868473">
        <ele>464.742152</ele>
        <time>2026-07-14T19:18:45.192Z</time>
      </trkpt>
      <trkpt lat="43.252939" lon="-4.868671">
        <ele>462.671955</ele>
        <time>2026-07-14T19:19:01.401Z</time>
      </trkpt>
      <trkpt lat="43.252912" lon="-4.868830">
        <ele>461.397390</ele>
        <time>2026-07-14T19:19:13.769Z</time>
      </trkpt>
      <trkpt lat="43.252853" lon="-4.868928">
        <ele>460.699730</ele>
        <time>2026-07-14T19:19:23.805Z</time>
      </trkpt>
      <trkpt lat="43.252705" lon="-4.869037">
        <ele>459.434455</ele>
        <time>2026-07-14T19:19:42.417Z</time>
      </trkpt>
      <trkpt lat="43.252453" lon="-4.869150">
        <ele>457.437270</ele>
        <time>2026-07-14T19:20:12.539Z</time>
      </trkpt>
      <trkpt lat="43.252424" lon="-4.869368">
        <ele>456.221288</ele>
        <time>2026-07-14T19:20:30.006Z</time>
      </trkpt>
      <trkpt lat="43.252525" lon="-4.870070">
        <ele>452.294894</ele>
        <time>2026-07-14T19:21:26.010Z</time>
      </trkpt>
      <trkpt lat="43.252520" lon="-4.870212">
        <ele>451.514813</ele>
        <time>2026-07-14T19:21:38.448Z</time>
      </trkpt>
      <trkpt lat="43.252499" lon="-4.870257">
        <ele>451.221556</ele>
        <time>2026-07-14T19:21:43.257Z</time>
      </trkpt>
      <trkpt lat="43.252452" lon="-4.870299">
        <ele>450.799078</ele>
        <time>2026-07-14T19:21:50.323Z</time>
      </trkpt>
      <trkpt lat="43.252372" lon="-4.870304">
        <ele>450.195756</ele>
        <time>2026-07-14T19:22:00.550Z</time>
      </trkpt>
      <trkpt lat="43.252313" lon="-4.870102">
        <ele>449.001552</ele>
        <time>2026-07-14T19:22:22.671Z</time>
      </trkpt>
      <trkpt lat="43.252149" lon="-4.870019">
        <ele>446.828567</ele>
        <time>2026-07-14T19:22:50.600Z</time>
      </trkpt>
      <trkpt lat="43.251797" lon="-4.870237">
        <ele>439.442297</ele>
        <time>2026-07-14T19:24:02.503Z</time>
      </trkpt>
      <trkpt lat="43.251646" lon="-4.870279">
        <ele>436.495328</ele>
        <time>2026-07-14T19:24:32.924Z</time>
      </trkpt>
      <trkpt lat="43.251545" lon="-4.870411">
        <ele>433.828092</ele>
        <time>2026-07-14T19:25:00.814Z</time>
      </trkpt>
      <trkpt lat="43.251432" lon="-4.870738">
        <ele>428.785658</ele>
        <time>2026-07-14T19:25:52.390Z</time>
      </trkpt>
      <trkpt lat="43.251309" lon="-4.870968">
        <ele>424.810370</ele>
        <time>2026-07-14T19:26:28.107Z</time>
      </trkpt>
      <trkpt lat="43.251278" lon="-4.871213">
        <ele>421.345952</ele>
        <time>2026-07-14T19:26:53.849Z</time>
      </trkpt>
      <trkpt lat="43.251177" lon="-4.871362">
        <ele>418.510218</ele>
        <time>2026-07-14T19:27:12.066Z</time>
      </trkpt>
      <trkpt lat="43.251067" lon="-4.871879">
        <ele>414.484523</ele>
        <time>2026-07-14T19:27:52.149Z</time>
      </trkpt>
      <trkpt lat="43.251073" lon="-4.871978">
        <ele>414.801101</ele>
        <time>2026-07-14T19:28:02.181Z</time>
      </trkpt>
      <trkpt lat="43.251098" lon="-4.872046">
        <ele>415.043841</ele>
        <time>2026-07-14T19:28:10.584Z</time>
      </trkpt>
      <trkpt lat="43.251174" lon="-4.872127">
        <ele>415.464790</ele>
        <time>2026-07-14T19:28:26.094Z</time>
      </trkpt>
      <trkpt lat="43.251303" lon="-4.872439">
        <ele>416.608081</ele>
        <time>2026-07-14T19:29:05.205Z</time>
      </trkpt>
      <trkpt lat="43.251408" lon="-4.872916">
        <ele>418.196057</ele>
        <time>2026-07-14T19:29:51.052Z</time>
      </trkpt>
      <trkpt lat="43.251491" lon="-4.872962">
        <ele>418.587673</ele>
        <time>2026-07-14T19:30:02.076Z</time>
      </trkpt>
      <trkpt lat="43.251612" lon="-4.872926">
        <ele>419.129365</ele>
        <time>2026-07-14T19:30:16.930Z</time>
      </trkpt>
      <trkpt lat="43.251647" lon="-4.873030">
        <ele>419.494452</ele>
        <time>2026-07-14T19:30:26.868Z</time>
      </trkpt>
      <trkpt lat="43.251630" lon="-4.873172">
        <ele>419.953038</ele>
        <time>2026-07-14T19:30:39.888Z</time>
      </trkpt>
      <trkpt lat="43.251563" lon="-4.873276">
        <ele>420.395498</ele>
        <time>2026-07-14T19:30:52.218Z</time>
      </trkpt>
      <trkpt lat="43.251463" lon="-4.873296">
        <ele>420.837641</ele>
        <time>2026-07-14T19:31:04.298Z</time>
      </trkpt>
      <trkpt lat="43.251300" lon="-4.873184">
        <ele>421.635132</ele>
        <time>2026-07-14T19:31:25.113Z</time>
      </trkpt>
      <trkpt lat="43.251166" lon="-4.873236">
        <ele>420.319233</ele>
        <time>2026-07-14T19:31:40.315Z</time>
      </trkpt>
      <trkpt lat="43.250972" lon="-4.873074">
        <ele>417.756558</ele>
        <time>2026-07-14T19:32:03.294Z</time>
      </trkpt>
      <trkpt lat="43.250928" lon="-4.873065">
        <ele>417.254489</ele>
        <time>2026-07-14T19:32:08.040Z</time>
      </trkpt>
      <trkpt lat="43.250880" lon="-4.873100">
        <ele>416.641096</ele>
        <time>2026-07-14T19:32:13.969Z</time>
      </trkpt>
      <trkpt lat="43.250878" lon="-4.873324">
        <ele>414.799603</ele>
        <time>2026-07-14T19:32:32.779Z</time>
      </trkpt>
      <trkpt lat="43.250980" lon="-4.873769">
        <ele>410.964696</ele>
        <time>2026-07-14T19:33:17.411Z</time>
      </trkpt>
      <trkpt lat="43.250989" lon="-4.873976">
        <ele>409.260061</ele>
        <time>2026-07-14T19:33:37.445Z</time>
      </trkpt>
      <trkpt lat="43.251079" lon="-4.874140">
        <ele>407.572103</ele>
        <time>2026-07-14T19:33:56.830Z</time>
      </trkpt>
      <trkpt lat="43.251064" lon="-4.874311">
        <ele>406.156273</ele>
        <time>2026-07-14T19:34:12.954Z</time>
      </trkpt>
      <trkpt lat="43.251029" lon="-4.874383">
        <ele>405.444700</ele>
        <time>2026-07-14T19:34:21.017Z</time>
      </trkpt>
      <trkpt lat="43.250888" lon="-4.874386">
        <ele>403.853172</ele>
        <time>2026-07-14T19:34:39.472Z</time>
      </trkpt>
      <trkpt lat="43.250817" lon="-4.874431">
        <ele>402.970598</ele>
        <time>2026-07-14T19:34:50.083Z</time>
      </trkpt>
      <trkpt lat="43.250728" lon="-4.874441">
        <ele>401.962778</ele>
        <time>2026-07-14T19:35:02.348Z</time>
      </trkpt>
      <trkpt lat="43.250425" lon="-4.874141">
        <ele>397.133511</ele>
        <time>2026-07-14T19:35:59.917Z</time>
      </trkpt>
      <trkpt lat="43.250232" lon="-4.874198">
        <ele>394.532264</ele>
        <time>2026-07-14T19:36:32.272Z</time>
      </trkpt>
      <trkpt lat="43.250122" lon="-4.874139">
        <ele>392.976163</ele>
        <time>2026-07-14T19:36:52.147Z</time>
      </trkpt>
      <trkpt lat="43.250052" lon="-4.874138">
        <ele>392.053755</ele>
        <time>2026-07-14T19:37:03.608Z</time>
      </trkpt>
      <trkpt lat="43.249946" lon="-4.874216">
        <ele>390.469076</ele>
        <time>2026-07-14T19:37:24.006Z</time>
      </trkpt>
      <trkpt lat="43.249886" lon="-4.874548">
        <ele>387.186115</ele>
        <time>2026-07-14T19:38:03.350Z</time>
      </trkpt>
      <trkpt lat="43.249812" lon="-4.874708">
        <ele>385.367108</ele>
        <time>2026-07-14T19:38:21.880Z</time>
      </trkpt>
      <trkpt lat="43.249771" lon="-4.874863">
        <ele>383.784445</ele>
        <time>2026-07-14T19:38:36.717Z</time>
      </trkpt>
      <trkpt lat="43.249789" lon="-4.875183">
        <ele>380.704118</ele>
        <time>2026-07-14T19:39:02.533Z</time>
      </trkpt>
      <trkpt lat="43.249932" lon="-4.875438">
        <ele>377.752159</ele>
        <time>2026-07-14T19:39:29.781Z</time>
      </trkpt>
      <trkpt lat="43.249845" lon="-4.875682">
        <ele>379.036886</ele>
        <time>2026-07-14T19:39:57.896Z</time>
      </trkpt>
      <trkpt lat="43.249901" lon="-4.876121">
        <ele>381.144537</ele>
        <time>2026-07-14T19:40:56.123Z</time>
      </trkpt>
      <trkpt lat="43.249887" lon="-4.876498">
        <ele>382.929704</ele>
        <time>2026-07-14T19:41:47.815Z</time>
      </trkpt>
      <trkpt lat="43.249928" lon="-4.876919">
        <ele>384.938351</ele>
        <time>2026-07-14T19:42:36.219Z</time>
      </trkpt>
      <trkpt lat="43.249829" lon="-4.877133">
        <ele>386.137238</ele>
        <time>2026-07-14T19:42:59.901Z</time>
      </trkpt>
      <trkpt lat="43.249853" lon="-4.877422">
        <ele>387.512789</ele>
        <time>2026-07-14T19:43:23.279Z</time>
      </trkpt>
      <trkpt lat="43.249839" lon="-4.877786">
        <ele>389.236563</ele>
        <time>2026-07-14T19:43:52.041Z</time>
      </trkpt>
      <trkpt lat="43.249603" lon="-4.878389">
        <ele>390.792716</ele>
        <time>2026-07-14T19:44:52.959Z</time>
      </trkpt>
      <trkpt lat="43.249409" lon="-4.879171">
        <ele>392.573260</ele>
        <time>2026-07-14T19:46:01.031Z</time>
      </trkpt>
      <trkpt lat="43.249344" lon="-4.879437">
        <ele>393.177981</ele>
        <time>2026-07-14T19:46:26.221Z</time>
      </trkpt>
      <trkpt lat="43.249446" lon="-4.879899">
        <ele>394.218482</ele>
        <time>2026-07-14T19:47:23.987Z</time>
      </trkpt>
      <trkpt lat="43.249500" lon="-4.880038">
        <ele>394.558022</ele>
        <time>2026-07-14T19:47:46.037Z</time>
      </trkpt>
      <trkpt lat="43.249632" lon="-4.880161">
        <ele>396.419470</ele>
        <time>2026-07-14T19:48:19.848Z</time>
      </trkpt>
      <trkpt lat="43.249713" lon="-4.880360">
        <ele>399.025533</ele>
        <time>2026-07-14T19:48:57.536Z</time>
      </trkpt>
      <trkpt lat="43.249830" lon="-4.880474">
        <ele>401.277306</ele>
        <time>2026-07-14T19:49:31.969Z</time>
      </trkpt>
      <trkpt lat="43.249889" lon="-4.880712">
        <ele>404.151348</ele>
        <time>2026-07-14T19:50:16.691Z</time>
      </trkpt>
      <trkpt lat="43.250009" lon="-4.881015">
        <ele>408.094115</ele>
        <time>2026-07-14T19:51:15.556Z</time>
      </trkpt>
      <trkpt lat="43.250028" lon="-4.881128">
        <ele>409.419883</ele>
        <time>2026-07-14T19:51:34.268Z</time>
      </trkpt>
      <trkpt lat="43.250006" lon="-4.881199">
        <ele>410.301934</ele>
        <time>2026-07-14T19:51:46.545Z</time>
      </trkpt>
      <trkpt lat="43.249956" lon="-4.881256">
        <ele>411.321952</ele>
        <time>2026-07-14T19:52:00.477Z</time>
      </trkpt>
      <trkpt lat="43.249775" lon="-4.881360">
        <ele>414.401508</ele>
        <time>2026-07-14T19:52:38.818Z</time>
      </trkpt>
      <trkpt lat="43.249703" lon="-4.881368">
        <ele>415.535245</ele>
        <time>2026-07-14T19:52:51.564Z</time>
      </trkpt>
      <trkpt lat="43.249626" lon="-4.881293">
        <ele>417.017013</ele>
        <time>2026-07-14T19:53:06.436Z</time>
      </trkpt>
      <trkpt lat="43.249568" lon="-4.881322">
        <ele>417.985814</ele>
        <time>2026-07-14T19:53:15.687Z</time>
      </trkpt>
      <trkpt lat="43.249512" lon="-4.881723">
        <ele>422.653502</ele>
        <time>2026-07-14T19:53:48.682Z</time>
      </trkpt>
      <trkpt lat="43.249531" lon="-4.881835">
        <ele>422.297947</ele>
        <time>2026-07-14T19:53:57.694Z</time>
      </trkpt>
      <trkpt lat="43.249592" lon="-4.881961">
        <ele>421.225894</ele>
        <time>2026-07-14T19:54:09.956Z</time>
      </trkpt>
      <trkpt lat="43.249555" lon="-4.882267">
        <ele>419.027928</ele>
        <time>2026-07-14T19:54:36.663Z</time>
      </trkpt>
      <trkpt lat="43.249489" lon="-4.882476">
        <ele>417.413773</ele>
        <time>2026-07-14T19:54:57.273Z</time>
      </trkpt>
      <trkpt lat="43.249375" lon="-4.882689">
        <ele>415.540818</ele>
        <time>2026-07-14T19:55:22.100Z</time>
      </trkpt>
      <trkpt lat="43.249253" lon="-4.883014">
        <ele>412.950037</ele>
        <time>2026-07-14T19:55:57.369Z</time>
      </trkpt>
      <trkpt lat="43.249087" lon="-4.883347">
        <ele>410.090705</ele>
        <time>2026-07-14T19:56:36.045Z</time>
      </trkpt>
      <trkpt lat="43.249004" lon="-4.883400">
        <ele>409.200184</ele>
        <time>2026-07-14T19:56:47.884Z</time>
      </trkpt>
      <trkpt lat="43.248950" lon="-4.883382">
        <ele>408.659589</ele>
        <time>2026-07-14T19:56:55.026Z</time>
      </trkpt>
      <trkpt lat="43.248799" lon="-4.883214">
        <ele>406.768799</ele>
        <time>2026-07-14T19:57:19.667Z</time>
      </trkpt>
      <trkpt lat="43.248714" lon="-4.883178">
        <ele>405.903433</ele>
        <time>2026-07-14T19:57:30.906Z</time>
      </trkpt>
      <trkpt lat="43.248554" lon="-4.883024">
        <ele>407.409136</ele>
        <time>2026-07-14T19:57:54.752Z</time>
      </trkpt>
      <trkpt lat="43.248485" lon="-4.883046">
        <ele>408.354050</ele>
        <time>2026-07-14T19:58:03.119Z</time>
      </trkpt>
      <trkpt lat="43.248328" lon="-4.883272">
        <ele>411.388505</ele>
        <time>2026-07-14T19:58:27.374Z</time>
      </trkpt>
      <trkpt lat="43.248140" lon="-4.883439">
        <ele>414.375477</ele>
        <time>2026-07-14T19:58:53.367Z</time>
      </trkpt>
      <trkpt lat="43.248036" lon="-4.883485">
        <ele>415.832995</ele>
        <time>2026-07-14T19:59:08.528Z</time>
      </trkpt>
      <trkpt lat="43.248004" lon="-4.883549">
        <ele>416.587251</ele>
        <time>2026-07-14T19:59:17.327Z</time>
      </trkpt>
      <trkpt lat="43.247919" lon="-4.883920">
        <ele>420.366134</ele>
        <time>2026-07-14T20:00:13.089Z</time>
      </trkpt>
      <trkpt lat="43.247629" lon="-4.884600">
        <ele>428.022439</ele>
        <time>2026-07-14T20:02:49.159Z</time>
      </trkpt>
      <trkpt lat="43.247417" lon="-4.885336">
        <ele>433.405484</ele>
        <time>2026-07-14T20:05:18.905Z</time>
      </trkpt>
      <trkpt lat="43.247302" lon="-4.885519">
        <ele>434.891223</ele>
        <time>2026-07-14T20:05:54.778Z</time>
      </trkpt>
      <trkpt lat="43.247186" lon="-4.885766">
        <ele>436.697828</ele>
        <time>2026-07-14T20:06:27.732Z</time>
      </trkpt>
      <trkpt lat="43.247157" lon="-4.885897">
        <ele>437.539489</ele>
        <time>2026-07-14T20:06:40.401Z</time>
      </trkpt>
      <trkpt lat="43.247154" lon="-4.886110">
        <ele>438.849100</ele>
        <time>2026-07-14T20:06:57.694Z</time>
      </trkpt>
      <trkpt lat="43.247134" lon="-4.886150">
        <ele>439.147347</ele>
        <time>2026-07-14T20:07:01.219Z</time>
      </trkpt>
      <trkpt lat="43.246829" lon="-4.886320">
        <ele>441.925401</ele>
        <time>2026-07-14T20:07:38.234Z</time>
      </trkpt>
      <trkpt lat="43.246702" lon="-4.886590">
        <ele>443.901152</ele>
        <time>2026-07-14T20:08:08.153Z</time>
      </trkpt>
      <trkpt lat="43.246134" lon="-4.886762">
        <ele>442.893823</ele>
        <time>2026-07-14T20:09:23.550Z</time>
      </trkpt>
      <trkpt lat="43.246047" lon="-4.886837">
        <ele>442.539164</ele>
        <time>2026-07-14T20:09:35.925Z</time>
      </trkpt>
      <trkpt lat="43.245957" lon="-4.887032">
        <ele>441.958641</ele>
        <time>2026-07-14T20:09:55.409Z</time>
      </trkpt>
      <trkpt lat="43.245875" lon="-4.887034">
        <ele>441.675506</ele>
        <time>2026-07-14T20:10:04.590Z</time>
      </trkpt>
      <trkpt lat="43.245724" lon="-4.886914">
        <ele>441.073162</ele>
        <time>2026-07-14T20:10:23.316Z</time>
      </trkpt>
      <trkpt lat="43.245582" lon="-4.886934">
        <ele>440.580359</ele>
        <time>2026-07-14T20:10:37.756Z</time>
      </trkpt>
      <trkpt lat="43.245414" lon="-4.887105">
        <ele>439.858342</ele>
        <time>2026-07-14T20:10:59.554Z</time>
      </trkpt>
      <trkpt lat="43.245294" lon="-4.887352">
        <ele>439.111716</ele>
        <time>2026-07-14T20:11:23.896Z</time>
      </trkpt>
      <trkpt lat="43.245018" lon="-4.887612">
        <ele>439.722603</ele>
        <time>2026-07-14T20:12:05.774Z</time>
      </trkpt>
      <trkpt lat="43.244741" lon="-4.887825">
        <ele>442.970347</ele>
        <time>2026-07-14T20:12:51.984Z</time>
      </trkpt>
      <trkpt lat="43.244638" lon="-4.887859">
        <ele>444.053997</ele>
        <time>2026-07-14T20:13:08.901Z</time>
      </trkpt>
      <trkpt lat="43.244575" lon="-4.887837">
        <ele>444.718966</ele>
        <time>2026-07-14T20:13:20.086Z</time>
      </trkpt>
      <trkpt lat="43.244412" lon="-4.887661">
        <ele>446.840297</ele>
        <time>2026-07-14T20:13:54.300Z</time>
      </trkpt>
      <trkpt lat="43.244079" lon="-4.888144">
        <ele>451.795739</ele>
        <time>2026-07-14T20:15:15.927Z</time>
      </trkpt>
      <trkpt lat="43.244000" lon="-4.888457">
        <ele>454.264080</ele>
        <time>2026-07-14T20:15:48.114Z</time>
      </trkpt>
      <trkpt lat="43.244064" lon="-4.889338">
        <ele>452.947417</ele>
        <time>2026-07-14T20:17:01.668Z</time>
      </trkpt>
      <trkpt lat="43.243930" lon="-4.889474">
        <ele>451.329791</ele>
        <time>2026-07-14T20:17:19.020Z</time>
      </trkpt>
      <trkpt lat="43.243495" lon="-4.889720">
        <ele>446.762978</ele>
        <time>2026-07-14T20:18:12.164Z</time>
      </trkpt>
      <trkpt lat="43.243541" lon="-4.889612">
        <ele>445.878341</ele>
        <time>2026-07-14T20:18:27.938Z</time>
      </trkpt>
      <trkpt lat="43.243551" lon="-4.889469">
        <ele>444.862530</ele>
        <time>2026-07-14T20:18:46.656Z</time>
      </trkpt>
      <trkpt lat="43.243663" lon="-4.889292">
        <ele>443.204693</ele>
        <time>2026-07-14T20:19:20.312Z</time>
      </trkpt>
      <trkpt lat="43.243739" lon="-4.889242">
        <ele>442.386615</ele>
        <time>2026-07-14T20:19:38.191Z</time>
      </trkpt>
      <trkpt lat="43.243822" lon="-4.889130">
        <ele>441.256872</ele>
        <time>2026-07-14T20:20:05.400Z</time>
      </trkpt>
      <trkpt lat="43.243835" lon="-4.889038">
        <ele>440.594210</ele>
        <time>2026-07-14T20:20:22.206Z</time>
      </trkpt>
      <trkpt lat="43.243839" lon="-4.888977">
        <ele>440.161133</ele>
        <time>2026-07-14T20:20:33.412Z</time>
      </trkpt>
      <trkpt lat="43.243816" lon="-4.888974">
        <ele>439.936866</ele>
        <time>2026-07-14T20:20:39.219Z</time>
      </trkpt>
      <trkpt lat="43.243826" lon="-4.888908">
        <ele>439.460189</ele>
        <time>2026-07-14T20:20:51.393Z</time>
      </trkpt>
      <trkpt lat="43.243792" lon="-4.888924">
        <ele>438.783392</ele>
        <time>2026-07-14T20:21:00.406Z</time>
      </trkpt>
      <trkpt lat="43.243811" lon="-4.888814">
        <ele>436.844143</ele>
        <time>2026-07-14T20:21:20.148Z</time>
      </trkpt>
      <trkpt lat="43.243722" lon="-4.888879">
        <ele>434.470173</ele>
        <time>2026-07-14T20:21:44.046Z</time>
      </trkpt>
      <trkpt lat="43.243624" lon="-4.888868">
        <ele>432.154705</ele>
        <time>2026-07-14T20:22:06.596Z</time>
      </trkpt>
      <trkpt lat="43.243569" lon="-4.888724">
        <ele>429.365581</ele>
        <time>2026-07-14T20:22:32.607Z</time>
      </trkpt>
      <trkpt lat="43.243714" lon="-4.888407">
        <ele>422.944613</ele>
        <time>2026-07-14T20:23:34.357Z</time>
      </trkpt>
      <trkpt lat="43.243640" lon="-4.888385">
        <ele>421.161618</ele>
        <time>2026-07-14T20:23:52.738Z</time>
      </trkpt>
      <trkpt lat="43.243656" lon="-4.888334">
        <ele>420.209081</ele>
        <time>2026-07-14T20:24:02.901Z</time>
      </trkpt>
      <trkpt lat="43.243616" lon="-4.888336">
        <ele>419.266511</ele>
        <time>2026-07-14T20:24:12.730Z</time>
      </trkpt>
      <trkpt lat="43.243653" lon="-4.888252">
        <ele>417.582633</ele>
        <time>2026-07-14T20:24:30.271Z</time>
      </trkpt>
      <trkpt lat="43.243839" lon="-4.888149">
        <ele>412.859649</ele>
        <time>2026-07-14T20:25:19.131Z</time>
      </trkpt>
      <trkpt lat="43.243909" lon="-4.887944">
        <ele>408.975924</ele>
        <time>2026-07-14T20:25:58.648Z</time>
      </trkpt>
      <trkpt lat="43.243805" lon="-4.887923">
        <ele>406.500514</ele>
        <time>2026-07-14T20:26:23.658Z</time>
      </trkpt>
      <trkpt lat="43.243613" lon="-4.887963">
        <ele>401.927405</ele>
        <time>2026-07-14T20:27:05.691Z</time>
      </trkpt>
      <trkpt lat="43.243597" lon="-4.887947">
        <ele>401.461260</ele>
        <time>2026-07-14T20:27:09.693Z</time>
      </trkpt>
      <trkpt lat="43.243540" lon="-4.887888">
        <ele>399.780186</ele>
        <time>2026-07-14T20:27:23.583Z</time>
      </trkpt>
      <trkpt lat="43.243466" lon="-4.887863">
        <ele>397.985593</ele>
        <time>2026-07-14T20:27:37.826Z</time>
      </trkpt>
      <trkpt lat="43.243425" lon="-4.887930">
        <ele>397.003281</ele>
        <time>2026-07-14T20:27:49.092Z</time>
      </trkpt>
      <trkpt lat="43.243425" lon="-4.887952">
        <ele>397.016559</ele>
        <time>2026-07-14T20:27:51.955Z</time>
      </trkpt>
      <trkpt lat="43.243426" lon="-4.888008">
        <ele>397.050367</ele>
        <time>2026-07-14T20:27:59.071Z</time>
      </trkpt>
      <trkpt lat="43.243237" lon="-4.888090">
        <ele>397.214591</ele>
        <time>2026-07-14T20:28:31.529Z</time>
      </trkpt>
      <trkpt lat="43.243021" lon="-4.888079">
        <ele>397.393674</ele>
        <time>2026-07-14T20:29:04.275Z</time>
      </trkpt>
      <trkpt lat="43.242944" lon="-4.888106">
        <ele>397.459518</ele>
        <time>2026-07-14T20:29:16.283Z</time>
      </trkpt>
      <trkpt lat="43.242836" lon="-4.888095">
        <ele>397.549244</ele>
        <time>2026-07-14T20:29:32.787Z</time>
      </trkpt>
      <trkpt lat="43.242944" lon="-4.888106">
        <ele>397.638970</ele>
        <time>2026-07-14T20:29:48.133Z</time>
      </trkpt>
      <trkpt lat="43.243021" lon="-4.888079">
        <ele>397.704814</ele>
        <time>2026-07-14T20:29:59.571Z</time>
      </trkpt>
      <trkpt lat="43.243237" lon="-4.888090">
        <ele>397.883897</ele>
        <time>2026-07-14T20:30:30.789Z</time>
      </trkpt>
      <trkpt lat="43.243426" lon="-4.888008">
        <ele>398.048121</ele>
        <time>2026-07-14T20:31:02.616Z</time>
      </trkpt>
      <trkpt lat="43.243425" lon="-4.887952">
        <ele>398.081929</ele>
        <time>2026-07-14T20:31:09.576Z</time>
      </trkpt>
      <trkpt lat="43.243425" lon="-4.887930">
        <ele>398.095207</ele>
        <time>2026-07-14T20:31:12.673Z</time>
      </trkpt>
      <trkpt lat="43.243466" lon="-4.887863">
        <ele>398.148018</ele>
        <time>2026-07-14T20:31:24.814Z</time>
      </trkpt>
      <trkpt lat="43.243540" lon="-4.887888">
        <ele>398.211158</ele>
        <time>2026-07-14T20:31:38.752Z</time>
      </trkpt>
      <trkpt lat="43.243597" lon="-4.887947">
        <ele>398.270303</ele>
        <time>2026-07-14T20:31:54.711Z</time>
      </trkpt>
      <trkpt lat="43.243540" lon="-4.887888">
        <ele>398.329449</ele>
        <time>2026-07-14T20:32:09.134Z</time>
      </trkpt>
      <trkpt lat="43.243466" lon="-4.887863">
        <ele>398.392588</ele>
        <time>2026-07-14T20:32:28.768Z</time>
      </trkpt>
      <trkpt lat="43.243425" lon="-4.887930">
        <ele>398.445400</ele>
        <time>2026-07-14T20:32:43.913Z</time>
      </trkpt>
      <trkpt lat="43.243425" lon="-4.887952">
        <ele>398.458678</ele>
        <time>2026-07-14T20:32:48.110Z</time>
      </trkpt>
      <trkpt lat="43.243425" lon="-4.887930">
        <ele>398.471955</ele>
        <time>2026-07-14T20:32:52.869Z</time>
      </trkpt>
      <trkpt lat="43.243466" lon="-4.887863">
        <ele>399.569980</ele>
        <time>2026-07-14T20:33:11.293Z</time>
      </trkpt>
      <trkpt lat="43.243540" lon="-4.887888">
        <ele>400.982467</ele>
        <time>2026-07-14T20:33:31.501Z</time>
      </trkpt>
      <trkpt lat="43.243597" lon="-4.887947">
        <ele>402.305605</ele>
        <time>2026-07-14T20:33:52.422Z</time>
      </trkpt>
      <trkpt lat="43.243613" lon="-4.887963">
        <ele>402.672499</ele>
        <time>2026-07-14T20:33:57.886Z</time>
      </trkpt>
      <trkpt lat="43.243805" lon="-4.887923">
        <ele>406.271897</ele>
        <time>2026-07-14T20:34:52.427Z</time>
      </trkpt>
      <trkpt lat="43.243909" lon="-4.887944">
        <ele>408.220240</ele>
        <time>2026-07-14T20:35:23.584Z</time>
      </trkpt>
      <trkpt lat="43.243839" lon="-4.888149">
        <ele>411.277039</ele>
        <time>2026-07-14T20:36:10.761Z</time>
      </trkpt>
      <trkpt lat="43.243653" lon="-4.888252">
        <ele>414.994401</ele>
        <time>2026-07-14T20:37:07.725Z</time>
      </trkpt>
      <trkpt lat="43.243616" lon="-4.888336">
        <ele>416.319746</ele>
        <time>2026-07-14T20:37:29.573Z</time>
      </trkpt>
      <trkpt lat="43.243656" lon="-4.888334">
        <ele>417.061623</ele>
        <time>2026-07-14T20:37:41.815Z</time>
      </trkpt>
      <trkpt lat="43.243640" lon="-4.888385">
        <ele>417.811345</ele>
        <time>2026-07-14T20:37:54.431Z</time>
      </trkpt>
      <trkpt lat="43.243714" lon="-4.888407">
        <ele>419.214704</ele>
        <time>2026-07-14T20:38:19.697Z</time>
      </trkpt>
      <trkpt lat="43.243569" lon="-4.888724">
        <ele>424.268513</ele>
        <time>2026-07-14T20:39:44.612Z</time>
      </trkpt>
      <trkpt lat="43.243624" lon="-4.888868">
        <ele>426.463774</ele>
        <time>2026-07-14T20:40:20.266Z</time>
      </trkpt>
      <trkpt lat="43.243722" lon="-4.888879">
        <ele>428.286230</ele>
        <time>2026-07-14T20:40:45.102Z</time>
      </trkpt>
      <trkpt lat="43.243811" lon="-4.888814">
        <ele>430.154732</ele>
        <time>2026-07-14T20:41:08.691Z</time>
      </trkpt>
      <trkpt lat="43.243792" lon="-4.888924">
        <ele>431.681075</ele>
        <time>2026-07-14T20:41:25.099Z</time>
      </trkpt>
      <trkpt lat="43.243826" lon="-4.888908">
        <ele>431.741368</ele>
        <time>2026-07-14T20:41:32.105Z</time>
      </trkpt>
      <trkpt lat="43.243816" lon="-4.888974">
        <ele>431.619202</ele>
        <time>2026-07-14T20:41:40.271Z</time>
      </trkpt>
      <trkpt lat="43.243839" lon="-4.888977">
        <ele>431.561724</ele>
        <time>2026-07-14T20:41:44.171Z</time>
      </trkpt>
      <trkpt lat="43.243835" lon="-4.889038">
        <ele>431.450732</ele>
        <time>2026-07-14T20:41:51.689Z</time>
      </trkpt>
      <trkpt lat="43.243822" lon="-4.889130">
        <ele>431.280899</ele>
        <time>2026-07-14T20:42:02.174Z</time>
      </trkpt>
      <trkpt lat="43.243739" lon="-4.889242">
        <ele>430.991359</ele>
        <time>2026-07-14T20:42:18.464Z</time>
      </trkpt>
      <trkpt lat="43.243663" lon="-4.889292">
        <ele>430.781696</ele>
        <time>2026-07-14T20:42:30.874Z</time>
      </trkpt>
      <trkpt lat="43.243551" lon="-4.889469">
        <ele>430.356811</ele>
        <time>2026-07-14T20:42:56.906Z</time>
      </trkpt>
      <trkpt lat="43.243541" lon="-4.889612">
        <ele>430.096471</ele>
        <time>2026-07-14T20:43:13.252Z</time>
      </trkpt>
      <trkpt lat="43.243495" lon="-4.889720">
        <ele>429.869748</ele>
        <time>2026-07-14T20:43:26.937Z</time>
      </trkpt>
      <trkpt lat="43.243318" lon="-4.889754">
        <ele>429.425118</ele>
        <time>2026-07-14T20:43:47.289Z</time>
      </trkpt>
      <trkpt lat="43.243137" lon="-4.889725">
        <ele>428.971770</ele>
        <time>2026-07-14T20:44:08.513Z</time>
      </trkpt>
      <trkpt lat="43.243001" lon="-4.889633">
        <ele>428.594580</ele>
        <time>2026-07-14T20:44:26.349Z</time>
      </trkpt>
      <trkpt lat="43.242938" lon="-4.889560">
        <ele>428.389479</ele>
        <time>2026-07-14T20:44:35.906Z</time>
      </trkpt>
      <trkpt lat="43.242912" lon="-4.889479">
        <ele>428.229068</ele>
        <time>2026-07-14T20:44:43.937Z</time>
      </trkpt>
      <trkpt lat="43.242778" lon="-4.889393">
        <ele>427.861070</ele>
        <time>2026-07-14T20:45:01.950Z</time>
      </trkpt>
      <trkpt lat="43.242639" lon="-4.889465">
        <ele>427.491467</ele>
        <time>2026-07-14T20:45:19.751Z</time>
      </trkpt>
      <trkpt lat="43.242480" lon="-4.889798">
        <ele>429.917937</ele>
        <time>2026-07-14T20:45:53.718Z</time>
      </trkpt>
      <trkpt lat="43.242388" lon="-4.890098">
        <ele>432.594497</ele>
        <time>2026-07-14T20:46:18.422Z</time>
      </trkpt>
      <trkpt lat="43.242316" lon="-4.890157">
        <ele>433.541029</ele>
        <time>2026-07-14T20:46:27.691Z</time>
      </trkpt>
      <trkpt lat="43.242089" lon="-4.890007">
        <ele>436.384836</ele>
        <time>2026-07-14T20:47:01.959Z</time>
      </trkpt>
      <trkpt lat="43.241740" lon="-4.889904">
        <ele>440.414391</ele>
        <time>2026-07-14T20:48:11.157Z</time>
      </trkpt>
      <trkpt lat="43.241387" lon="-4.889972">
        <ele>444.438123</ele>
        <time>2026-07-14T20:49:21.012Z</time>
      </trkpt>
      <trkpt lat="43.240916" lon="-4.890137">
        <ele>452.986693</ele>
        <time>2026-07-14T20:51:03.226Z</time>
      </trkpt>
      <trkpt lat="43.240700" lon="-4.890271">
        <ele>459.249471</ele>
        <time>2026-07-14T20:52:02.093Z</time>
      </trkpt>
      <trkpt lat="43.240547" lon="-4.890427">
        <ele>464.285088</ele>
        <time>2026-07-14T20:52:52.980Z</time>
      </trkpt>
      <trkpt lat="43.240495" lon="-4.890480">
        <ele>465.996315</ele>
        <time>2026-07-14T20:53:11.369Z</time>
      </trkpt>
      <trkpt lat="43.240467" lon="-4.890488">
        <ele>466.751971</ele>
        <time>2026-07-14T20:53:20.012Z</time>
      </trkpt>
      <trkpt lat="43.240495" lon="-4.890480">
        <ele>467.507627</ele>
        <time>2026-07-14T20:53:27.771Z</time>
      </trkpt>
      <trkpt lat="43.240547" lon="-4.890427">
        <ele>469.218855</ele>
        <time>2026-07-14T20:53:45.904Z</time>
      </trkpt>
      <trkpt lat="43.240495" lon="-4.890480">
        <ele>470.930082</ele>
        <time>2026-07-14T20:54:05.881Z</time>
      </trkpt>
      <trkpt lat="43.240467" lon="-4.890488">
        <ele>471.685738</ele>
        <time>2026-07-14T20:54:14.001Z</time>
      </trkpt>
      <trkpt lat="43.240221" lon="-4.890556">
        <ele>478.315891</ele>
        <time>2026-07-14T20:55:26.717Z</time>
      </trkpt>
      <trkpt lat="43.239784" lon="-4.890933">
        <ele>491.952969</ele>
        <time>2026-07-14T20:57:38.414Z</time>
      </trkpt>
      <trkpt lat="43.239637" lon="-4.891005">
        <ele>494.837111</ele>
        <time>2026-07-14T20:58:07.449Z</time>
      </trkpt>
      <trkpt lat="43.239479" lon="-4.891017">
        <ele>493.337163</ele>
        <time>2026-07-14T20:58:33.920Z</time>
      </trkpt>
      <trkpt lat="43.239320" lon="-4.890971">
        <ele>491.796916</ele>
        <time>2026-07-14T20:58:58.846Z</time>
      </trkpt>
      <trkpt lat="43.239051" lon="-4.890998">
        <ele>489.240299</ele>
        <time>2026-07-14T20:59:30.374Z</time>
      </trkpt>
      <trkpt lat="43.238737" lon="-4.890856">
        <ele>486.106577</ele>
        <time>2026-07-14T21:00:08.847Z</time>
      </trkpt>
      <trkpt lat="43.238625" lon="-4.890830">
        <ele>485.029872</ele>
        <time>2026-07-14T21:00:24.892Z</time>
      </trkpt>
      <trkpt lat="43.238547" lon="-4.890847">
        <ele>484.281260</ele>
        <time>2026-07-14T21:00:36.487Z</time>
      </trkpt>
      <trkpt lat="43.238403" lon="-4.890856">
        <ele>482.914892</ele>
        <time>2026-07-14T21:01:01.455Z</time>
      </trkpt>
      <trkpt lat="43.238220" lon="-4.890940">
        <ele>481.085847</ele>
        <time>2026-07-14T21:01:39.350Z</time>
      </trkpt>
      <trkpt lat="43.238096" lon="-4.890930">
        <ele>479.908443</ele>
        <time>2026-07-14T21:02:05.527Z</time>
      </trkpt>
      <trkpt lat="43.238008" lon="-4.890903">
        <ele>479.053721</ele>
        <time>2026-07-14T21:02:25.440Z</time>
      </trkpt>
      <trkpt lat="43.237185" lon="-4.890689">
        <ele>466.444817</ele>
        <time>2026-07-14T21:05:09.113Z</time>
      </trkpt>
      <trkpt lat="43.237084" lon="-4.890746">
        <ele>464.719400</ele>
        <time>2026-07-14T21:05:26.009Z</time>
      </trkpt>
      <trkpt lat="43.236964" lon="-4.890730">
        <ele>462.814474</ele>
        <time>2026-07-14T21:05:42.482Z</time>
      </trkpt>
      <trkpt lat="43.236858" lon="-4.890832">
        <ele>460.769121</ele>
        <time>2026-07-14T21:05:58.146Z</time>
      </trkpt>
      <trkpt lat="43.236615" lon="-4.890897">
        <ele>456.857493</ele>
        <time>2026-07-14T21:06:23.480Z</time>
      </trkpt>
      <trkpt lat="43.236459" lon="-4.890905">
        <ele>454.390970</ele>
        <time>2026-07-14T21:06:41.545Z</time>
      </trkpt>
      <trkpt lat="43.236417" lon="-4.890946">
        <ele>453.576662</ele>
        <time>2026-07-14T21:06:47.825Z</time>
      </trkpt>
      <trkpt lat="43.236387" lon="-4.891026">
        <ele>452.540962</ele>
        <time>2026-07-14T21:06:56.040Z</time>
      </trkpt>
      <trkpt lat="43.236309" lon="-4.891350">
        <ele>449.019727</ele>
        <time>2026-07-14T21:07:23.913Z</time>
      </trkpt>
      <trkpt lat="43.236286" lon="-4.891548">
        <ele>447.577811</ele>
        <time>2026-07-14T21:07:39.453Z</time>
      </trkpt>
      <trkpt lat="43.236292" lon="-4.891930">
        <ele>444.829996</ele>
        <time>2026-07-14T21:08:07.634Z</time>
      </trkpt>
      <trkpt lat="43.236271" lon="-4.892074">
        <ele>443.773867</ele>
        <time>2026-07-14T21:08:18.892Z</time>
      </trkpt>
      <trkpt lat="43.236252" lon="-4.892135">
        <ele>443.296770</ele>
        <time>2026-07-14T21:08:24.317Z</time>
      </trkpt>
      <trkpt lat="43.236060" lon="-4.892353">
        <ele>440.837099</ele>
        <time>2026-07-14T21:08:52.309Z</time>
      </trkpt>
      <trkpt lat="43.236003" lon="-4.892347">
        <ele>440.272784</ele>
        <time>2026-07-14T21:08:59.226Z</time>
      </trkpt>
      <trkpt lat="43.236024" lon="-4.891872">
        <ele>436.850493</ele>
        <time>2026-07-14T21:09:43.086Z</time>
      </trkpt>
      <trkpt lat="43.235982" lon="-4.891632">
        <ele>435.075414</ele>
        <time>2026-07-14T21:10:08.118Z</time>
      </trkpt>
      <trkpt lat="43.235849" lon="-4.891318">
        <ele>432.463335</ele>
        <time>2026-07-14T21:10:51.300Z</time>
      </trkpt>
      <trkpt lat="43.235715" lon="-4.891132">
        <ele>431.739555</ele>
        <time>2026-07-14T21:11:25.461Z</time>
      </trkpt>
      <trkpt lat="43.235458" lon="-4.891062">
        <ele>431.354734</ele>
        <time>2026-07-14T21:12:09.213Z</time>
      </trkpt>
      <trkpt lat="43.235250" lon="-4.890967">
        <ele>431.032771</ele>
        <time>2026-07-14T21:12:37.664Z</time>
      </trkpt>
      <trkpt lat="43.235107" lon="-4.890944">
        <ele>430.821307</ele>
        <time>2026-07-14T21:12:54.185Z</time>
      </trkpt>
      <trkpt lat="43.234960" lon="-4.890833">
        <ele>430.574890</ele>
        <time>2026-07-14T21:13:10.988Z</time>
      </trkpt>
      <trkpt lat="43.234724" lon="-4.890847">
        <ele>430.227948</ele>
        <time>2026-07-14T21:13:40.559Z</time>
      </trkpt>
      <trkpt lat="43.234547" lon="-4.890799">
        <ele>429.962959</ele>
        <time>2026-07-14T21:14:08.294Z</time>
      </trkpt>
      <trkpt lat="43.234342" lon="-4.890697">
        <ele>429.642699</ele>
        <time>2026-07-14T21:14:47.089Z</time>
      </trkpt>
      <trkpt lat="43.234294" lon="-4.890707">
        <ele>429.571393</ele>
        <time>2026-07-14T21:14:56.024Z</time>
      </trkpt>
      <trkpt lat="43.234170" lon="-4.890818">
        <ele>429.353963</ele>
        <time>2026-07-14T21:15:23.719Z</time>
      </trkpt>
      <trkpt lat="43.233972" lon="-4.890910">
        <ele>430.768353</ele>
        <time>2026-07-14T21:16:02.216Z</time>
      </trkpt>
      <trkpt lat="43.233928" lon="-4.891229">
        <ele>432.782702</ele>
        <time>2026-07-14T21:16:42.548Z</time>
      </trkpt>
      <trkpt lat="43.233848" lon="-4.891338">
        <ele>433.742639</ele>
        <time>2026-07-14T21:16:59.881Z</time>
      </trkpt>
      <trkpt lat="43.233850" lon="-4.891575">
        <ele>435.213174</ele>
        <time>2026-07-14T21:17:24.226Z</time>
      </trkpt>
      <trkpt lat="43.233824" lon="-4.891638">
        <ele>435.662404</ele>
        <time>2026-07-14T21:17:31.341Z</time>
      </trkpt>
      <trkpt lat="43.233742" lon="-4.891678">
        <ele>436.403497</ele>
        <time>2026-07-14T21:17:43.097Z</time>
      </trkpt>
      <trkpt lat="43.233667" lon="-4.891582">
        <ele>437.276819</ele>
        <time>2026-07-14T21:17:56.628Z</time>
      </trkpt>
      <trkpt lat="43.233543" lon="-4.891087">
        <ele>440.524465</ele>
        <time>2026-07-14T21:18:42.898Z</time>
      </trkpt>
      <trkpt lat="43.233423" lon="-4.890735">
        <ele>442.935677</ele>
        <time>2026-07-14T21:19:12.282Z</time>
      </trkpt>
      <trkpt lat="43.233240" lon="-4.890709">
        <ele>444.502412</ele>
        <time>2026-07-14T21:19:31.130Z</time>
      </trkpt>
      <trkpt lat="43.232808" lon="-4.890244">
        <ele>448.983079</ele>
        <time>2026-07-14T21:20:26.456Z</time>
      </trkpt>
      <trkpt lat="43.232677" lon="-4.890201">
        <ele>450.081185</ele>
        <time>2026-07-14T21:20:41.903Z</time>
      </trkpt>
      <trkpt lat="43.232639" lon="-4.890214">
        <ele>450.400461</ele>
        <time>2026-07-14T21:20:46.543Z</time>
      </trkpt>
      <trkpt lat="43.232537" lon="-4.890344">
        <ele>451.535254</ele>
        <time>2026-07-14T21:21:03.879Z</time>
      </trkpt>
      <trkpt lat="43.232523" lon="-4.890413">
        <ele>451.960697</ele>
        <time>2026-07-14T21:21:10.684Z</time>
      </trkpt>
      <trkpt lat="43.232538" lon="-4.890543">
        <ele>452.742496</ele>
        <time>2026-07-14T21:21:23.728Z</time>
      </trkpt>
      <trkpt lat="43.232521" lon="-4.890578">
        <ele>452.992352</ele>
        <time>2026-07-14T21:21:28.071Z</time>
      </trkpt>
      <trkpt lat="43.232261" lon="-4.890797">
        <ele>455.479349</ele>
        <time>2026-07-14T21:22:15.767Z</time>
      </trkpt>
      <trkpt lat="43.232168" lon="-4.890963">
        <ele>456.723165</ele>
        <time>2026-07-14T21:22:40.880Z</time>
      </trkpt>
      <trkpt lat="43.232127" lon="-4.890986">
        <ele>457.084262</ele>
        <time>2026-07-14T21:22:48.481Z</time>
      </trkpt>
      <trkpt lat="43.231875" lon="-4.890925">
        <ele>459.170422</ele>
        <time>2026-07-14T21:23:31.305Z</time>
      </trkpt>
      <trkpt lat="43.231837" lon="-4.890941">
        <ele>459.587885</ele>
        <time>2026-07-14T21:23:37.933Z</time>
      </trkpt>
      <trkpt lat="43.231724" lon="-4.891306">
        <ele>462.973511</ele>
        <time>2026-07-14T21:24:23.205Z</time>
      </trkpt>
      <trkpt lat="43.231741" lon="-4.891573">
        <ele>465.261568</ele>
        <time>2026-07-14T21:24:51.007Z</time>
      </trkpt>
      <trkpt lat="43.231680" lon="-4.891699">
        <ele>466.553040</ele>
        <time>2026-07-14T21:25:05.842Z</time>
      </trkpt>
      <trkpt lat="43.231682" lon="-4.891800">
        <ele>467.415592</ele>
        <time>2026-07-14T21:25:15.600Z</time>
      </trkpt>
      <trkpt lat="43.231733" lon="-4.891916">
        <ele>468.572210</ele>
        <time>2026-07-14T21:25:28.651Z</time>
      </trkpt>
      <trkpt lat="43.231763" lon="-4.892097">
        <ele>470.156879</ele>
        <time>2026-07-14T21:25:46.109Z</time>
      </trkpt>
      <trkpt lat="43.231755" lon="-4.892216">
        <ele>471.177093</ele>
        <time>2026-07-14T21:25:56.968Z</time>
      </trkpt>
      <trkpt lat="43.231733" lon="-4.892278">
        <ele>471.765819</ele>
        <time>2026-07-14T21:26:03.295Z</time>
      </trkpt>
      <trkpt lat="43.231517" lon="-4.892310">
        <ele>474.311417</ele>
        <time>2026-07-14T21:26:31.947Z</time>
      </trkpt>
      <trkpt lat="43.231447" lon="-4.892494">
        <ele>476.083467</ele>
        <time>2026-07-14T21:26:53.760Z</time>
      </trkpt>
      <trkpt lat="43.231440" lon="-4.892575">
        <ele>476.779812</ele>
        <time>2026-07-14T21:27:03.619Z</time>
      </trkpt>
      <trkpt lat="43.231211" lon="-4.892686">
        <ele>479.625445</ele>
        <time>2026-07-14T21:27:45.272Z</time>
      </trkpt>
      <trkpt lat="43.231102" lon="-4.892828">
        <ele>480.371332</ele>
        <time>2026-07-14T21:28:09.666Z</time>
      </trkpt>
      <trkpt lat="43.231003" lon="-4.893053">
        <ele>480.405311</ele>
        <time>2026-07-14T21:28:38.265Z</time>
      </trkpt>
      <trkpt lat="43.230981" lon="-4.893166">
        <ele>480.420431</ele>
        <time>2026-07-14T21:28:50.052Z</time>
      </trkpt>
      <trkpt lat="43.231121" lon="-4.893594">
        <ele>480.481080</ele>
        <time>2026-07-14T21:29:32.425Z</time>
      </trkpt>
      <trkpt lat="43.231085" lon="-4.893722">
        <ele>480.498817</ele>
        <time>2026-07-14T21:29:43.334Z</time>
      </trkpt>
      <trkpt lat="43.231046" lon="-4.893823">
        <ele>480.513594</ele>
        <time>2026-07-14T21:29:51.957Z</time>
      </trkpt>
      <trkpt lat="43.230957" lon="-4.893936">
        <ele>480.535106</ele>
        <time>2026-07-14T21:30:04.226Z</time>
      </trkpt>
      <trkpt lat="43.230581" lon="-4.894243">
        <ele>480.612731</ele>
        <time>2026-07-14T21:30:52.099Z</time>
      </trkpt>
      <trkpt lat="43.230411" lon="-4.894198">
        <ele>480.643449</ele>
        <time>2026-07-14T21:31:12.125Z</time>
      </trkpt>
      <trkpt lat="43.229963" lon="-4.894208">
        <ele>477.543779</ele>
        <time>2026-07-14T21:32:09.928Z</time>
      </trkpt>
      <trkpt lat="43.229664" lon="-4.894264">
        <ele>474.057899</ele>
        <time>2026-07-14T21:32:53.848Z</time>
      </trkpt>
      <trkpt lat="43.229255" lon="-4.894339">
        <ele>469.291392</ele>
        <time>2026-07-14T21:33:47.552Z</time>
      </trkpt>
      <trkpt lat="43.229072" lon="-4.894322">
        <ele>467.172649</ele>
        <time>2026-07-14T21:34:09.561Z</time>
      </trkpt>
      <trkpt lat="43.228951" lon="-4.894276">
        <ele>465.722298</ele>
        <time>2026-07-14T21:34:23.896Z</time>
      </trkpt>
      <trkpt lat="43.228789" lon="-4.894416">
        <ele>463.510891</ele>
        <time>2026-07-14T21:34:45.575Z</time>
      </trkpt>
      <trkpt lat="43.228738" lon="-4.894604">
        <ele>461.822452</ele>
        <time>2026-07-14T21:35:02.252Z</time>
      </trkpt>
      <trkpt lat="43.228678" lon="-4.894689">
        <ele>460.826368</ele>
        <time>2026-07-14T21:35:11.889Z</time>
      </trkpt>
      <trkpt lat="43.228560" lon="-4.894771">
        <ele>459.715240</ele>
        <time>2026-07-14T21:35:27.049Z</time>
      </trkpt>
      <trkpt lat="43.228397" lon="-4.894996">
        <ele>458.901074</ele>
        <time>2026-07-14T21:35:53.180Z</time>
      </trkpt>
      <trkpt lat="43.228310" lon="-4.895043">
        <ele>458.571802</ele>
        <time>2026-07-14T21:36:03.689Z</time>
      </trkpt>
      <trkpt lat="43.228044" lon="-4.895039">
        <ele>457.634965</ele>
        <time>2026-07-14T21:36:34.055Z</time>
      </trkpt>
      <trkpt lat="43.227821" lon="-4.894913">
        <ele>456.785668</ele>
        <time>2026-07-14T21:37:01.877Z</time>
      </trkpt>
      <trkpt lat="43.227661" lon="-4.894744">
        <ele>456.074633</ele>
        <time>2026-07-14T21:37:24.956Z</time>
      </trkpt>
      <trkpt lat="43.227637" lon="-4.894719">
        <ele>455.968523</ele>
        <time>2026-07-14T21:37:28.495Z</time>
      </trkpt>
      <trkpt lat="43.227623" lon="-4.894704">
        <ele>455.905973</ele>
        <time>2026-07-14T21:37:30.540Z</time>
      </trkpt>
      <trkpt lat="43.227590" lon="-4.894698">
        <ele>455.788740</ele>
        <time>2026-07-14T21:37:34.507Z</time>
      </trkpt>
      <trkpt lat="43.227562" lon="-4.894733">
        <ele>455.655362</ele>
        <time>2026-07-14T21:37:38.851Z</time>
      </trkpt>
      <trkpt lat="43.227525" lon="-4.894877">
        <ele>455.263545</ele>
        <time>2026-07-14T21:37:51.556Z</time>
      </trkpt>
      <trkpt lat="43.227476" lon="-4.894952">
        <ele>455.005054</ele>
        <time>2026-07-14T21:37:59.725Z</time>
      </trkpt>
      <trkpt lat="43.227386" lon="-4.894815">
        <ele>454.531715</ele>
        <time>2026-07-14T21:38:14.396Z</time>
      </trkpt>
      <trkpt lat="43.227354" lon="-4.894830">
        <ele>454.412627</ele>
        <time>2026-07-14T21:38:17.859Z</time>
      </trkpt>
      <trkpt lat="43.227224" lon="-4.894686">
        <ele>453.824286</ele>
        <time>2026-07-14T21:38:35.142Z</time>
      </trkpt>
      <trkpt lat="43.227354" lon="-4.894830">
        <ele>454.186904</ele>
        <time>2026-07-14T21:38:54.969Z</time>
      </trkpt>
      <trkpt lat="43.227386" lon="-4.894815">
        <ele>454.413375</ele>
        <time>2026-07-14T21:38:59.257Z</time>
      </trkpt>
      <trkpt lat="43.227476" lon="-4.894952">
        <ele>455.313536</ele>
        <time>2026-07-14T21:39:19.272Z</time>
      </trkpt>
      <trkpt lat="43.227525" lon="-4.894877">
        <ele>455.805115</ele>
        <time>2026-07-14T21:39:32.097Z</time>
      </trkpt>
      <trkpt lat="43.227562" lon="-4.894733">
        <ele>456.550242</ele>
        <time>2026-07-14T21:39:54.537Z</time>
      </trkpt>
      <trkpt lat="43.227590" lon="-4.894698">
        <ele>456.803891</ele>
        <time>2026-07-14T21:40:02.685Z</time>
      </trkpt>
      <trkpt lat="43.227623" lon="-4.894704">
        <ele>457.026835</ele>
        <time>2026-07-14T21:40:10.362Z</time>
      </trkpt>
      <trkpt lat="43.227637" lon="-4.894719">
        <ele>457.145788</ele>
        <time>2026-07-14T21:40:14.137Z</time>
      </trkpt>
      <trkpt lat="43.227661" lon="-4.894744">
        <ele>457.347579</ele>
        <time>2026-07-14T21:40:20.028Z</time>
      </trkpt>
      <trkpt lat="43.227821" lon="-4.894913">
        <ele>458.699773</ele>
        <time>2026-07-14T21:40:56.302Z</time>
      </trkpt>
      <trkpt lat="43.227839" lon="-4.895220">
        <ele>460.202756</ele>
        <time>2026-07-14T21:41:48.911Z</time>
      </trkpt>
      <trkpt lat="43.227831" lon="-4.895317">
        <ele>460.679133</ele>
        <time>2026-07-14T21:42:03.427Z</time>
      </trkpt>
      <trkpt lat="43.227780" lon="-4.895376">
        <ele>461.125857</ele>
        <time>2026-07-14T21:42:17.845Z</time>
      </trkpt>
      <trkpt lat="43.227732" lon="-4.895580">
        <ele>462.171985</ele>
        <time>2026-07-14T21:42:46.560Z</time>
      </trkpt>
      <trkpt lat="43.227756" lon="-4.895724">
        <ele>462.892846</ele>
        <time>2026-07-14T21:43:03.732Z</time>
      </trkpt>
      <trkpt lat="43.227671" lon="-4.895773">
        <ele>463.510302</ele>
        <time>2026-07-14T21:43:18.486Z</time>
      </trkpt>
      <trkpt lat="43.227635" lon="-4.895751">
        <ele>463.774229</ele>
        <time>2026-07-14T21:43:24.380Z</time>
      </trkpt>
      <trkpt lat="43.227582" lon="-4.895818">
        <ele>464.256823</ele>
        <time>2026-07-14T21:43:35.845Z</time>
      </trkpt>
      <trkpt lat="43.227635" lon="-4.895751">
        <ele>464.739418</ele>
        <time>2026-07-14T21:43:47.049Z</time>
      </trkpt>
      <trkpt lat="43.227671" lon="-4.895773">
        <ele>465.003345</ele>
        <time>2026-07-14T21:43:53.034Z</time>
      </trkpt>
      <trkpt lat="43.227756" lon="-4.895724">
        <ele>465.601468</ele>
        <time>2026-07-14T21:44:07.453Z</time>
      </trkpt>
      <trkpt lat="43.227732" lon="-4.895580">
        <ele>465.052200</ele>
        <time>2026-07-14T21:44:24.230Z</time>
      </trkpt>
      <trkpt lat="43.227780" lon="-4.895376">
        <ele>464.255093</ele>
        <time>2026-07-14T21:44:50.780Z</time>
      </trkpt>
      <trkpt lat="43.227831" lon="-4.895317">
        <ele>463.914707</ele>
        <time>2026-07-14T21:45:03.108Z</time>
      </trkpt>
      <trkpt lat="43.227839" lon="-4.895220">
        <ele>463.551727</ele>
        <time>2026-07-14T21:45:16.027Z</time>
      </trkpt>
      <trkpt lat="43.227821" lon="-4.894913">
        <ele>462.406513</ele>
        <time>2026-07-14T21:45:58.773Z</time>
      </trkpt>
      <trkpt lat="43.227661" lon="-4.894744">
        <ele>461.376196</ele>
        <time>2026-07-14T21:46:25.899Z</time>
      </trkpt>
      <trkpt lat="43.227637" lon="-4.894719">
        <ele>461.222438</ele>
        <time>2026-07-14T21:46:30.259Z</time>
      </trkpt>
      <trkpt lat="43.227623" lon="-4.894704">
        <ele>461.131801</ele>
        <time>2026-07-14T21:46:33.026Z</time>
      </trkpt>
      <trkpt lat="43.227590" lon="-4.894698">
        <ele>460.961927</ele>
        <time>2026-07-14T21:46:38.618Z</time>
      </trkpt>
      <trkpt lat="43.227562" lon="-4.894733">
        <ele>460.768656</ele>
        <time>2026-07-14T21:46:44.577Z</time>
      </trkpt>
      <trkpt lat="43.227525" lon="-4.894877">
        <ele>460.200899</ele>
        <time>2026-07-14T21:47:01.550Z</time>
      </trkpt>
      <trkpt lat="43.227476" lon="-4.894952">
        <ele>459.826335</ele>
        <time>2026-07-14T21:47:11.337Z</time>
      </trkpt>
      <trkpt lat="43.227386" lon="-4.894815">
        <ele>459.140449</ele>
        <time>2026-07-14T21:47:28.386Z</time>
      </trkpt>
      <trkpt lat="43.227354" lon="-4.894830">
        <ele>458.967886</ele>
        <time>2026-07-14T21:47:32.324Z</time>
      </trkpt>
      <trkpt lat="43.227224" lon="-4.894686">
        <ele>458.115357</ele>
        <time>2026-07-14T21:47:50.665Z</time>
      </trkpt>
      <trkpt lat="43.227354" lon="-4.894830">
        <ele>457.262828</ele>
        <time>2026-07-14T21:48:08.743Z</time>
      </trkpt>
      <trkpt lat="43.227386" lon="-4.894815">
        <ele>457.090266</ele>
        <time>2026-07-14T21:48:12.791Z</time>
      </trkpt>
      <trkpt lat="43.227476" lon="-4.894952">
        <ele>456.590271</ele>
        <time>2026-07-14T21:48:31.191Z</time>
      </trkpt>
      <trkpt lat="43.227525" lon="-4.894877">
        <ele>458.818267</ele>
        <time>2026-07-14T21:48:42.823Z</time>
      </trkpt>
      <trkpt lat="43.227562" lon="-4.894733">
        <ele>462.195422</ele>
        <time>2026-07-14T21:49:04.341Z</time>
      </trkpt>
      <trkpt lat="43.227590" lon="-4.894698">
        <ele>463.345045</ele>
        <time>2026-07-14T21:49:12.188Z</time>
      </trkpt>
      <trkpt lat="43.227623" lon="-4.894704">
        <ele>464.355499</ele>
        <time>2026-07-14T21:49:19.382Z</time>
      </trkpt>
      <trkpt lat="43.227637" lon="-4.894719">
        <ele>464.894629</ele>
        <time>2026-07-14T21:49:23.410Z</time>
      </trkpt>
      <trkpt lat="43.227661" lon="-4.894744">
        <ele>465.809216</ele>
        <time>2026-07-14T21:49:30.690Z</time>
      </trkpt>
      <trkpt lat="43.227637" lon="-4.894719">
        <ele>466.723802</ele>
        <time>2026-07-14T21:49:36.727Z</time>
      </trkpt>
      <trkpt lat="43.227661" lon="-4.894744">
        <ele>467.638389</ele>
        <time>2026-07-14T21:49:43.699Z</time>
      </trkpt>
      <trkpt lat="43.227821" lon="-4.894913">
        <ele>473.766967</ele>
        <time>2026-07-14T21:50:31.756Z</time>
      </trkpt>
      <trkpt lat="43.227839" lon="-4.895220">
        <ele>480.578976</ele>
        <time>2026-07-14T21:52:02.038Z</time>
      </trkpt>
      <trkpt lat="43.227831" lon="-4.895317">
        <ele>482.738069</ele>
        <time>2026-07-14T21:52:31.528Z</time>
      </trkpt>
      <trkpt lat="43.227780" lon="-4.895376">
        <ele>484.762770</ele>
        <time>2026-07-14T21:53:01.219Z</time>
      </trkpt>
      <trkpt lat="43.227732" lon="-4.895580">
        <ele>489.504158</ele>
        <time>2026-07-14T21:54:09.576Z</time>
      </trkpt>
      <trkpt lat="43.227756" lon="-4.895724">
        <ele>492.771334</ele>
        <time>2026-07-14T21:54:57.803Z</time>
      </trkpt>
      <trkpt lat="43.227671" lon="-4.895773">
        <ele>495.569845</ele>
        <time>2026-07-14T21:55:41.924Z</time>
      </trkpt>
      <trkpt lat="43.227635" lon="-4.895751">
        <ele>496.766048</ele>
        <time>2026-07-14T21:55:59.625Z</time>
      </trkpt>
      <trkpt lat="43.227582" lon="-4.895818">
        <ele>498.953324</ele>
        <time>2026-07-14T21:56:34.883Z</time>
      </trkpt>
      <trkpt lat="43.227553" lon="-4.895853">
        <ele>500.125566</ele>
        <time>2026-07-14T21:56:53.643Z</time>
      </trkpt>
      <trkpt lat="43.227538" lon="-4.895950">
        <ele>502.318754</ele>
        <time>2026-07-14T21:57:28.954Z</time>
      </trkpt>
      <trkpt lat="43.227561" lon="-4.896255">
        <ele>509.100642</ele>
        <time>2026-07-14T21:59:21.145Z</time>
      </trkpt>
      <trkpt lat="43.227522" lon="-4.896363">
        <ele>512.334423</ele>
        <time>2026-07-14T22:00:04.997Z</time>
      </trkpt>
      <trkpt lat="43.227334" lon="-4.896399">
        <ele>522.527536</ele>
        <time>2026-07-14T22:01:41.042Z</time>
      </trkpt>
      <trkpt lat="43.227245" lon="-4.896476">
        <ele>528.177074</ele>
        <time>2026-07-14T22:02:37.162Z</time>
      </trkpt>
      <trkpt lat="43.227233" lon="-4.896642">
        <ele>534.704050</ele>
        <time>2026-07-14T22:03:43.030Z</time>
      </trkpt>
      <trkpt lat="43.227210" lon="-4.896688">
        <ele>536.886899</ele>
        <time>2026-07-14T22:04:05.614Z</time>
      </trkpt>
      <trkpt lat="43.227096" lon="-4.896679">
        <ele>543.018649</ele>
        <time>2026-07-14T22:05:09.143Z</time>
      </trkpt>
      <trkpt lat="43.227045" lon="-4.896717">
        <ele>546.134853</ele>
        <time>2026-07-14T22:05:41.595Z</time>
      </trkpt>
      <trkpt lat="43.227057" lon="-4.896781">
        <ele>548.720572</ele>
        <time>2026-07-14T22:06:08.989Z</time>
      </trkpt>
      <trkpt lat="43.227033" lon="-4.896851">
        <ele>551.747533</ele>
        <time>2026-07-14T22:06:40.853Z</time>
      </trkpt>
      <trkpt lat="43.227045" lon="-4.896937">
        <ele>555.173614</ele>
        <time>2026-07-14T22:07:17.550Z</time>
      </trkpt>
      <trkpt lat="43.227084" lon="-4.896990">
        <ele>558.120858</ele>
        <time>2026-07-14T22:07:50.018Z</time>
      </trkpt>
      <trkpt lat="43.227166" lon="-4.897055">
        <ele>563.205839</ele>
        <time>2026-07-14T22:08:46.509Z</time>
      </trkpt>
      <trkpt lat="43.227205" lon="-4.897125">
        <ele>566.653650</ele>
        <time>2026-07-14T22:09:25.787Z</time>
      </trkpt>
      <trkpt lat="43.227264" lon="-4.897146">
        <ele>569.926677</ele>
        <time>2026-07-14T22:10:03.418Z</time>
      </trkpt>
      <trkpt lat="43.227225" lon="-4.897200">
        <ele>572.901576</ele>
        <time>2026-07-14T22:10:38.199Z</time>
      </trkpt>
      <trkpt lat="43.227221" lon="-4.897275">
        <ele>575.843956</ele>
        <time>2026-07-14T22:11:13.233Z</time>
      </trkpt>
      <trkpt lat="43.227159" lon="-4.897473">
        <ele>584.276204</ele>
        <time>2026-07-14T22:12:56.234Z</time>
      </trkpt>
      <trkpt lat="43.227182" lon="-4.897634">
        <ele>590.695597</ele>
        <time>2026-07-14T22:14:16.525Z</time>
      </trkpt>
      <trkpt lat="43.227334" lon="-4.897656">
        <ele>598.903035</ele>
        <time>2026-07-14T22:16:00.699Z</time>
      </trkpt>
      <trkpt lat="43.227385" lon="-4.897693">
        <ele>602.000758</ele>
        <time>2026-07-14T22:16:40.301Z</time>
      </trkpt>
      <trkpt lat="43.227393" lon="-4.897790">
        <ele>605.820307</ele>
        <time>2026-07-14T22:17:29.068Z</time>
      </trkpt>
      <trkpt lat="43.227370" lon="-4.897817">
        <ele>607.445554</ele>
        <time>2026-07-14T22:17:50.039Z</time>
      </trkpt>
      <trkpt lat="43.227424" lon="-4.897908">
        <ele>612.058802</ele>
        <time>2026-07-14T22:18:50.171Z</time>
      </trkpt>
      <trkpt lat="43.227452" lon="-4.898187">
        <ele>623.131339</ele>
        <time>2026-07-14T22:21:15.464Z</time>
      </trkpt>
      <trkpt lat="43.227565" lon="-4.898235">
        <ele>629.513858</ele>
        <time>2026-07-14T22:22:40.032Z</time>
      </trkpt>
      <trkpt lat="43.227651" lon="-4.898315">
        <ele>635.119649</ele>
        <time>2026-07-14T22:23:53.669Z</time>
      </trkpt>
      <trkpt lat="43.227846" lon="-4.898401">
        <ele>646.171196</ele>
        <time>2026-07-14T22:26:16.119Z</time>
      </trkpt>
      <trkpt lat="43.227917" lon="-4.898589">
        <ele>654.496249</ele>
        <time>2026-07-14T22:27:58.861Z</time>
      </trkpt>
      <trkpt lat="43.227846" lon="-4.898798">
        <ele>663.562274</ele>
        <time>2026-07-14T22:29:40.496Z</time>
      </trkpt>
      <trkpt lat="43.227854" lon="-4.898911">
        <ele>668.025799</ele>
        <time>2026-07-14T22:30:24.946Z</time>
      </trkpt>
      <trkpt lat="43.227745" lon="-4.899120">
        <ele>678.130588</ele>
        <time>2026-07-14T22:32:03.794Z</time>
      </trkpt>
      <trkpt lat="43.227710" lon="-4.899115">
        <ele>680.029290</ele>
        <time>2026-07-14T22:32:22.726Z</time>
      </trkpt>
      <trkpt lat="43.227682" lon="-4.899152">
        <ele>682.126563</ele>
        <time>2026-07-14T22:32:42.621Z</time>
      </trkpt>
      <trkpt lat="43.227741" lon="-4.899211">
        <ele>686.065472</ele>
        <time>2026-07-14T22:33:18.148Z</time>
      </trkpt>
      <trkpt lat="43.227749" lon="-4.899297">
        <ele>689.474017</ele>
        <time>2026-07-14T22:33:50.421Z</time>
      </trkpt>
      <trkpt lat="43.227784" lon="-4.899367">
        <ele>692.811720</ele>
        <time>2026-07-14T22:34:19.638Z</time>
      </trkpt>
      <trkpt lat="43.227739" lon="-4.899535">
        <ele>699.848822</ele>
        <time>2026-07-14T22:35:22.102Z</time>
      </trkpt>
      <trkpt lat="43.227694" lon="-4.899699">
        <ele>706.569991</ele>
        <time>2026-07-14T22:36:22.504Z</time>
      </trkpt>
      <trkpt lat="43.227655" lon="-4.899748">
        <ele>709.191352</ele>
        <time>2026-07-14T22:36:46.219Z</time>
      </trkpt>
      <trkpt lat="43.227663" lon="-4.899860">
        <ele>713.256594</ele>
        <time>2026-07-14T22:37:25.839Z</time>
      </trkpt>
      <trkpt lat="43.227655" lon="-4.899748">
        <ele>717.321837</ele>
        <time>2026-07-14T22:38:03.347Z</time>
      </trkpt>
      <trkpt lat="43.227694" lon="-4.899699">
        <ele>719.943197</ele>
        <time>2026-07-14T22:38:28.830Z</time>
      </trkpt>
      <trkpt lat="43.227739" lon="-4.899535">
        <ele>726.273616</ele>
        <time>2026-07-14T22:39:30.024Z</time>
      </trkpt>
      <trkpt lat="43.227694" lon="-4.899699">
        <ele>732.604035</ele>
        <time>2026-07-14T22:40:34.295Z</time>
      </trkpt>
      <trkpt lat="43.227655" lon="-4.899748">
        <ele>735.225396</ele>
        <time>2026-07-14T22:41:01.726Z</time>
      </trkpt>
      <trkpt lat="43.227663" lon="-4.899860">
        <ele>739.290638</ele>
        <time>2026-07-14T22:41:44.189Z</time>
      </trkpt>
      <trkpt lat="43.227604" lon="-4.899882">
        <ele>742.321717</ele>
        <time>2026-07-14T22:42:16.228Z</time>
      </trkpt>
      <trkpt lat="43.227604" lon="-4.900019">
        <ele>747.270661</ele>
        <time>2026-07-14T22:43:09.993Z</time>
      </trkpt>
      <trkpt lat="43.227578" lon="-4.900078">
        <ele>749.761434</ele>
        <time>2026-07-14T22:43:37.430Z</time>
      </trkpt>
      <trkpt lat="43.227609" lon="-4.900116">
        <ele>751.822095</ele>
        <time>2026-07-14T22:44:01.346Z</time>
      </trkpt>
      <trkpt lat="43.227573" lon="-4.900257">
        <ele>757.219181</ele>
        <time>2026-07-14T22:45:02.547Z</time>
      </trkpt>
      <trkpt lat="43.227585" lon="-4.900408">
        <ele>762.706206</ele>
        <time>2026-07-14T22:46:06.534Z</time>
      </trkpt>
      <trkpt lat="43.227733" lon="-4.900622">
        <ele>773.364409</ele>
        <time>2026-07-14T22:48:15.413Z</time>
      </trkpt>
      <trkpt lat="43.227756" lon="-4.900890">
        <ele>783.112454</ele>
        <time>2026-07-14T22:50:24.962Z</time>
      </trkpt>
      <trkpt lat="43.227815" lon="-4.901008">
        <ele>788.282121</ele>
        <time>2026-07-14T22:51:36.299Z</time>
      </trkpt>
      <trkpt lat="43.227917" lon="-4.901089">
        <ele>794.110100</ele>
        <time>2026-07-14T22:52:56.578Z</time>
      </trkpt>
      <trkpt lat="43.227987" lon="-4.901201">
        <ele>799.176868</ele>
        <time>2026-07-14T22:54:10.101Z</time>
      </trkpt>
      <trkpt lat="43.228069" lon="-4.901513">
        <ele>810.565750</ele>
        <time>2026-07-14T22:56:51.968Z</time>
      </trkpt>
      <trkpt lat="43.228069" lon="-4.901684">
        <ele>816.437432</ele>
        <time>2026-07-14T22:58:14.467Z</time>
      </trkpt>
      <trkpt lat="43.228007" lon="-4.902065">
        <ele>829.842259</ele>
        <time>2026-07-14T23:01:07.463Z</time>
      </trkpt>
      <trkpt lat="43.227964" lon="-4.902199">
        <ele>834.869925</ele>
        <time>2026-07-14T23:02:07.668Z</time>
      </trkpt>
      <trkpt lat="43.227897" lon="-4.902741">
        <ele>853.746732</ele>
        <time>2026-07-14T23:05:31.920Z</time>
      </trkpt>
      <trkpt lat="43.227815" lon="-4.902875">
        <ele>859.755397</ele>
        <time>2026-07-14T23:06:31.035Z</time>
      </trkpt>
      <trkpt lat="43.227826" lon="-4.902959">
        <ele>862.685957</ele>
        <time>2026-07-14T23:06:59.268Z</time>
      </trkpt>
      <trkpt lat="43.227839" lon="-4.903058">
        <ele>866.140127</ele>
        <time>2026-07-14T23:07:30.691Z</time>
      </trkpt>
      <trkpt lat="43.227911" lon="-4.903130">
        <ele>870.338344</ele>
        <time>2026-07-14T23:08:09.331Z</time>
      </trkpt>
      <trkpt lat="43.227913" lon="-4.903170">
        <ele>871.715070</ele>
        <time>2026-07-14T23:08:21.871Z</time>
      </trkpt>
      <trkpt lat="43.227911" lon="-4.903130">
        <ele>873.091797</ele>
        <time>2026-07-14T23:08:33.250Z</time>
      </trkpt>
      <trkpt lat="43.227839" lon="-4.903058">
        <ele>877.290013</ele>
        <time>2026-07-14T23:09:10.382Z</time>
      </trkpt>
      <trkpt lat="43.227826" lon="-4.902959">
        <ele>880.257125</ele>
        <time>2026-07-14T23:09:38.902Z</time>
      </trkpt>
      <trkpt lat="43.227839" lon="-4.903058">
        <ele>882.928210</ele>
        <time>2026-07-14T23:10:08.487Z</time>
      </trkpt>
      <trkpt lat="43.227911" lon="-4.903130">
        <ele>886.174660</ele>
        <time>2026-07-14T23:10:42.807Z</time>
      </trkpt>
      <trkpt lat="43.227913" lon="-4.903170">
        <ele>887.239273</ele>
        <time>2026-07-14T23:10:54.578Z</time>
      </trkpt>
      <trkpt lat="43.227827" lon="-4.903240">
        <ele>890.883003</ele>
        <time>2026-07-14T23:11:33.170Z</time>
      </trkpt>
      <trkpt lat="43.227805" lon="-4.903318">
        <ele>893.103887</ele>
        <time>2026-07-14T23:11:56.802Z</time>
      </trkpt>
      <trkpt lat="43.227936" lon="-4.903476">
        <ele>899.459284</ele>
        <time>2026-07-14T23:13:04.288Z</time>
      </trkpt>
      <trkpt lat="43.227995" lon="-4.903701">
        <ele>905.808785</ele>
        <time>2026-07-14T23:14:11.457Z</time>
      </trkpt>
      <trkpt lat="43.227975" lon="-4.903782">
        <ele>908.079701</ele>
        <time>2026-07-14T23:14:34.368Z</time>
      </trkpt>
      <trkpt lat="43.228087" lon="-4.904069">
        <ele>916.724529</ele>
        <time>2026-07-14T23:16:07.590Z</time>
      </trkpt>
      <trkpt lat="43.228120" lon="-4.904244">
        <ele>921.524360</ele>
        <time>2026-07-14T23:17:02.660Z</time>
      </trkpt>
      <trkpt lat="43.228164" lon="-4.904288">
        <ele>923.508299</ele>
        <time>2026-07-14T23:17:26.806Z</time>
      </trkpt>
      <trkpt lat="43.228186" lon="-4.904501">
        <ele>929.220577</ele>
        <time>2026-07-14T23:18:38.178Z</time>
      </trkpt>
      <trkpt lat="43.228273" lon="-4.904603">
        <ele>933.390356</ele>
        <time>2026-07-14T23:19:32.415Z</time>
      </trkpt>
      <trkpt lat="43.228331" lon="-4.904726">
        <ele>937.280610</ele>
        <time>2026-07-14T23:20:25.445Z</time>
      </trkpt>
      <trkpt lat="43.228371" lon="-4.904859">
        <ele>941.101128</ele>
        <time>2026-07-14T23:21:19.993Z</time>
      </trkpt>
      <trkpt lat="43.228368" lon="-4.904919">
        <ele>942.698035</ele>
        <time>2026-07-14T23:21:43.683Z</time>
      </trkpt>
      <trkpt lat="43.228480" lon="-4.905128">
        <ele>952.891633</ele>
        <time>2026-07-14T23:23:30.421Z</time>
      </trkpt>
      <trkpt lat="43.228507" lon="-4.905230">
        <ele>957.522120</ele>
        <time>2026-07-14T23:24:17.161Z</time>
      </trkpt>
      <trkpt lat="43.228495" lon="-4.905295">
        <ele>960.383208</ele>
        <time>2026-07-14T23:24:47.269Z</time>
      </trkpt>
      <trkpt lat="43.228566" lon="-4.905439">
        <ele>967.802020</ele>
        <time>2026-07-14T23:26:07.770Z</time>
      </trkpt>
      <trkpt lat="43.228632" lon="-4.905488">
        <ele>972.196235</ele>
        <time>2026-07-14T23:26:58.351Z</time>
      </trkpt>
      <trkpt lat="43.228612" lon="-4.905560">
        <ele>975.484036</ele>
        <time>2026-07-14T23:27:35.516Z</time>
      </trkpt>
      <trkpt lat="43.228904" lon="-4.905750">
        <ele>994.407991</ele>
        <time>2026-07-14T23:31:21.472Z</time>
      </trkpt>
      <trkpt lat="43.229088" lon="-4.905934">
        <ele>1007.739847</ele>
        <time>2026-07-14T23:34:03.909Z</time>
      </trkpt>
      <trkpt lat="43.229264" lon="-4.906023">
        <ele>1018.723729</ele>
        <time>2026-07-14T23:36:16.508Z</time>
      </trkpt>
      <trkpt lat="43.229433" lon="-4.905992">
        <ele>1028.708361</ele>
        <time>2026-07-14T23:38:15.114Z</time>
      </trkpt>
      <trkpt lat="43.229510" lon="-4.905881">
        <ele>1035.247702</ele>
        <time>2026-07-14T23:39:31.690Z</time>
      </trkpt>
      <trkpt lat="43.229591" lon="-4.905841">
        <ele>1040.288761</ele>
        <time>2026-07-14T23:40:29.099Z</time>
      </trkpt>
      <trkpt lat="43.229624" lon="-4.905775">
        <ele>1043.704123</ele>
        <time>2026-07-14T23:41:08.004Z</time>
      </trkpt>
      <trkpt lat="43.229725" lon="-4.905798">
        <ele>1049.652434</ele>
        <time>2026-07-14T23:42:13.740Z</time>
      </trkpt>
      <trkpt lat="43.229716" lon="-4.905833">
        <ele>1050.910660</ele>
        <time>2026-07-14T23:42:30.826Z</time>
      </trkpt>
      <trkpt lat="43.229763" lon="-4.905840">
        <ele>1053.110259</ele>
        <time>2026-07-14T23:42:59.688Z</time>
      </trkpt>
      <trkpt lat="43.229833" lon="-4.905927">
        <ele>1057.504078</ele>
        <time>2026-07-14T23:43:57.548Z</time>
      </trkpt>
      <trkpt lat="43.229873" lon="-4.906155">
        <ele>1065.454182</ele>
        <time>2026-07-14T23:45:37.691Z</time>
      </trkpt>
      <trkpt lat="43.229768" lon="-4.906471">
        <ele>1077.227966</ele>
        <time>2026-07-14T23:47:54.436Z</time>
      </trkpt>
      <trkpt lat="43.229664" lon="-4.906664">
        <ele>1085.365597</ele>
        <time>2026-07-14T23:49:23.281Z</time>
      </trkpt>
      <trkpt lat="43.229600" lon="-4.907116">
        <ele>1100.975106</ele>
        <time>2026-07-14T23:52:00.116Z</time>
      </trkpt>
      <trkpt lat="43.229617" lon="-4.907278">
        <ele>1106.523595</ele>
        <time>2026-07-14T23:52:55.037Z</time>
      </trkpt>
      <trkpt lat="43.229785" lon="-4.907578">
        <ele>1119.350412</ele>
        <time>2026-07-14T23:55:06.559Z</time>
      </trkpt>
      <trkpt lat="43.229852" lon="-4.907866">
        <ele>1129.599205</ele>
        <time>2026-07-14T23:56:57.772Z</time>
      </trkpt>
      <trkpt lat="43.229848" lon="-4.908087">
        <ele>1137.113893</ele>
        <time>2026-07-14T23:58:23.074Z</time>
      </trkpt>
      <trkpt lat="43.229921" lon="-4.908309">
        <ele>1145.413550</ele>
        <time>2026-07-15T00:00:01.956Z</time>
      </trkpt>
      <trkpt lat="43.230069" lon="-4.908291">
        <ele>1152.362448</ele>
        <time>2026-07-15T00:01:28.375Z</time>
      </trkpt>
      <trkpt lat="43.230124" lon="-4.908331">
        <ele>1155.273551</ele>
        <time>2026-07-15T00:02:05.164Z</time>
      </trkpt>
      <trkpt lat="43.230236" lon="-4.908500">
        <ele>1163.058287</ele>
        <time>2026-07-15T00:03:42.761Z</time>
      </trkpt>
      <trkpt lat="43.230266" lon="-4.908646">
        <ele>1168.227448</ele>
        <time>2026-07-15T00:04:46.661Z</time>
      </trkpt>
      <trkpt lat="43.230348" lon="-4.908773">
        <ele>1174.009843</ele>
        <time>2026-07-15T00:05:59.196Z</time>
      </trkpt>
      <trkpt lat="43.230432" lon="-4.908811">
        <ele>1178.146318</ele>
        <time>2026-07-15T00:06:49.814Z</time>
      </trkpt>
      <trkpt lat="43.230501" lon="-4.909017">
        <ele>1185.872193</ele>
        <time>2026-07-15T00:08:24.190Z</time>
      </trkpt>
      <trkpt lat="43.230484" lon="-4.909288">
        <ele>1195.140927</ele>
        <time>2026-07-15T00:10:15.605Z</time>
      </trkpt>
      <trkpt lat="43.230483" lon="-4.909302">
        <ele>1195.620276</ele>
        <time>2026-07-15T00:10:21.148Z</time>
      </trkpt>
      <trkpt lat="43.230484" lon="-4.909288">
        <ele>1196.099626</ele>
        <time>2026-07-15T00:10:26.109Z</time>
      </trkpt>
      <trkpt lat="43.230483" lon="-4.909302">
        <ele>1196.578976</ele>
        <time>2026-07-15T00:10:31.673Z</time>
      </trkpt>
      <trkpt lat="43.230474" lon="-4.909437">
        <ele>1201.198441</ele>
        <time>2026-07-15T00:11:25.497Z</time>
      </trkpt>
      <trkpt lat="43.230502" lon="-4.909442">
        <ele>1202.519003</ele>
        <time>2026-07-15T00:11:40.333Z</time>
      </trkpt>
      <trkpt lat="43.230632" lon="-4.909464">
        <ele>1208.644983</ele>
        <time>2026-07-15T00:12:48.531Z</time>
      </trkpt>
      <trkpt lat="43.230502" lon="-4.909442">
        <ele>1214.770963</ele>
        <time>2026-07-15T00:13:53.351Z</time>
      </trkpt>
      <trkpt lat="43.230632" lon="-4.909464">
        <ele>1220.475896</ele>
        <time>2026-07-15T00:14:56.988Z</time>
      </trkpt>
      <trkpt lat="43.230721" lon="-4.910334">
        <ele>1246.931785</ele>
        <time>2026-07-15T00:19:44.618Z</time>
      </trkpt>
      <trkpt lat="43.230818" lon="-4.910491">
        <ele>1253.130598</ele>
        <time>2026-07-15T00:20:50.414Z</time>
      </trkpt>
      <trkpt lat="43.230844" lon="-4.910579">
        <ele>1255.990188</ele>
        <time>2026-07-15T00:21:21.759Z</time>
      </trkpt>
      <trkpt lat="43.230834" lon="-4.910647">
        <ele>1258.079208</ele>
        <time>2026-07-15T00:21:44.119Z</time>
      </trkpt>
      <trkpt lat="43.230942" lon="-4.910738">
        <ele>1263.316983</ele>
        <time>2026-07-15T00:22:46.102Z</time>
      </trkpt>
      <trkpt lat="43.231032" lon="-4.910912">
        <ele>1269.742848</ele>
        <time>2026-07-15T00:24:04.775Z</time>
      </trkpt>
      <trkpt lat="43.231020" lon="-4.910981">
        <ele>1271.879054</ele>
        <time>2026-07-15T00:24:31.852Z</time>
      </trkpt>
      <trkpt lat="43.231063" lon="-4.911099">
        <ele>1275.852106</ele>
        <time>2026-07-15T00:25:22.431Z</time>
      </trkpt>
      <trkpt lat="43.231043" lon="-4.911368">
        <ele>1283.994707</ele>
        <time>2026-07-15T00:27:08.827Z</time>
      </trkpt>
      <trkpt lat="43.231129" lon="-4.911448">
        <ele>1288.288628</ele>
        <time>2026-07-15T00:28:06.722Z</time>
      </trkpt>
      <trkpt lat="43.231157" lon="-4.911534">
        <ele>1291.125194</ele>
        <time>2026-07-15T00:28:45.388Z</time>
      </trkpt>
      <trkpt lat="43.231368" lon="-4.911693">
        <ele>1301.560313</ele>
        <time>2026-07-15T00:30:59.233Z</time>
      </trkpt>
      <trkpt lat="43.231689" lon="-4.911793">
        <ele>1315.864504</ele>
        <time>2026-07-15T00:33:40.717Z</time>
      </trkpt>
      <trkpt lat="43.231871" lon="-4.911752">
        <ele>1323.879324</ele>
        <time>2026-07-15T00:35:17.603Z</time>
      </trkpt>
      <trkpt lat="43.232082" lon="-4.911636">
        <ele>1333.756750</ele>
        <time>2026-07-15T00:37:18.209Z</time>
      </trkpt>
      <trkpt lat="43.232102" lon="-4.911625">
        <ele>1334.693054</ele>
        <time>2026-07-15T00:37:29.103Z</time>
      </trkpt>
      <trkpt lat="43.232281" lon="-4.911439">
        <ele>1344.449462</ele>
        <time>2026-07-15T00:39:32.840Z</time>
      </trkpt>
      <trkpt lat="43.232102" lon="-4.911625">
        <ele>1354.205871</ele>
        <time>2026-07-15T00:41:28.983Z</time>
      </trkpt>
      <trkpt lat="43.232082" lon="-4.911636">
        <ele>1355.142175</ele>
        <time>2026-07-15T00:41:39.432Z</time>
      </trkpt>
      <trkpt lat="43.232102" lon="-4.911625">
        <ele>1356.078480</ele>
        <time>2026-07-15T00:41:51.532Z</time>
      </trkpt>
      <trkpt lat="43.232281" lon="-4.911439">
        <ele>1365.834888</ele>
        <time>2026-07-15T00:43:43.899Z</time>
      </trkpt>
      <trkpt lat="43.232346" lon="-4.911372">
        <ele>1369.367386</ele>
        <time>2026-07-15T00:44:21.646Z</time>
      </trkpt>
      <trkpt lat="43.232540" lon="-4.911294">
        <ele>1375.329487</ele>
        <time>2026-07-15T00:45:55.155Z</time>
      </trkpt>
      <trkpt lat="43.232680" lon="-4.911302">
        <ele>1379.366417</ele>
        <time>2026-07-15T00:46:54.279Z</time>
      </trkpt>
      <trkpt lat="43.232965" lon="-4.911211">
        <ele>1387.796594</ele>
        <time>2026-07-15T00:48:43.886Z</time>
      </trkpt>
      <trkpt lat="43.233119" lon="-4.911340">
        <ele>1392.994380</ele>
        <time>2026-07-15T00:49:57.704Z</time>
      </trkpt>
      <trkpt lat="43.233123" lon="-4.911484">
        <ele>1396.019190</ele>
        <time>2026-07-15T00:50:41.724Z</time>
      </trkpt>
      <trkpt lat="43.233182" lon="-4.911576">
        <ele>1398.591841</ele>
        <time>2026-07-15T00:51:17.851Z</time>
      </trkpt>
      <trkpt lat="43.233221" lon="-4.911745">
        <ele>1402.312902</ele>
        <time>2026-07-15T00:52:07.911Z</time>
      </trkpt>
      <trkpt lat="43.233198" lon="-4.911847">
        <ele>1404.554114</ele>
        <time>2026-07-15T00:52:35.722Z</time>
      </trkpt>
      <trkpt lat="43.233244" lon="-4.911921">
        <ele>1406.595936</ele>
        <time>2026-07-15T00:53:01.931Z</time>
      </trkpt>
      <trkpt lat="43.233194" lon="-4.912029">
        <ele>1409.281857</ele>
        <time>2026-07-15T00:53:33.079Z</time>
      </trkpt>
      <trkpt lat="43.233281" lon="-4.912175">
        <ele>1413.240923</ele>
        <time>2026-07-15T00:54:17.418Z</time>
      </trkpt>
      <trkpt lat="43.233397" lon="-4.912249">
        <ele>1416.926242</ele>
        <time>2026-07-15T00:54:56.874Z</time>
      </trkpt>
      <trkpt lat="43.233377" lon="-4.912408">
        <ele>1420.313072</ele>
        <time>2026-07-15T00:55:32.211Z</time>
      </trkpt>
      <trkpt lat="43.233390" lon="-4.912520">
        <ele>1422.225929</ele>
        <time>2026-07-15T00:55:54.367Z</time>
      </trkpt>
      <trkpt lat="43.233437" lon="-4.912575">
        <ele>1423.246896</ele>
        <time>2026-07-15T00:56:11.773Z</time>
      </trkpt>
      <trkpt lat="43.233390" lon="-4.912520">
        <ele>1424.267863</ele>
        <time>2026-07-15T00:56:26.707Z</time>
      </trkpt>
      <trkpt lat="43.233437" lon="-4.912575">
        <ele>1425.288830</ele>
        <time>2026-07-15T00:56:42.853Z</time>
      </trkpt>
      <trkpt lat="43.233542" lon="-4.912697">
        <ele>1427.562910</ele>
        <time>2026-07-15T00:57:16.411Z</time>
      </trkpt>
      <trkpt lat="43.233624" lon="-4.912728">
        <ele>1428.968872</ele>
        <time>2026-07-15T00:57:36.888Z</time>
      </trkpt>
      <trkpt lat="43.233652" lon="-4.912789">
        <ele>1429.837168</ele>
        <time>2026-07-15T00:57:49.537Z</time>
      </trkpt>
      <trkpt lat="43.233635" lon="-4.912841">
        <ele>1430.523586</ele>
        <time>2026-07-15T00:58:00.028Z</time>
      </trkpt>
      <trkpt lat="43.233678" lon="-4.912879">
        <ele>1431.368976</ele>
        <time>2026-07-15T00:58:11.705Z</time>
      </trkpt>
      <trkpt lat="43.233732" lon="-4.912853">
        <ele>1432.314941</ele>
        <time>2026-07-15T00:58:25.230Z</time>
      </trkpt>
      <trkpt lat="43.233820" lon="-4.912881">
        <ele>1433.808183</ele>
        <time>2026-07-15T00:58:47.095Z</time>
      </trkpt>
      <trkpt lat="43.233980" lon="-4.912533">
        <ele>1438.764040</ele>
        <time>2026-07-15T01:00:00.689Z</time>
      </trkpt>
      <trkpt lat="43.234201" lon="-4.912229">
        <ele>1443.936086</ele>
        <time>2026-07-15T01:00:54.187Z</time>
      </trkpt>
      <trkpt lat="43.234354" lon="-4.912256">
        <ele>1446.486041</ele>
        <time>2026-07-15T01:01:21.823Z</time>
      </trkpt>
      <trkpt lat="43.234387" lon="-4.912192">
        <ele>1447.430317</ele>
        <time>2026-07-15T01:01:32.099Z</time>
      </trkpt>
      <trkpt lat="43.234527" lon="-4.912245">
        <ele>1449.830972</ele>
        <time>2026-07-15T01:01:57.650Z</time>
      </trkpt>
      <trkpt lat="43.234523" lon="-4.912421">
        <ele>1451.975272</ele>
        <time>2026-07-15T01:02:20.171Z</time>
      </trkpt>
      <trkpt lat="43.234474" lon="-4.912599">
        <ele>1454.353891</ele>
        <time>2026-07-15T01:02:44.906Z</time>
      </trkpt>
      <trkpt lat="43.234430" lon="-4.912980">
        <ele>1459.176034</ele>
        <time>2026-07-15T01:03:33.698Z</time>
      </trkpt>
      <trkpt lat="43.234210" lon="-4.913404">
        <ele>1465.683017</ele>
        <time>2026-07-15T01:04:41.213Z</time>
      </trkpt>
      <trkpt lat="43.234276" lon="-4.913492">
        <ele>1467.261773</ele>
        <time>2026-07-15T01:04:57.856Z</time>
      </trkpt>
      <trkpt lat="43.234356" lon="-4.913801">
        <ele>1471.361067</ele>
        <time>2026-07-15T01:05:40.805Z</time>
      </trkpt>
      <trkpt lat="43.234308" lon="-4.913891">
        <ele>1472.755343</ele>
        <time>2026-07-15T01:05:55.382Z</time>
      </trkpt>
      <trkpt lat="43.234216" lon="-4.914064">
        <ele>1475.432753</ele>
        <time>2026-07-15T01:06:23.507Z</time>
      </trkpt>
      <trkpt lat="43.234308" lon="-4.913891">
        <ele>1478.110163</ele>
        <time>2026-07-15T01:06:51.584Z</time>
      </trkpt>
      <trkpt lat="43.234216" lon="-4.914064">
        <ele>1480.787573</ele>
        <time>2026-07-15T01:07:19.770Z</time>
      </trkpt>
      <trkpt lat="43.234119" lon="-4.914245">
        <ele>1483.639074</ele>
        <time>2026-07-15T01:07:49.587Z</time>
      </trkpt>
      <trkpt lat="43.234113" lon="-4.914424">
        <ele>1485.947041</ele>
        <time>2026-07-15T01:08:13.453Z</time>
      </trkpt>
      <trkpt lat="43.234067" lon="-4.914501">
        <ele>1487.229588</ele>
        <time>2026-07-15T01:08:27.307Z</time>
      </trkpt>
      <trkpt lat="43.234055" lon="-4.914640">
        <ele>1489.032442</ele>
        <time>2026-07-15T01:08:46.851Z</time>
      </trkpt>
      <trkpt lat="43.234142" lon="-4.914770">
        <ele>1491.306038</ele>
        <time>2026-07-15T01:09:11.538Z</time>
      </trkpt>
      <trkpt lat="43.234237" lon="-4.915029">
        <ele>1495.040884</ele>
        <time>2026-07-15T01:09:51.422Z</time>
      </trkpt>
      <trkpt lat="43.234144" lon="-4.915196">
        <ele>1497.748244</ele>
        <time>2026-07-15T01:10:20.396Z</time>
      </trkpt>
      <trkpt lat="43.234100" lon="-4.915362">
        <ele>1500.023434</ele>
        <time>2026-07-15T01:10:45.498Z</time>
      </trkpt>
      <trkpt lat="43.234003" lon="-4.915450">
        <ele>1502.079005</ele>
        <time>2026-07-15T01:11:07.680Z</time>
      </trkpt>
      <trkpt lat="43.234016" lon="-4.915503">
        <ele>1502.799298</ele>
        <time>2026-07-15T01:11:15.659Z</time>
      </trkpt>
      <trkpt lat="43.233970" lon="-4.915676">
        <ele>1505.171310</ele>
        <time>2026-07-15T01:11:40.735Z</time>
      </trkpt>
      <trkpt lat="43.233852" lon="-4.915842">
        <ele>1508.158488</ele>
        <time>2026-07-15T01:12:11.773Z</time>
      </trkpt>
      <trkpt lat="43.233884" lon="-4.915923">
        <ele>1509.345286</ele>
        <time>2026-07-15T01:12:29.702Z</time>
      </trkpt>
      <trkpt lat="43.233817" lon="-4.916026">
        <ele>1511.123764</ele>
        <time>2026-07-15T01:12:56.776Z</time>
      </trkpt>
      <trkpt lat="43.233834" lon="-4.916112">
        <ele>1512.271501</ele>
        <time>2026-07-15T01:13:13.889Z</time>
      </trkpt>
      <trkpt lat="43.233710" lon="-4.916223">
        <ele>1514.565630</ele>
        <time>2026-07-15T01:13:51.822Z</time>
      </trkpt>
      <trkpt lat="43.233696" lon="-4.916308">
        <ele>1515.285883</ele>
        <time>2026-07-15T01:14:07.655Z</time>
      </trkpt>
      <trkpt lat="43.233739" lon="-4.916430">
        <ele>1516.406009</ele>
        <time>2026-07-15T01:14:31.804Z</time>
      </trkpt>
      <trkpt lat="43.233735" lon="-4.916489">
        <ele>1516.895750</ele>
        <time>2026-07-15T01:14:42.249Z</time>
      </trkpt>
      <trkpt lat="43.233844" lon="-4.916773">
        <ele>1519.548787</ele>
        <time>2026-07-15T01:15:36.512Z</time>
      </trkpt>
      <trkpt lat="43.233979" lon="-4.916902">
        <ele>1521.414836</ele>
        <time>2026-07-15T01:16:11.874Z</time>
      </trkpt>
      <trkpt lat="43.234003" lon="-4.917029">
        <ele>1522.499222</ele>
        <time>2026-07-15T01:16:31.324Z</time>
      </trkpt>
      <trkpt lat="43.233982" lon="-4.917216">
        <ele>1524.063023</ele>
        <time>2026-07-15T01:16:58.075Z</time>
      </trkpt>
      <trkpt lat="43.233866" lon="-4.917519">
        <ele>1526.892003</ele>
        <time>2026-07-15T01:17:45.292Z</time>
      </trkpt>
      <trkpt lat="43.233844" lon="-4.917667">
        <ele>1528.140421</ele>
        <time>2026-07-15T01:18:06.030Z</time>
      </trkpt>
      <trkpt lat="43.233741" lon="-4.917832">
        <ele>1529.936257</ele>
        <time>2026-07-15T01:18:36.248Z</time>
      </trkpt>
      <trkpt lat="43.233727" lon="-4.918054">
        <ele>1531.777949</ele>
        <time>2026-07-15T01:19:07.688Z</time>
      </trkpt>
      <trkpt lat="43.233781" lon="-4.918088">
        <ele>1532.451914</ele>
        <time>2026-07-15T01:19:19.276Z</time>
      </trkpt>
      <trkpt lat="43.233884" lon="-4.918570">
        <ele>1536.785644</ele>
        <time>2026-07-15T01:20:32.701Z</time>
      </trkpt>
      <trkpt lat="43.233972" lon="-4.918713">
        <ele>1538.460132</ele>
        <time>2026-07-15T01:21:03.131Z</time>
      </trkpt>
      <trkpt lat="43.234043" lon="-4.918802">
        <ele>1539.640749</ele>
        <time>2026-07-15T01:21:26.015Z</time>
      </trkpt>
      <trkpt lat="43.234315" lon="-4.918801">
        <ele>1542.980503</ele>
        <time>2026-07-15T01:22:31.823Z</time>
      </trkpt>
      <trkpt lat="43.234499" lon="-4.918958">
        <ele>1545.640699</ele>
        <time>2026-07-15T01:23:20.960Z</time>
      </trkpt>
      <trkpt lat="43.234585" lon="-4.919080">
        <ele>1547.159279</ele>
        <time>2026-07-15T01:23:47.933Z</time>
      </trkpt>
      <trkpt lat="43.234726" lon="-4.919365">
        <ele>1550.241015</ele>
        <time>2026-07-15T01:24:41.725Z</time>
      </trkpt>
      <trkpt lat="43.234753" lon="-4.919439">
        <ele>1550.981357</ele>
        <time>2026-07-15T01:24:55.209Z</time>
      </trkpt>
      <trkpt lat="43.234776" lon="-4.919675">
        <ele>1553.111303</ele>
        <time>2026-07-15T01:25:33.843Z</time>
      </trkpt>
      <trkpt lat="43.234940" lon="-4.919732">
        <ele>1555.188525</ele>
        <time>2026-07-15T01:26:11.773Z</time>
      </trkpt>
      <trkpt lat="43.234887" lon="-4.919802">
        <ele>1556.091627</ele>
        <time>2026-07-15T01:26:27.068Z</time>
      </trkpt>
      <trkpt lat="43.234940" lon="-4.919732">
        <ele>1557.011948</ele>
        <time>2026-07-15T01:26:41.819Z</time>
      </trkpt>
      <trkpt lat="43.235436" lon="-4.919532">
        <ele>1563.570064</ele>
        <time>2026-07-15T01:28:37.881Z</time>
      </trkpt>
      <trkpt lat="43.235523" lon="-4.919547">
        <ele>1564.682413</ele>
        <time>2026-07-15T01:28:57.046Z</time>
      </trkpt>
      <trkpt lat="43.235820" lon="-4.919643">
        <ele>1568.553194</ele>
        <time>2026-07-15T01:29:59.126Z</time>
      </trkpt>
      <trkpt lat="43.236070" lon="-4.919826">
        <ele>1572.147478</ele>
        <time>2026-07-15T01:30:56.970Z</time>
      </trkpt>
      <trkpt lat="43.236338" lon="-4.919791">
        <ele>1575.562662</ele>
        <time>2026-07-15T01:31:58.449Z</time>
      </trkpt>
      <trkpt lat="43.236514" lon="-4.919967">
        <ele>1578.325076</ele>
        <time>2026-07-15T01:32:52.620Z</time>
      </trkpt>
      <trkpt lat="43.236864" lon="-4.920005">
        <ele>1582.571971</ele>
        <time>2026-07-15T01:34:20.507Z</time>
      </trkpt>
      <trkpt lat="43.237484" lon="-4.920176">
        <ele>1590.117917</ele>
        <time>2026-07-15T01:36:52.912Z</time>
      </trkpt>
      <trkpt lat="43.237903" lon="-4.920673">
        <ele>1596.725683</ele>
        <time>2026-07-15T01:38:37.475Z</time>
      </trkpt>
      <trkpt lat="43.237963" lon="-4.920698">
        <ele>1597.473884</ele>
        <time>2026-07-15T01:38:48.733Z</time>
      </trkpt>
      <trkpt lat="43.238008" lon="-4.920716">
        <ele>1598.033176</ele>
        <time>2026-07-15T01:38:56.899Z</time>
      </trkpt>
      <trkpt lat="43.238152" lon="-4.920691">
        <ele>1599.765128</ele>
        <time>2026-07-15T01:39:21.911Z</time>
      </trkpt>
      <trkpt lat="43.238414" lon="-4.920417">
        <ele>1602.028935</ele>
        <time>2026-07-15T01:40:16.431Z</time>
      </trkpt>
      <trkpt lat="43.238747" lon="-4.920373">
        <ele>1603.758086</ele>
        <time>2026-07-15T01:41:09.902Z</time>
      </trkpt>
      <trkpt lat="43.238906" lon="-4.920236">
        <ele>1604.728410</ele>
        <time>2026-07-15T01:41:39.586Z</time>
      </trkpt>
      <trkpt lat="43.239134" lon="-4.920482">
        <ele>1606.227356</ele>
        <time>2026-07-15T01:42:25.405Z</time>
      </trkpt>
      <trkpt lat="43.239871" lon="-4.921086">
        <ele>1610.275378</ele>
        <time>2026-07-15T01:44:37.106Z</time>
      </trkpt>
      <trkpt lat="43.240054" lon="-4.921300">
        <ele>1610.728670</ele>
        <time>2026-07-15T01:45:13.756Z</time>
      </trkpt>
      <trkpt lat="43.240435" lon="-4.921447">
        <ele>1611.474906</ele>
        <time>2026-07-15T01:46:12.920Z</time>
      </trkpt>
      <trkpt lat="43.241049" lon="-4.922098">
        <ele>1612.937767</ele>
        <time>2026-07-15T01:47:53.816Z</time>
      </trkpt>
      <trkpt lat="43.241281" lon="-4.922292">
        <ele>1613.443640</ele>
        <time>2026-07-15T01:48:27.960Z</time>
      </trkpt>
      <trkpt lat="43.241312" lon="-4.922355">
        <ele>1613.443640</ele>
        <time>2026-07-15T01:48:34.918Z</time>
      </trkpt>
      <trkpt lat="43.241567" lon="-4.922511">
        <ele>1613.443640</ele>
        <time>2026-07-15T01:49:09.964Z</time>
      </trkpt>
      <trkpt lat="43.241631" lon="-4.922595">
        <ele>1613.443640</ele>
        <time>2026-07-15T01:49:21.146Z</time>
      </trkpt>
      <trkpt lat="43.241747" lon="-4.922635">
        <ele>1613.443640</ele>
        <time>2026-07-15T01:49:36.269Z</time>
      </trkpt>
      <trkpt lat="43.241874" lon="-4.922621">
        <ele>1613.443640</ele>
        <time>2026-07-15T01:49:52.512Z</time>
      </trkpt>
      <trkpt lat="43.242520" lon="-4.922898">
        <ele>1613.443640</ele>
        <time>2026-07-15T01:51:23.426Z</time>
      </trkpt>
      <trkpt lat="43.242636" lon="-4.922905">
        <ele>1613.443640</ele>
        <time>2026-07-15T01:51:36.154Z</time>
      </trkpt>
      <trkpt lat="43.242925" lon="-4.922923">
        <ele>1613.443640</ele>
        <time>2026-07-15T01:52:08.159Z</time>
      </trkpt>
      <trkpt lat="43.242944" lon="-4.922898">
        <ele>1613.443640</ele>
        <time>2026-07-15T01:52:10.915Z</time>
      </trkpt>
      <trkpt lat="43.243022" lon="-4.923001">
        <ele>1613.443640</ele>
        <time>2026-07-15T01:52:23.151Z</time>
      </trkpt>
    </trkseg>
  </trk>
</gpx>